date,W.ENER,diff_log_energy,W.BCNE,diff_log_non_energy
1972-01-19,100.0,0.0,100.0,0.0
1972-01-26,100.0,0.0,100.0,0.0
1972-02-02,99.91,-0.0009004052431649257,100.21,0.0020977980821452746
1972-02-09,99.78,-0.001302018312035358,100.53,0.0031882063470920485
1972-02-16,99.78,0.0,100.53,0.0
1972-02-23,99.78,0.0,100.53,0.0
1972-03-01,99.84,0.0006011421882261558,100.7,0.001689609307187645
1972-03-08,100.05,0.002101156408624405,101.35,0.006434073173492649
1972-03-15,100.05,0.0,101.35,0.0
1972-03-22,100.05,0.0,101.35,0.0
1972-03-29,100.05,0.0,101.35,0.0
1972-04-05,99.92,-0.0013001952124200855,101.41,0.0005918327258953582
1972-04-12,99.84,-0.0008009611962043195,101.45,0.00039436064791864567
1972-04-19,99.84,0.0,101.45,0.0
1972-04-26,99.84,0.0,101.45,0.0
1972-05-03,99.94,0.0010011012949409093,101.96,0.005014513236091034
1972-05-10,100.0,0.0006001800720332184,102.3,0.003329093449666587
1972-05-17,100.0,0.0,102.3,0.0
1972-05-24,100.0,0.0,102.3,0.0
1972-05-31,100.0,0.0,102.3,0.0
1972-06-07,100.16,0.0015987213636963205,102.53,0.0022457657244192575
1972-06-14,100.16,0.0,102.53,0.0
1972-06-21,100.16,0.0,102.53,0.0
1972-06-28,100.16,0.0,102.53,0.0
1972-07-05,100.26,0.0009979044835688455,103.69,0.011250239888186186
1972-07-12,100.32,0.0005982650492537545,104.46,0.007398544437966059
1972-07-19,100.32,0.0,104.46,0.0
1972-07-26,100.32,0.0,104.46,0.0
1972-08-02,100.68,0.003582093382504148,104.92,0.0043939319905206276
1972-08-09,101.21,0.005250395933694918,105.61,0.0065549087597096545
1972-08-16,101.21,0.0,105.61,0.0
1972-08-23,101.21,0.0,105.61,0.0
1972-08-30,101.21,0.0,105.61,0.0
1972-09-06,101.21,0.0,106.59,0.00923663494266247
1972-09-13,101.21,0.0,106.83,0.0022490872567511033
1972-09-20,101.21,0.0,106.83,0.0
1972-09-27,101.21,0.0,106.83,0.0
1972-10-04,101.18,-0.0002964573370194401,107.34,0.004762580790885984
1972-10-11,101.16,-0.00019768706202594188,107.68,0.0031624991477352538
1972-10-18,101.16,0.0,107.68,0.0
1972-10-25,101.16,0.0,107.68,0.0
1972-11-01,101.24,0.000790513875158716,107.99,0.0028747643482507357
1972-11-08,101.58,0.003352729696175949,109.19,0.011050853781306103
1972-11-15,101.58,0.0,109.19,0.0
1972-11-22,101.58,0.0,109.19,0.0
1972-11-29,101.58,0.0,109.19,0.0
1972-12-06,101.63,0.0004921017765759927,111.7,0.02272722204918054
1972-12-13,101.64,9.839130228783688e-05,112.33,0.005624261578322631
1972-12-20,101.64,0.0,112.33,0.0
1972-12-27,101.64,0.0,112.33,0.0
1973-01-03,103.24,0.01561921639845032,114.98,0.023317232541667288
1973-01-10,104.3,0.010214987156313526,116.75,0.015276696353861752
1973-01-17,104.3,0.0,116.75,0.0
1973-01-24,104.3,0.0,116.75,0.0
1973-01-31,104.3,0.0,116.75,0.0
1973-02-07,104.39,0.000862523413480254,120.66,0.032941776463609074
1973-02-14,104.39,0.0,120.66,0.0
1973-02-21,104.39,0.0,120.66,0.0
1973-02-28,104.39,0.0,120.66,0.0
1973-03-07,104.88,0.00468295403523733,126.1,0.04409856995825834
1973-03-14,104.88,0.0,126.1,0.0
1973-03-21,104.88,0.0,126.1,0.0
1973-03-28,104.88,0.0,126.1,0.0
1973-04-04,105.58,0.006652119940025791,127.49,0.010962687179156383
1973-04-11,106.04,0.004347422025354319,128.42,0.0072682122158713725
1973-04-18,106.04,0.0,128.42,0.0
1973-04-25,106.04,0.0,128.42,0.0
1973-05-02,107.6,0.014604266306859515,131.01,0.01996751379967776
1973-05-09,109.94,0.021514114704830334,134.89,0.029185975316008417
1973-05-16,109.94,0.0,134.89,0.0
1973-05-23,109.94,0.0,134.89,0.0
1973-05-30,109.94,0.0,134.89,0.0
1973-06-06,111.9,0.01767085288536574,138.67,0.027637378284184777
1973-06-13,112.39,0.004369350212296119,139.62,0.006827436776482898
1973-06-20,112.39,0.0,139.62,0.0
1973-06-27,112.39,0.0,139.62,0.0
1973-07-04,113.39,0.008858238453572476,144.73,0.035945491107257865
1973-07-11,114.06,0.0058914217446446315,148.14,0.023287834935629803
1973-07-18,114.06,0.0,148.14,0.0
1973-07-25,114.06,0.0,148.14,0.0
1973-08-01,114.35,0.0025392947403970467,150.17,0.013610213107045688
1973-08-08,115.52,0.010179754675725405,158.29,0.05266080800545758
1973-08-15,115.52,0.0,158.29,0.0
1973-08-22,115.52,0.0,158.29,0.0
1973-08-29,115.52,0.0,158.29,0.0
1973-09-05,117.9,0.020393132398809577,155.82,-0.01572729879493462
1973-09-12,119.49,0.013395878318337218,154.17,-0.010645605230464206
1973-09-19,119.49,0.0,154.17,0.0
1973-09-26,119.49,0.0,154.17,0.0
1973-10-03,119.61,0.0010037641997104885,153.49,-0.00442047134693091
1973-10-10,119.68,0.0005850641647944244,153.04,-0.0029360931933197776
1973-10-17,119.68,0.0,153.04,0.0
1973-10-24,119.68,0.0,153.04,0.0
1973-10-31,119.68,0.0,153.04,0.0
1973-11-07,124.12,0.03642732535401194,156.44,0.0219732247553166
1973-11-14,124.12,0.0,156.44,0.0
1973-11-21,124.12,0.0,156.44,0.0
1973-11-28,124.12,0.0,156.44,0.0
1973-12-05,128.29,0.033044486681069074,157.71,0.008085353612152346
1973-12-12,131.07,0.02143820537020602,158.57,0.0054382327020103816
1973-12-19,131.07,0.0,158.57,0.0
1973-12-26,131.07,0.0,158.57,0.0
1974-01-02,141.18,0.07430414033587152,160.88,0.01446260926292009
1974-01-09,156.35,0.10206141193652396,164.36,0.02140039855081266
1974-01-16,156.35,0.0,164.36,0.0
1974-01-23,156.35,0.0,164.36,0.0
1974-01-30,156.35,0.0,164.36,0.0
1974-02-06,169.77,0.08234749591869228,169.07,0.028253686333665762
1974-02-13,173.12,0.019540415835574088,170.25,0.006955114680747165
1974-02-20,173.12,0.0,170.25,0.0
1974-02-27,173.12,0.0,170.25,0.0
1974-03-06,172.95,-0.0009824602749386457,169.28,-0.005713796359687606
1974-03-13,172.91,-0.00023130746647925804,169.04,-0.0014187753621337507
1974-03-20,172.91,0.0,169.04,0.0
1974-03-27,172.91,0.0,169.04,0.0
1974-04-03,173.1,0.0010982342654655142,171.17,0.012521841399771638
1974-04-10,173.23,0.0007507291086854551,172.59,0.008261624835739667
1974-04-17,173.23,0.0,172.59,0.0
1974-04-24,173.23,0.0,172.59,0.0
1974-05-01,173.51,0.0016150433227313243,172.01,-0.003366224885012592
1974-05-08,174.64,0.006491477628107312,169.67,-0.013697240603451455
1974-05-15,174.64,0.0,169.67,0.0
1974-05-22,174.64,0.0,169.67,0.0
1974-05-29,174.64,0.0,169.67,0.0
1974-06-05,175.3,0.003772079685500529,168.43,-0.007335140844553223
1974-06-12,175.74,0.0025068381405084494,167.6,-0.004940045162312501
1974-06-19,175.74,0.0,167.6,0.0
1974-06-26,175.74,0.0,167.6,0.0
1974-07-03,185.21,0.052484686367013644,171.81,0.024809027025892938
1974-07-10,191.52,0.03350192537495289,174.62,0.016222969308786084
1974-07-17,191.52,0.0,174.62,0.0
1974-07-24,191.52,0.0,174.62,0.0
1974-07-31,191.52,0.0,174.62,0.0
1974-08-07,197.46,0.03054379037364008,175.41,0.004513906473027518
1974-08-14,197.46,0.0,175.41,0.0
1974-08-21,197.46,0.0,175.41,0.0
1974-08-28,197.46,0.0,175.41,0.0
1974-09-04,197.35,-0.0005572300744471903,172.54,-0.016496997207256392
1974-09-11,197.27,-0.0004054533530792881,170.63,-0.011131624109259164
1974-09-18,197.27,0.0,170.63,0.0
1974-09-25,197.27,0.0,170.63,0.0
1974-10-02,200.65,0.01698874795714822,171.8,0.00683354001098202
1974-10-09,205.73,0.025002532773213737,173.56,0.010192351379994413
1974-10-16,205.73,0.0,173.56,0.0
1974-10-23,205.73,0.0,173.56,0.0
1974-10-30,205.73,0.0,173.56,0.0
1974-11-06,203.0,-0.013358650444351916,173.6,0.00023044129610028108
1974-11-13,202.32,-0.003355376680077349,173.61,5.760202760729527e-05
1974-11-20,202.32,0.0,173.61,0.0
1974-11-27,202.32,0.0,173.61,0.0
1974-12-04,202.78,0.002271045162723695,170.19,-0.01989594424727148
1974-12-11,203.08,0.0014783425547602036,167.91,-0.01348733843520833
1974-12-18,203.08,0.0,167.91,0.0
1974-12-25,203.08,0.0,167.91,0.0
1975-01-01,205.18,0.010287652580372786,167.32,-0.003519974997379549
1975-01-08,213.58,0.040123827083832886,164.92,-0.014447638735298973
1975-01-15,213.58,0.0,164.92,0.0
1975-01-22,213.58,0.0,164.92,0.0
1975-01-29,213.58,0.0,164.92,0.0
1975-02-05,222.25,0.03979140465061448,162.41,-0.015336505652187249
1975-02-12,228.03,0.02567432485204524,160.74,-0.010335849401939434
1975-02-19,228.03,0.0,160.74,0.0
1975-02-26,228.03,0.0,160.74,0.0
1975-03-05,229.34,0.005728419364099402,159.04,-0.010632409876308202
1975-03-12,230.22,0.0038297548767571854,157.91,-0.0071304924297121985
1975-03-19,230.22,0.0,157.91,0.0
1975-03-26,230.22,0.0,157.91,0.0
1975-04-02,230.59,0.0016058682733168794,158.04,0.0008229150646377192
1975-04-09,231.14,0.0023823457870628673,158.24,0.0012647023312126748
1975-04-16,231.14,0.0,158.24,0.0
1975-04-23,231.14,0.0,158.24,0.0
1975-04-30,231.14,0.0,158.24,0.0
1975-05-07,237.12,0.025542754560426317,159.72,0.009309414320618714
1975-05-14,237.12,0.0,159.72,0.0
1975-05-21,237.12,0.0,159.72,0.0
1975-05-28,237.12,0.0,159.72,0.0
1975-06-04,245.82,0.0360332186791128,159.01,-0.0044551888707156095
1975-06-11,251.62,0.02332045213615075,158.54,-0.002960165915295576
1975-06-18,251.62,0.0,158.54,0.0
1975-06-25,251.62,0.0,158.54,0.0
1975-07-02,250.1,-0.00605917503941189,161.07,0.015832125693577837
1975-07-09,247.82,-0.009158161695226319,164.85,0.023196916415152202
1975-07-16,247.82,0.0,164.85,0.0
1975-07-23,247.82,0.0,164.85,0.0
1975-07-30,247.82,0.0,164.85,0.0
1975-08-06,250.67,0.011434656877307603,168.16,0.019879937610901344
1975-08-13,251.38,0.0028284054310363516,168.98,0.00486445759605747
1975-08-20,251.38,0.0,168.98,0.0
1975-08-27,251.38,0.0,168.98,0.0
1975-09-03,264.42,0.050573009585259676,169.26,0.001655629517260948
1975-09-10,273.12,0.032372510964179924,169.44,0.0010628876111367092
1975-09-17,273.12,0.0,169.44,0.0
1975-09-24,273.12,0.0,169.44,0.0
1975-10-01,273.42,0.0010978154577152566,168.66,-0.004614027706600687
1975-10-08,274.63,0.004415662680615107,165.57,-0.018490788026976013
1975-10-15,274.63,0.0,165.57,0.0
1975-10-22,274.63,0.0,165.57,0.0
1975-10-29,274.63,0.0,165.57,0.0
1975-11-05,276.32,0.006134877213907153,162.86,-0.016503130080534056
1975-11-12,277.44,0.004045079193808476,161.04,-0.011238154707449155
1975-11-19,277.44,0.0,161.04,0.0
1975-11-26,277.44,0.0,161.04,0.0
1975-12-03,283.55,0.02178378086786026,161.38,0.0021090510888237546
1975-12-10,287.63,0.014286457490594984,161.6,0.0013623136666351954
1975-12-17,287.63,0.0,161.6,0.0
1975-12-24,287.63,0.0,161.6,0.0
1975-12-31,287.63,0.0,161.6,0.0
1976-01-07,291.09,0.01195756575468554,158.07,-0.022086173197691572
1976-01-14,291.09,0.0,158.07,0.0
1976-01-21,291.09,0.0,158.07,0.0
1976-01-28,291.09,0.0,158.07,0.0
1976-02-04,283.24,-0.027337902921743762,158.95,0.005551714467507907
1976-02-11,278.02,-0.018601541234627206,159.54,0.0037049871261718437
1976-02-18,278.02,0.0,159.54,0.0
1976-02-25,278.02,0.0,159.54,0.0
1976-03-03,278.4,0.0013658749113183433,159.82,0.0017535074633334702
1976-03-10,278.65,0.0008975855552808554,160.0,0.0011256332875095865
1976-03-17,278.65,0.0,160.0,0.0
1976-03-24,278.65,0.0,160.0,0.0
1976-03-31,278.65,0.0,160.0,0.0
1976-04-07,281.11,0.008789537792819324,160.23,0.001436467785961959
1976-04-14,281.11,0.0,160.23,0.0
1976-04-21,281.11,0.0,160.23,0.0
1976-04-28,281.11,0.0,160.23,0.0
1976-05-05,281.43,0.0011376969976044649,160.02,-0.0013114755978103076
1976-05-12,281.65,0.0007814165347532764,159.88,-0.0008752735788553068
1976-05-19,281.65,0.0,159.88,0.0
1976-05-26,281.65,0.0,159.88,0.0
1976-06-02,282.69,0.0036857255460516214,160.88,0.006235211621273606
1976-06-09,284.26,0.005538421424091666,162.38,0.009280521969904143
1976-06-16,284.26,0.0,162.38,0.0
1976-06-23,284.26,0.0,162.38,0.0
1976-06-30,284.26,0.0,162.38,0.0
1976-07-07,288.62,0.015221631697065696,162.53,0.0009233326807835951
1976-07-14,288.62,0.0,162.53,0.0
1976-07-21,288.62,0.0,162.53,0.0
1976-07-28,288.62,0.0,162.53,0.0
1976-08-04,288.49,-0.0004505207055807148,160.33,-0.013628408914338586
1976-08-11,288.4,-0.0003120178915567706,158.86,-0.009210879995759313
1976-08-18,288.4,0.0,158.86,0.0
1976-08-25,288.4,0.0,158.86,0.0
1976-09-01,288.5,0.0003466805373602,158.75,-0.0006926734321854866
1976-09-08,288.89,0.0013509068716492934,158.31,-0.002775501687114712
1976-09-15,288.89,0.0,158.31,0.0
1976-09-22,288.89,0.0,158.31,0.0
1976-09-29,288.89,0.0,158.31,0.0
1976-10-06,301.44,0.04252499856819458,153.07,-0.033659802982070275
1976-10-13,304.57,0.010329954399903585,151.76,-0.008595007476857042
1976-10-20,304.57,0.0,151.76,0.0
1976-10-27,304.57,0.0,151.76,0.0
1976-11-03,304.7,0.0004267402037614332,150.68,-0.007141942802918244
1976-11-10,304.78,0.0002625188700511316,149.97,-0.004723108730251724
1976-11-17,304.78,0.0,149.97,0.0
1976-11-24,304.78,0.0,149.97,0.0
1976-12-01,304.09,-0.002266494638846872,150.28,0.0020649466121795967
1976-12-08,301.33,-0.009117700506886983,151.52,0.008217408731999498
1976-12-15,301.33,0.0,151.52,0.0
1976-12-22,301.33,0.0,151.52,0.0
1976-12-29,301.33,0.0,151.52,0.0
1977-01-05,301.18,-0.0004979170573076175,152.95,0.00939344115914409
1977-01-12,301.08,-0.0003320824923420673,153.91,0.006256945394950364
1977-01-19,301.08,0.0,153.91,0.0
1977-01-26,301.08,0.0,153.91,0.0
1977-02-02,305.73,0.015326349342380752,154.86,0.006153466966715371
1977-02-09,312.7,0.02254190495508368,156.28,0.009127787228291773
1977-02-16,312.7,0.0,156.28,0.0
1977-02-23,312.7,0.0,156.28,0.0
1977-03-02,310.71,-0.006384263194898487,156.31,0.00019194472050987343
1977-03-09,307.71,-0.00970222028146761,156.36,0.0003198260173746803
1977-03-16,307.71,0.0,156.36,0.0
1977-03-23,307.71,0.0,156.36,0.0
1977-03-30,307.71,0.0,156.36,0.0
1977-04-06,308.24,0.0017209193304728032,155.97,-0.0024973598610200654
1977-04-13,308.37,0.0004216603750384351,155.87,-0.0006413545627745876
1977-04-20,308.37,0.0,155.87,0.0
1977-04-27,308.37,0.0,155.87,0.0
1977-05-04,308.75,0.0012315272492466889,155.62,-0.0016051883121752653
1977-05-11,309.0,0.0008093889555587097,155.45,-0.0010930016840218215
1977-05-18,309.0,0.0,155.45,0.0
1977-05-25,309.0,0.0,155.45,0.0
1977-06-01,308.95,-0.00016182539075693114,155.47,0.00012865045688670307
1977-06-08,308.78,-0.0005504022932081298,155.54,0.00045014630514828013
1977-06-15,308.78,0.0,155.54,0.0
1977-06-22,308.78,0.0,155.54,0.0
1977-06-29,308.78,0.0,155.54,0.0
1977-07-06,307.32,-0.0047394992143470205,154.52,-0.0065793954687167755
1977-07-13,306.96,-0.0011721040607373112,154.26,-0.0016840472922279304
1977-07-20,306.96,0.0,154.26,0.0
1977-07-27,306.96,0.0,154.26,0.0
1977-08-03,307.74,0.0025378246905356505,154.63,0.0023956759814867112
1977-08-10,308.26,0.0016883120893416148,154.88,0.0016154570409270264
1977-08-17,308.26,0.0,154.88,0.0
1977-08-24,308.26,0.0,154.88,0.0
1977-08-31,308.26,0.0,154.88,0.0
1977-09-07,310.07,0.005854495721791864,155.33,0.0029012624715498703
1977-09-14,310.07,0.0,155.33,0.0
1977-09-21,310.07,0.0,155.33,0.0
1977-09-28,310.07,0.0,155.33,0.0
1977-10-05,314.02,0.012658599707010332,152.46,-0.01864961943968879
1977-10-12,316.65,0.00834038481506294,150.55,-0.012607011632384868
1977-10-19,316.65,0.0,150.55,0.0
1977-10-26,316.65,0.0,150.55,0.0
1977-11-02,323.31,0.02081455231441076,151.49,0.006224361242489707
1977-11-09,333.29,0.0304013665864451,152.91,0.009329896849827435
1977-11-16,333.29,0.0,152.91,0.0
1977-11-23,333.29,0.0,152.91,0.0
1977-11-30,333.29,0.0,152.91,0.0
1977-12-07,339.02,0.01704612082704582,155.76,0.0184668480438841
1977-12-14,339.02,0.0,155.76,0.0
1977-12-21,339.02,0.0,155.76,0.0
1977-12-28,339.02,0.0,155.76,0.0
1978-01-04,338.4,-0.0018304749582727098,157.6,0.011743816359834902
1978-01-11,337.99,-0.0012123184855337144,158.83,0.007774270423285046
1978-01-18,337.99,0.0,158.83,0.0
1978-01-25,337.99,0.0,158.83,0.0
1978-02-01,338.01,5.917159765012059e-05,158.88,0.00031475244979883854
1978-02-08,338.12,0.0003253812165429082,159.05,0.0010694178982904035
1978-02-15,338.12,0.0,159.05,0.0
1978-02-22,338.12,0.0,159.05,0.0
1978-03-01,338.69,0.0016843726740525256,159.36,0.0019471756411348906
1978-03-08,341.01,0.006826567631948777,160.6,0.007751007676373156
1978-03-15,341.01,0.0,160.6,0.0
1978-03-22,341.01,0.0,160.6,0.0
1978-03-29,341.01,0.0,160.6,0.0
1978-04-05,342.48,0.00430145946996241,162.4,0.011145626214916327
1978-04-12,343.47,0.0028865097671397777,163.59,0.007300869878502425
1978-04-19,343.47,0.0,163.59,0.0
1978-04-26,343.47,0.0,163.59,0.0
1978-05-03,343.89,0.001222067191196885,166.58,0.018112376901114224
1978-05-10,344.17,0.0008138825551728956,168.57,0.01187541928502256
1978-05-17,344.17,0.0,168.57,0.0
1978-05-24,344.17,0.0,168.57,0.0
1978-05-31,344.17,0.0,168.57,0.0
1978-06-07,346.69,0.007295287544354601,166.6,-0.011755364059474083
1978-06-14,346.69,0.0,166.6,0.0
1978-06-21,346.69,0.0,166.6,0.0
1978-06-28,346.69,0.0,166.6,0.0
1978-07-05,347.87,0.0033978378694081712,166.26,-0.0020429016298004754
1978-07-12,348.66,0.002268388551105893,166.04,-0.0013241049181038633
1978-07-19,348.66,0.0,166.04,0.0
1978-07-26,348.66,0.0,166.04,0.0
1978-08-02,348.68,5.7360828305874634e-05,166.46,0.0025263171331104672
1978-08-09,348.72,0.00011471178676192295,167.1,0.0038373952833996583
1978-08-16,348.72,0.0,167.1,0.0
1978-08-23,348.72,0.0,167.1,0.0
1978-08-30,348.72,0.0,167.1,0.0
1978-09-06,350.97,0.006431441797483117,167.87,0.00459743473297447
1978-09-13,351.53,0.0015943063875241137,168.06,0.0011311881657496414
1978-09-20,351.53,0.0,168.06,0.0
1978-09-27,351.53,0.0,168.06,0.0
1978-10-04,351.68,0.0004266151001122154,172.07,0.023580312264993353
1978-10-11,351.79,0.0003127354425824791,174.75,0.015455010348853548
1978-10-18,351.79,0.0,174.75,0.0
1978-10-25,351.79,0.0,174.75,0.0
1978-11-01,352.19,0.0011363960426331587,174.84,0.0005148888811943308
1978-11-08,353.78,0.0045044483148890535,175.23,0.002228126725213997
1978-11-15,353.78,0.0,175.23,0.0
1978-11-22,353.78,0.0,175.23,0.0
1978-11-29,353.78,0.0,175.23,0.0
1978-12-06,354.88,0.0031044531466415393,173.47,-0.010094722947010304
1978-12-13,355.15,0.0007605312818164123,173.03,-0.002539683904760004
1978-12-20,355.15,0.0,173.03,0.0
1978-12-27,355.15,0.0,173.03,0.0
1979-01-03,355.97,0.002306222194402352,176.32,0.018835536095992644
1979-01-10,356.51,0.001515832313605081,178.52,0.012400113796519285
1979-01-17,356.51,0.0,178.52,0.0
1979-01-24,356.51,0.0,178.52,0.0
1979-01-31,356.51,0.0,178.52,0.0
1979-02-07,360.12,0.01007501928844956,187.32,0.04811774455427198
1979-02-14,360.12,0.0,187.32,0.0
1979-02-21,360.12,0.0,187.32,0.0
1979-02-28,360.12,0.0,187.32,0.0
1979-03-07,363.37,0.008984289654175193,190.61,0.01741107142564058
1979-03-14,363.37,0.0,190.61,0.0
1979-03-21,363.37,0.0,190.61,0.0
1979-03-28,363.37,0.0,190.61,0.0
1979-04-04,363.24,-0.00035782607282364154,192.57,0.010230268250814412
1979-04-11,363.15,-0.00024780076945063456,193.88,0.0067796869853786745
1979-04-18,363.15,0.0,193.88,0.0
1979-04-25,363.15,0.0,193.88,0.0
1979-05-02,368.54,0.014733281854537594,194.84,0.0049392979611670995
1979-05-09,376.63,0.02171401926047345,196.27,0.007312553359645868
1979-05-16,376.63,0.0,196.27,0.0
1979-05-23,376.63,0.0,196.27,0.0
1979-05-30,376.63,0.0,196.27,0.0
1979-06-06,387.36,0.028091220022560037,199.24,0.015018865907094892
1979-06-13,390.04,0.006894804777170194,199.98,0.003707233342620242
1979-06-20,390.04,0.0,199.98,0.0
1979-06-27,390.04,0.0,199.98,0.0
1979-07-04,395.73,0.014482862562020138,201.06,0.005386009429570571
1979-07-11,399.53,0.009556695725321696,201.78,0.0035746240029599363
1979-07-18,399.53,0.0,201.78,0.0
1979-07-25,399.53,0.0,201.78,0.0
1979-08-01,405.37,0.01451137403875169,202.13,0.0017330597786733293
1979-08-08,428.71,0.05598046937429757,203.52,0.006853225392850604
1979-08-15,428.71,0.0,203.52,0.0
1979-08-22,428.71,0.0,203.52,0.0
1979-08-29,428.71,0.0,203.52,0.0
1979-09-05,448.58,0.04530633827737063,206.36,0.013857936224691336
1979-09-12,461.82,0.02908816682960147,208.24,0.009069044309860885
1979-09-19,461.82,0.0,208.24,0.0
1979-09-26,461.82,0.0,208.24,0.0
1979-10-03,467.25,0.01168924156139095,209.87,0.007797030723019738
1979-10-10,470.87,0.007717601090821979,210.95,0.005132847161018361
1979-10-17,470.87,0.0,210.95,0.0
1979-10-24,470.87,0.0,210.95,0.0
1979-10-31,470.87,0.0,210.95,0.0
1979-11-07,513.23,0.08614204034846917,204.24,-0.032325365637118963
1979-11-14,513.23,0.0,204.24,0.0
1979-11-21,513.23,0.0,204.24,0.0
1979-11-28,513.23,0.0,204.24,0.0
1979-12-05,522.72,0.018321860077796792,206.73,0.012117821103997173
1979-12-12,529.04,0.012018095513646188,208.4,0.008045715841985768
1979-12-19,529.04,0.0,208.4,0.0
1979-12-26,529.04,0.0,208.4,0.0
1980-01-02,540.99,0.022336751020883838,212.65,0.020188311820430904
1980-01-09,558.92,0.032605555824956944,219.03,0.0295610850364616
1980-01-16,558.92,0.0,219.03,0.0
1980-01-23,558.92,0.0,219.03,0.0
1980-01-30,558.92,0.0,219.03,0.0
1980-02-06,577.27,0.03230374445551032,220.95,0.008727724840644768
1980-02-13,581.85,0.007902587886328583,221.43,0.0021700808733218224
1980-02-20,581.85,0.0,221.43,0.0
1980-02-27,581.85,0.0,221.43,0.0
1980-03-05,604.17,0.03764293273279318,211.78,-0.044558512447762766
1980-03-12,619.05,0.024330429579821455,205.34,-0.03088085813148922
1980-03-19,619.05,0.0,205.34,0.0
1980-03-26,619.05,0.0,205.34,0.0
1980-04-02,622.09,0.00489873193899637,200.63,-0.023204726178709834
1980-04-09,626.65,0.007303394251834128,193.57,-0.0358232115346544
1980-04-16,626.65,0.0,193.57,0.0
1980-04-23,626.65,0.0,193.57,0.0
1980-04-30,626.65,0.0,193.57,0.0
1980-05-07,631.06,0.007012774126416765,198.54,0.025351387004120873
1980-05-14,631.06,0.0,198.54,0.0
1980-05-21,631.06,0.0,198.54,0.0
1980-05-28,631.06,0.0,198.54,0.0
1980-06-04,634.68,0.0057199896819408735,204.36,0.028892553301021806
1980-06-11,637.09,0.0037899980103102138,208.25,0.01885613658435492
1980-06-18,637.09,0.0,208.25,0.0
1980-06-25,637.09,0.0,208.25,0.0
1980-07-02,637.77,0.001066783904881241,213.55,0.025131716240522906
1980-07-09,638.78,0.0015823903658294114,221.5,0.03655159219771509
1980-07-16,638.78,0.0,221.5,0.0
1980-07-23,638.78,0.0,221.5,0.0
1980-07-30,638.78,0.0,221.5,0.0
1980-08-06,647.81,0.014037336334401296,219.41,-0.009480463831331498
1980-08-13,650.07,0.0034826059176635837,218.89,-0.0023728051287958962
1980-08-20,650.07,0.0,218.89,0.0
1980-08-27,650.07,0.0,218.89,0.0
1980-09-03,651.28,0.001859607866747659,218.04,-0.0038907883289827083
1980-09-10,652.09,0.0012429319445432796,217.47,-0.0026176222151841344
1980-09-17,652.09,0.0,217.47,0.0
1980-09-24,652.09,0.0,217.47,0.0
1980-10-01,653.2,0.0017007718860444498,217.89,0.001929438305290354
1980-10-08,657.62,0.006743895808479117,219.55,0.007589648721539888
1980-10-15,657.62,0.0,219.55,0.0
1980-10-22,657.62,0.0,219.55,0.0
1980-10-29,657.62,0.0,219.55,0.0
1980-11-05,665.97,0.012617367575996852,218.38,-0.0053433324218064016
1980-11-12,671.53,0.00831406658284628,217.6,-0.0035781496041327188
1980-11-19,671.53,0.0,217.6,0.0
1980-11-26,671.53,0.0,217.6,0.0
1980-12-03,683.97,0.018355365947932967,214.79,-0.012997708365615424
1980-12-10,692.26,0.012047550583417,212.91,-0.008791265411170812
1980-12-17,692.26,0.0,212.91,0.0
1980-12-24,692.26,0.0,212.91,0.0
1980-12-31,692.26,0.0,212.91,0.0
1981-01-07,738.75,0.06499796112532596,215.28,0.011069965213649446
1981-01-14,738.75,0.0,215.28,0.0
1981-01-21,738.75,0.0,215.28,0.0
1981-01-28,738.75,0.0,215.28,0.0
1981-02-04,788.68,0.06540109317775844,213.11,-0.010131042089415843
1981-02-11,821.96,0.04133107017360249,211.67,-0.006780006197155686
1981-02-18,821.96,0.0,211.67,0.0
1981-02-25,821.96,0.0,211.67,0.0
1981-03-04,822.0,4.866298451045026e-05,211.08,-0.0027912495946118554
1981-03-11,822.02,2.4330604252220667e-05,210.69,-0.0018493496984284263
1981-03-18,822.02,0.0,210.69,0.0
1981-03-25,822.02,0.0,210.69,0.0
1981-04-01,824.18,0.002624226994996981,210.36,-0.0015675101178951323
1981-04-08,832.81,0.01041657225815662,209.06,-0.006199056616582155
1981-04-15,832.81,0.0,209.06,0.0
1981-04-22,832.81,0.0,209.06,0.0
1981-04-29,832.81,0.0,209.06,0.0
1981-05-06,845.86,0.015548336364975768,211.1,0.009710662749713883
1981-05-13,849.12,0.0038466578010236674,211.6,0.00236574512986909
1981-05-20,849.12,0.0,211.6,0.0
1981-05-27,849.12,0.0,211.6,0.0
1981-06-03,840.26,-0.010489151325313806,210.31,-0.006115067288557263
1981-06-10,834.36,-0.007046403855344607,209.45,-0.004097585302543116
1981-06-17,834.36,0.0,209.45,0.0
1981-06-24,834.36,0.0,209.45,0.0
1981-07-01,832.36,-0.002399924354347327,209.56,0.0005250471469748774
1981-07-08,824.35,-0.00966984253739156,210.03,0.0022402831171968174
1981-07-15,824.35,0.0,210.03,0.0
1981-07-22,824.35,0.0,210.03,0.0
1981-07-29,824.35,0.0,210.03,0.0
1981-08-05,823.48,-0.001055934266079639,206.53,-0.01680469735765744
1981-08-12,822.9,-0.0007045761294408592,204.2,-0.011345774568993328
1981-08-19,822.9,0.0,204.2,0.0
1981-08-26,822.9,0.0,204.2,0.0
1981-09-02,822.97,8.506139615249708e-05,202.82,-0.006781019546714617
1981-09-09,823.07,0.00012150373031349915,200.75,-0.010258533356979349
1981-09-16,823.07,0.0,200.75,0.0
1981-09-23,823.07,0.0,200.75,0.0
1981-09-30,823.07,0.0,200.75,0.0
1981-10-07,817.81,-0.0064112159537623725,197.54,-0.01611925734688935
1981-10-14,817.81,0.0,197.54,0.0
1981-10-21,817.81,0.0,197.54,0.0
1981-10-28,817.81,0.0,197.54,0.0
1981-11-04,816.99,-0.0010031809013568704,197.55,5.062137741873585e-05
1981-11-11,816.44,-0.0006734295571719784,197.56,5.061881502399501e-05
1981-11-18,816.44,0.0,197.56,0.0
1981-11-25,816.44,0.0,197.56,0.0
1981-12-02,816.52,9.79815795414396e-05,196.78,-0.003955982234804978
1981-12-09,816.64,0.00014695437093248387,195.6,-0.006014595836902004
1981-12-16,816.64,0.0,195.6,0.0
1981-12-23,816.64,0.0,195.6,0.0
1981-12-30,816.64,0.0,195.6,0.0
1982-01-06,821.19,0.005556146492809333,194.22,-0.007080220434509066
1982-01-13,822.33,0.0013872665776233362,193.87,-0.0018037058150923713
1982-01-20,822.33,0.0,193.87,0.0
1982-01-27,822.33,0.0,193.87,0.0
1982-02-03,815.6,-0.008217735646447899,193.4,-0.002427248331922094
1982-02-10,811.12,-0.005508030055976221,193.08,-0.00165597222690117
1982-02-17,811.12,0.0,193.08,0.0
1982-02-24,811.12,0.0,193.08,0.0
1982-03-03,800.91,-0.012667427439334134,190.89,-0.01140726487948207
1982-03-10,794.1,-0.008539183303824416,189.43,-0.0076777827726228765
1982-03-17,794.1,0.0,189.43,0.0
1982-03-24,794.1,0.0,189.43,0.0
1982-03-31,794.1,0.0,189.43,0.0
1982-04-07,775.87,-0.02322441752515303,191.63,0.01154686634021651
1982-04-14,775.87,0.0,191.63,0.0
1982-04-21,775.87,0.0,191.63,0.0
1982-04-28,775.87,0.0,191.63,0.0
1982-05-05,775.81,-7.733553313737929e-05,192.95,0.006864658503223708
1982-05-12,775.77,-5.156034495090722e-05,193.83,0.00455039825455561
1982-05-19,775.77,0.0,193.83,0.0
1982-05-26,775.77,0.0,193.83,0.0
1982-06-02,775.9,0.00016756140197937697,192.97,-0.0044467498299187724
1982-06-09,776.09,0.0002448469396698627,191.68,-0.006707421481180198
1982-06-16,776.09,0.0,191.68,0.0
1982-06-23,776.09,0.0,191.68,0.0
1982-06-30,776.09,0.0,191.68,0.0
1982-07-07,776.28,0.0002447870043207345,188.9,-0.01460954041962026
1982-07-14,776.28,0.0,188.9,0.0
1982-07-21,776.28,0.0,188.9,0.0
1982-07-28,776.28,0.0,188.9,0.0
1982-08-04,776.14,-0.000180363561896435,186.97,-0.010269598330281404
1982-08-11,776.04,-0.00012885103549642452,185.69,-0.006869559564678163
1982-08-18,776.04,0.0,185.69,0.0
1982-08-25,776.04,0.0,185.69,0.0
1982-09-01,776.02,-2.577219953003862e-05,185.83,0.0007536606730544904
1982-09-08,775.94,-0.00010309544069464494,186.42,0.0031699153474518127
1982-09-15,775.94,0.0,186.42,0.0
1982-09-22,775.94,0.0,186.42,0.0
1982-09-29,775.94,0.0,186.42,0.0
1982-10-06,785.22,0.011888735689167262,182.83,-0.019445433292597514
1982-10-13,787.54,0.002950229765183998,181.94,-0.004879796946497983
1982-10-20,787.54,0.0,181.94,0.0
1982-10-27,787.54,0.0,181.94,0.0
1982-11-03,786.79,-0.0009527863367120304,183.77,0.01000801331341794
1982-11-10,786.29,-0.0006356955995086011,184.99,0.006616793855964254
1982-11-17,786.29,0.0,184.99,0.0
1982-11-24,786.29,0.0,184.99,0.0
1982-12-01,784.48,-0.0023046032214839585,185.23,0.0012965265713340557
1982-12-08,777.25,-0.009259028964060612,186.17,0.005061938649173925
1982-12-15,777.25,0.0,186.17,0.0
1982-12-22,777.25,0.0,186.17,0.0
1982-12-29,777.25,0.0,186.17,0.0
1983-01-05,777.26,1.286579050674419e-05,189.61,0.018309096262306923
1983-01-12,777.27,1.2865624980484824e-05,191.9,0.012005071967541525
1983-01-19,777.27,0.0,191.9,0.0
1983-01-26,777.27,0.0,191.9,0.0
1983-02-02,764.59,-0.0164480379115437,192.84,0.004886426523767362
1983-02-09,745.57,-0.025190715932418506,194.26,0.007336638436763465
1983-02-16,745.57,0.0,194.26,0.0
1983-02-23,745.57,0.0,194.26,0.0
1983-03-02,741.37,-0.0056492005994970285,194.34,0.0004117344371081799
1983-03-09,735.08,-0.008520489083667648,194.45,0.0005658581904635085
1983-03-16,735.08,0.0,194.45,0.0
1983-03-23,735.08,0.0,194.45,0.0
1983-03-30,735.08,0.0,194.45,0.0
1983-04-06,747.99,0.01741027207393131,198.69,0.021570760563241365
1983-04-13,751.22,0.004308942706641616,199.75,0.005320763481385882
1983-04-20,751.22,0.0,199.75,0.0
1983-04-27,751.22,0.0,199.75,0.0
1983-05-04,742.31,-0.011931605932843148,204.29,0.02247396835317783
1983-05-11,736.37,-0.008034235874826656,207.32,0.014722940321943767
1983-05-18,736.37,0.0,207.32,0.0
1983-05-25,736.37,0.0,207.32,0.0
1983-06-01,739.71,0.00452550769650184,206.75,-0.0027531594177050422
1983-06-08,753.05,0.017873409161229148,204.49,-0.010991259372077344
1983-06-15,753.05,0.0,204.49,0.0
1983-06-22,753.05,0.0,204.49,0.0
1983-06-29,753.05,0.0,204.49,0.0
1983-07-06,756.12,0.004068467084106686,201.08,-0.016816235707348248
1983-07-13,756.89,0.0010178387009691647,200.23,-0.004236133019817068
1983-07-20,756.89,0.0,200.23,0.0
1983-07-27,756.89,0.0,200.23,0.0
1983-08-03,749.08,-0.010372145550625156,198.69,-0.0077208846395597774
1983-08-10,743.88,-0.006966055390480008,197.67,-0.005146847571159796
1983-08-17,743.88,0.0,197.67,0.0
1983-08-24,743.88,0.0,197.67,0.0
1983-08-31,743.88,0.0,197.67,0.0
1983-09-07,736.95,-0.00935968421906086,196.28,-0.007056762372135594
1983-09-14,736.95,0.0,196.28,0.0
1983-09-21,736.95,0.0,196.28,0.0
1983-09-28,736.95,0.0,196.28,0.0
1983-10-05,729.26,-0.010489725910408865,195.93,-0.0017847586390269399
1983-10-12,724.14,-0.007045577514496415,195.7,-0.0011745781806453692
1983-10-19,724.14,0.0,195.7,0.0
1983-10-26,724.14,0.0,195.7,0.0
1983-11-02,728.23,0.0056321885081001,194.91,-0.004044960841480538
1983-11-09,734.37,0.00839605643274588,193.73,-0.0060724764616955085
1983-11-16,734.37,0.0,193.73,0.0
1983-11-23,734.37,0.0,193.73,0.0
1983-11-30,734.37,0.0,193.73,0.0
1983-12-07,719.91,-0.0198867846017583,196.41,0.013738874022255487
1983-12-14,719.91,0.0,196.41,0.0
1983-12-21,719.91,0.0,196.41,0.0
1983-12-28,719.91,0.0,196.41,0.0
1984-01-04,727.36,0.010295336467228466,198.15,0.008820008515334266
1984-01-11,732.32,0.006796036241153658,199.74,0.007992201178544711
1984-01-18,732.32,0.0,199.7,-0.0002002803932192876
1984-01-25,732.32,0.0,199.95,0.0012510948710575676
1984-02-01,732.98,0.0009008394794696173,200.09,0.0006999300355747806
1984-02-08,735.63,0.003608858548017402,201.12,0.005134479513535517
1984-02-15,735.63,0.0,200.88,-0.001194029992607426
1984-02-22,735.63,0.0,200.5,-0.001893468102705853
1984-02-29,735.63,0.0,200.2,-0.0014973798655040227
1984-03-07,749.01,0.01802505963012191,204.76,0.022521694708262707
1984-03-14,749.01,0.0,205.23,0.002292739851633918
1984-03-21,749.01,0.0,205.59,0.0017525928248254274
1984-03-28,749.01,0.0,205.89,0.0014581513228106857
1984-04-04,742.48,-0.0087564002758036,205.18,-0.0034544029290861644
1984-04-11,738.12,-0.005889521278859888,204.67,-0.0024887166682088235
1984-04-18,738.12,0.0,204.66,-4.8860332748645874e-05
1984-04-25,738.12,0.0,204.59,-0.0003420891908740842
1984-05-02,737.26,-0.00116580148490808,203.37,-0.005980996356750978
1984-05-09,735.97,-0.0017512544948052877,201.41,-0.009684348626193717
1984-05-16,735.97,0.0,201.59,0.0008933003075419776
1984-05-23,735.97,0.0,201.52,-0.0003472997479772033
1984-05-30,735.97,0.0,201.6,0.0003969041528586459
1984-06-06,728.27,-0.010517498469659436,198.48,-0.015597196813668113
1984-06-13,726.35,-0.002639866240011557,197.68,-0.004038777703191165
1984-06-20,726.35,0.0,198.04,0.0018194688128678749
1984-06-27,726.35,0.0,198.39,0.001765759861457994
1984-07-04,713.31,-0.01811588378647233,195.35,-0.01544196885360094
1984-07-11,704.62,-0.012257458128893006,193.29,-0.010601169682418643
1984-07-18,704.62,0.0,193.26,-0.00015521924749783977
1984-07-25,704.62,0.0,193.45,0.0009826485753592351
1984-08-01,706.46,0.0026079329915642546,192.97,-0.002484344738257427
1984-08-08,713.8,0.010336227660967978,192.13,-0.0043625101646549425
1984-08-15,713.8,0.0,191.93,-0.0010415040258227037
1984-08-22,713.8,0.0,191.9,-0.00015631920413294864
1984-08-29,713.8,0.0,191.57,-0.0017211259366440856
1984-09-05,714.17,0.0005182181814467057,187.71,-0.0203550583986285
1984-09-12,714.42,0.00034999545363234574,184.98,-0.014650507552267378
1984-09-19,714.42,0.0,184.86,-0.0006489292894826804
1984-09-26,714.42,0.0,184.87,5.4093527722898216e-05
1984-10-03,707.25,-0.010086814509461917,184.99,0.0006488941989433172
1984-10-10,702.47,-0.006781514511978948,185.22,0.0012425381788254697
1984-10-17,702.47,0.0,185.09,-0.0007021144734977725
1984-10-24,702.47,0.0,185.14,0.0002701023704396732
1984-10-31,702.47,0.0,185.25,0.0005939685371316727
1984-11-07,656.29,-0.06799993124043269,190.06,0.02563354760697223
1984-11-14,656.29,0.0,190.39,0.0017347881864164805
1984-11-21,656.29,0.0,190.49,0.000525099781021332
1984-11-28,656.29,0.0,190.7,0.001101812855766937
1984-12-05,638.33,-0.027747373428377742,190.04,-0.003466936287653155
1984-12-12,626.37,-0.018914140191493622,189.76,-0.0014744605093595098
1984-12-19,626.37,0.0,189.81,0.000263456017541408
1984-12-26,626.37,0.0,189.82,5.268287544346606e-05
1985-01-02,617.67,-0.013986916552631179,189.21,-0.0032187453586765002
1985-01-09,604.64,-0.021321094655584183,188.18,-0.005458557765050109
1985-01-16,604.64,0.0,188.11,-0.00037205347368995945
1985-01-23,604.64,0.0,188.23,0.0006377212311576841
1985-01-30,604.64,0.0,188.25,0.00010624734391573298
1985-02-06,628.05,0.03798654153208325,186.72,-0.008160698141757017
1985-02-13,633.9,0.009271432156858772,186.29,-0.00230556923662828
1985-02-20,633.9,0.0,186.17,-0.0006443645178118018
1985-02-27,633.9,0.0,185.84,-0.0017741463216518483
1985-03-06,647.79,0.021675356464728956,183.35,-0.013489193944819178
1985-03-13,651.26,0.005342378281211424,182.52,-0.004537138458132972
1985-03-20,651.26,0.0,182.33,-0.0010415240080883237
1985-03-27,651.26,0.0,182.27,-0.0003291278142709686
1985-04-03,657.97,0.010250389544710359,183.57,0.007106961905716247
1985-04-10,662.44,0.006770650140518697,184.46,0.0048365716650140556
1985-04-17,662.44,0.0,184.47,5.4210825915390615e-05
1985-04-24,662.44,0.0,184.33,-0.0007592191254053304
1985-05-01,658.43,-0.00607177439040818,184.68,0.001896968130705723
1985-05-08,642.41,-0.02463148419433292,186.33,0.00889469760053263
1985-05-15,642.41,0.0,186.33,0.0
1985-05-22,642.41,0.0,186.46,0.000697443629226413
1985-05-29,642.41,0.0,187.03,0.003052292926361666
1985-06-05,639.85,-0.003992955252943631,184.29,-0.01475842795096316
1985-06-12,638.14,-0.0026760788746376107,182.79,-0.008172650915433621
1985-06-19,638.14,0.0,183.06,0.0014760150281212248
1985-06-26,638.14,0.0,183.55,0.002673141986210048
1985-07-03,639.73,0.002488517330456297,180.78,-0.015206287572579136
1985-07-10,640.78,0.0016399719413850988,179.12,-0.009224850079765368
1985-07-17,640.78,0.0,178.99,-0.0007260339320902531
1985-07-24,640.78,0.0,178.75,-0.0013417567842921585
1985-07-31,640.78,0.0,178.06,-0.0038676094285916562
1985-08-07,647.05,0.009737386986870433,172.6,-0.03114379349619778
1985-08-14,647.05,0.0,172.64,0.00023172286049710777
1985-08-21,647.05,0.0,172.57,-0.00040555025033661707
1985-08-28,647.05,0.0,172.33,-0.001391707966002187
1985-09-04,651.21,0.0064085995681013586,171.57,-0.004419896698150794
1985-09-11,653.99,0.004259889984639109,171.3,-0.0015749412652601436
1985-09-18,653.99,0.0,171.37,0.0004085563426832195
1985-09-25,653.99,0.0,171.69,0.0018655634163629031
1985-10-02,657.13,0.0047898071926608665,171.36,-0.0019239183896821999
1985-10-09,661.86,0.00717218519626428,171.33,-0.00017508535455679208
1985-10-16,661.86,0.0,171.5,0.0009917452611132305
1985-10-23,661.86,0.0,171.52,0.00011661127644213565
1985-10-30,661.86,0.0,171.58,0.000349752262382097
1985-11-06,671.92,0.015085232608026189,172.79,0.007027354180211276
1985-11-13,674.43,0.003728603866655966,172.96,0.0009833695658674202
1985-11-20,674.43,0.0,173.13,0.000982403500087159
1985-11-27,674.43,0.0,173.3,0.0009814393305758173
1985-12-04,635.47,-0.05950300709248246,176.06,0.015800649311199066
1985-12-11,609.5,-0.04172593367021893,177.77,0.00966573390183445
1985-12-18,609.5,0.0,177.8,0.00016874314520975986
1985-12-25,609.5,0.0,177.82,0.0001124796131888317
1986-01-01,595.66,-0.022968914434439824,177.7,-0.000675067532386997
1986-01-08,540.31,-0.09752698557197625,176.53,-0.006605901559414207
1986-01-15,540.31,0.0,176.35,-0.0010201769191304777
1986-01-22,540.31,0.0,176.33,-0.00011341726222902082
1986-01-29,540.31,0.0,176.37,0.0002268216624408126
1986-02-05,471.95,-0.13527000114395626,175.74,-0.003578431014576111
1986-02-12,426.37,-0.1015655338672472,175.31,-0.0024497947019144206
1986-02-19,426.37,0.0,175.11,-0.0011414874819735132
1986-02-26,426.37,0.0,174.72,-0.002229655327268709
1986-03-05,402.5,-0.057612417045088016,178.6,0.021963975885858744
1986-03-12,386.59,-0.04033039694764362,181.41,0.015610994510832477
1986-03-19,386.59,0.0,181.73,0.0017624061399379443
1986-03-26,386.59,0.0,181.54,-0.0010460539946883785
1986-04-02,385.88,-0.0018382596086219394,182.04,0.00275042804995973
1986-04-09,384.83,-0.002724761971762746,182.75,0.003892655481447349
1986-04-16,384.83,0.0,182.11,-0.0035081985221596668
1986-04-23,384.83,0.0,181.57,-0.002969645825152689
1986-04-30,384.83,0.0,182.44,0.004780097560924013
1986-05-07,410.75,0.06518307858678796,184.01,0.008568752114783251
1986-05-14,410.75,0.0,184.47,0.002496744675204887
1986-05-21,410.75,0.0,184.29,-0.0009762447895420578
1986-05-28,410.75,0.0,184.52,0.0012472548456736732
1986-06-04,396.43,-0.035485276195045934,182.04,-0.01353141554117876
1986-06-11,386.89,-0.024359065821847103,180.36,-0.009271589595557295
1986-06-18,386.89,0.0,182.11,0.009656046554844977
1986-06-25,386.89,0.0,182.78,0.0036723437363272993
1986-07-02,372.13,-0.03889715930949755,181.83,-0.005211059212752112
1986-07-09,350.0,-0.061310101107528325,181.75,-0.00044006821767528237
1986-07-16,350.0,0.0,180.99,-0.004190335292848069
1986-07-23,350.0,0.0,180.5,-0.002711003347844354
1986-07-30,350.0,0.0,180.71,0.0011627586371369958
1986-08-06,385.49,0.09658209784624461,179.64,-0.005938688190536112
1986-08-13,394.36,0.022748945377137453,179.76,0.0006677796575367267
1986-08-20,394.36,0.0,180.42,0.003664838351419064
1986-08-27,394.36,0.0,180.95,0.0029332837812585666
1986-09-03,393.94,-0.0010655842692921524,182.77,0.010007781756599776
1986-09-10,393.66,-0.0007110208527079109,183.62,0.004639872949202761
1986-09-17,393.66,0.0,182.36,-0.006885649370312663
1986-09-24,393.66,0.0,181.47,-0.004892404558308527
1986-10-01,391.06,-0.006626591686711869,181.45,-0.00011021712785375115
1986-10-08,380.67,-0.026928142821196488,184.3,0.015584731016699216
1986-10-15,380.67,0.0,184.37,0.000379743406520916
1986-10-22,380.67,0.0,185.0,0.0034112169960254235
1986-10-29,380.67,0.0,184.64,-0.0019478417585894192
1986-11-05,380.39,-0.0007358158690067285,184.98,0.0018397278063790878
1986-11-12,380.21,-0.00047331055314359105,185.01,0.00016216654539658037
1986-11-19,380.21,0.0,185.25,0.001296386504685998
1986-11-26,380.21,0.0,184.4,-0.00459895305370317
1986-12-03,384.76,0.011896031629632375,185.35,0.005138618474247458
1986-12-10,387.79,0.007844192703779562,185.29,-0.00032376430241765064
1986-12-17,387.79,0.0,184.24,-0.005682909781893564
1986-12-24,387.79,0.0,183.69,-0.002989701354456642
1986-12-31,387.79,0.0,183.22,-0.0025619375709107217
1987-01-07,424.38,0.09016532428775914,186.48,0.01763637814043939
1987-01-14,424.38,0.0,187.82,0.007160062648965848
1987-01-21,424.38,0.0,188.68,0.004568401039593439
1987-01-28,424.38,0.0,190.59,0.010072065530490448
1987-02-04,418.33,-0.014358685537414928,193.36,0.014429212448676232
1987-02-11,414.3,-0.009680245655181885,196.02,0.013662958445806339
1987-02-18,414.3,0.0,195.78,-0.0012251150077497996
1987-02-25,414.3,0.0,194.16,-0.008309018414938585
1987-03-04,421.39,0.01696842158275924,195.83,0.008564374510399375
1987-03-11,426.12,0.011162226076881332,196.41,0.0029573751923646086
1987-03-18,426.12,0.0,196.39,-0.00010183299397770185
1987-03-25,426.12,0.0,196.37,-0.00010184336499285962
1987-04-01,428.63,0.005873079180564567,196.12,-0.0012739179791063648
1987-04-08,438.66,0.023130549609717832,198.48,0.011961622600512811
1987-04-15,438.66,0.0,198.94,0.002314932340722109
1987-04-22,438.66,0.0,198.55,-0.0019623141470068717
1987-04-29,438.66,0.0,198.28,-0.0013607844248877399
1987-05-06,447.81,0.020644409779978723,203.05,0.023772080979933996
1987-05-13,450.1,0.005100744985628403,204.95,0.009313792818039346
1987-05-20,450.1,0.0,203.76,-0.005823216279145171
1987-05-27,450.1,0.0,203.59,-0.0008346631146158856
1987-06-03,459.21,0.02003784147283838,203.88,0.0014234179152552429
1987-06-10,465.29,0.013153245337078623,204.72,0.0041116063796931
1987-06-17,465.29,0.0,206.34,0.007882101820696263
1987-06-24,465.29,0.0,206.32,-9.693209914019008e-05
1987-07-01,467.01,0.003689803607064057,206.57,0.0012109764370711318
1987-07-08,473.9,0.014645658257674832,209.52,0.014179862189295456
1987-07-15,473.9,0.0,209.28,-0.0011461319306222961
1987-07-22,473.9,0.0,207.55,-0.008300793769786097
1987-07-29,473.9,0.0,206.93,-0.00299170267531057
1987-08-05,460.52,-0.02864004316807911,208.03,0.0053017282465539495
1987-08-12,451.6,-0.019559453529956805,209.63,0.007661771905500103
1987-08-19,451.6,0.0,211.24,0.0076508558629413415
1987-08-26,451.6,0.0,212.84,0.0075457818894362205
1987-09-02,447.34,-0.009477900393382477,212.58,-0.001222321622733169
1987-09-09,440.94,-0.014410120113288905,211.88,-0.003298311429110079
1987-09-16,440.94,0.0,210.55,-0.006296922068388611
1987-09-23,440.94,0.0,207.13,-0.01637653914050574
1987-09-30,440.94,0.0,206.7,-0.0020781487797085774
1987-10-07,436.2,-0.010807958001306517,213.85,0.03400636798519496
1987-10-14,436.2,0.0,212.19,-0.007792734956909797
1987-10-21,436.2,0.0,211.13,-0.005008042216016584
1987-10-28,436.2,0.0,210.82,-0.0014693686729483346
1987-11-04,428.93,-0.016807118316381597,210.1,-0.0034210809760883976
1987-11-11,424.08,-0.011371618771596204,209.58,-0.002478079804158817
1987-11-18,424.08,0.0,208.74,-0.0040160696548898756
1987-11-25,424.08,0.0,208.39,-0.0016781343089080636
1987-12-02,415.76,-0.019813945979364256,212.04,0.017363612036607634
1987-12-09,403.29,-0.03045226456591532,215.59,0.01660351965031026
1987-12-16,403.29,0.0,216.48,0.004119708652561727
1987-12-23,403.29,0.0,217.34,0.003964783212228262
1987-12-30,403.29,0.0,216.97,-0.0017038524994257287
1988-01-06,404.07,0.0019322241445616228,222.7,0.026066479128042275
1988-01-13,404.26,0.00047010504001843145,223.37,0.0030040150821433187
1988-01-20,404.26,0.0,222.89,-0.0021512131273642154
1988-01-27,404.26,0.0,223.06,0.0007624173482891905
1988-02-03,402.69,-0.0038912001511972605,225.29,0.009947667622660639
1988-02-10,401.65,-0.002585972547832327,226.47,0.005224024630591906
1988-02-17,401.65,0.0,226.57,0.00044146212971973853
1988-02-24,401.65,0.0,225.92,-0.0028729936444857884
1988-03-02,398.6,-0.007622654841127563,228.64,0.011967759876680084
1988-03-09,394.03,-0.01153135924744575,235.01,0.027479352248729327
1988-03-16,394.03,0.0,234.6,-0.0017461302109111898
1988-03-23,394.03,0.0,234.9,0.0012779554454915854
1988-03-30,394.03,0.0,234.95,0.0002128338839577637
1988-04-06,409.22,0.03782586020716483,240.27,0.0223905654548755
1988-04-13,413.02,0.009243109200232524,242.38,0.008743451536640912
1988-04-20,413.02,0.0,242.08,-0.0012384925002955072
1988-04-27,413.02,0.0,242.09,4.1307805116019836e-05
1988-05-04,409.99,-0.007363248781641296,244.73,0.010846004189748903
1988-05-11,407.97,-0.004939126868027444,246.6,0.007612028695333173
1988-05-18,407.97,0.0,248.0,0.005661155434738774
1988-05-25,407.97,0.0,249.25,0.005027662676964972
1988-06-01,405.85,-0.005210009081792144,251.96,0.010813935911780703
1988-06-08,397.39,-0.021065466969236724,260.21,0.032218652561590844
1988-06-15,397.39,0.0,261.9,0.006473754198347059
1988-06-22,397.39,0.0,260.33,-0.006012694521373874
1988-06-29,397.34,-0.00012582889803081088,260.15,-0.0006916692559792992
1988-07-06,383.73,-0.03485315706050596,253.17,-0.027197187898328146
1988-07-13,380.35,-0.008847298836101025,250.41,-0.010961625307229994
1988-07-20,380.36,2.6291227933405992e-05,248.85,-0.006249269226191956
1988-07-27,380.48,0.00031544083117296395,248.32,-0.002132068309708579
1988-08-03,381.02,0.0014182536848723615,246.87,-0.005856354709123046
1988-08-10,381.32,0.0007870504380882437,246.01,-0.0034896967730695394
1988-08-17,381.33,2.6224349309877937e-05,245.92,-0.0003659057223757145
1988-08-24,381.34,2.622366161109113e-05,245.27,-0.0026466352304401752
1988-08-31,381.29,-0.0001311251854021478,245.24,-0.00012232166535852684
1988-09-07,368.89,-0.03306174383292504,240.98,-0.01752338039935708
1988-09-14,368.84,-0.00013555094703043835,240.53,-0.0018691206039767039
1988-09-21,368.84,0.0,239.52,-0.004207901219834831
1988-09-28,368.79,-0.00013556932358138596,239.24,-0.001169688494962351
1988-10-05,362.65,-0.016789194537937924,241.38,0.008905223013395691
1988-10-12,358.69,-0.010979676109753811,243.43,0.008456971671576774
1988-10-19,358.89,0.0005574291512546736,243.65,0.0009033424281863489
1988-10-26,358.83,-0.00016719612143933915,243.12,-0.002177620680977377
1988-11-02,360.1,0.003533031925346819,243.96,0.0034491288197182612
1988-11-09,362.1,0.005538646116765911,245.09,0.004621212599879243
1988-11-16,362.13,8.284660954949175e-05,244.85,-0.000979711879808498
1988-11-23,362.04,-0.000248560422175359,246.32,0.0059857254679185345
1988-11-30,362.27,0.0006350872077716119,246.37,0.00020296738383773771
1988-12-07,399.76,0.09847457686920791,251.21,0.019454771718804054
1988-12-14,399.79,7.504221127963007e-05,252.28,0.004250339076563137
1988-12-21,399.83,0.00010004752265579953,253.44,0.004587526830611033
1988-12-28,399.88,0.00012504532909485278,254.48,0.0040951388148275925
1989-01-04,412.47,0.03099897375827254,257.04,0.010009467366714375
1989-01-11,427.83,0.03656244455953317,256.32,-0.0028050509276091873
1989-01-18,442.9,0.034618090512367417,256.19,-0.0005073071853738398
1989-01-25,435.26,-0.017400457243232026,257.44,0.00486732654945321
1989-02-01,422.73,-0.029209876310797966,255.56,-0.007329467509930687
1989-02-08,420.2,-0.006002888964222741,254.95,-0.0023897682329776515
1989-02-15,419.67,-0.0012621002544515036,254.96,3.9222607916222785e-05
1989-02-22,431.98,0.02891060271965884,255.71,0.00293731975342304
1989-03-01,426.61,-0.012509043950915455,256.57,0.003357542000095748
1989-03-08,428.08,0.003439847077856939,258.35,0.006913722870593553
1989-03-15,434.92,0.01585201212649956,253.72,-0.018083957967497177
1989-03-22,448.64,0.03105867827662223,252.74,-0.0038700044351616114
1989-03-29,451.91,0.0072622605557803865,252.13,-0.002416464819978259
1989-04-05,451.28,-0.001395055530230671,249.93,-0.008763948855628811
1989-04-12,451.31,6.64753653625283e-05,249.23,-0.002804713754605892
1989-04-19,462.71,0.024946043158101894,250.31,0.0043239847968754574
1989-04-26,476.73,0.029849784937470147,250.07,-0.0009592710276349337
1989-05-03,452.14,-0.05295842650498095,249.43,-0.00256256396486787
1989-05-10,445.34,-0.015153831011362584,249.76,0.0013221420624276448
1989-05-17,451.33,0.013360743876154046,251.05,0.005151665713592379
1989-05-24,448.32,-0.00669151610382368,247.26,-0.01521170790193338
1989-05-31,443.45,-0.0109222073261801,245.76,-0.0060849646194736096
1989-06-07,447.5,0.00909148189244835,241.43,-0.017775873955244492
1989-06-14,442.5,-0.011236073266926105,239.6,-0.007608709762768839
1989-06-21,446.53,0.009066122861193016,240.53,0.003873955649859262
1989-06-28,445.2,-0.0029829679077870708,240.23,-0.0012480241240497847
1989-07-05,452.75,0.01681647736213332,240.74,0.002120715184485533
1989-07-12,452.27,-0.0010607501381354467,240.09,-0.002703659904524258
1989-07-19,449.15,-0.006922438950172527,238.58,-0.006309169193265518
1989-07-26,432.46,-0.03786707112946619,240.03,0.006059231676342591
1989-08-02,421.0,-0.026857002863367896,239.95,-0.00033334722588751475
1989-08-09,421.29,0.0006885989658176328,238.59,-0.005683970667100802
1989-08-16,429.8,0.01999855156021102,240.5,0.007973491908662034
1989-08-23,433.07,0.00757939354560655,239.95,-0.002289521241561232
1989-08-30,429.52,-0.008231071639702492,240.54,0.002455827578216052
1989-09-06,431.33,0.004205152273290658,237.82,-0.011372310873038138
1989-09-13,440.17,0.02028755754185596,234.63,-0.013504279727802881
1989-09-20,440.99,0.001861183523325316,234.74,0.0004687133903482632
1989-09-27,437.46,-0.008036926406392197,234.47,-0.0011508707393330653
1989-10-04,446.19,0.01975959722622278,236.47,0.008493702058922636
1989-10-11,446.48,0.0006497362075617019,236.95,0.002027798422029825
1989-10-18,454.91,0.018704990707535174,237.98,0.004337488113410615
1989-10-25,444.44,-0.02328453447190526,237.19,-0.003325128808152833
1989-11-01,444.83,0.0008771239893476945,235.09,-0.008893088168924201
1989-11-08,456.61,0.026137448158162435,235.06,-0.00012761884522305422
1989-11-15,451.91,-0.010346589901367054,236.3,0.005261383488154969
1989-11-22,454.86,0.00650663433431653,235.98,-0.0013551285210890995
1989-11-29,450.15,-0.0104088187417819,236.01,0.00012712133748760124
1989-12-06,461.81,0.025572690527298825,235.1,-0.003863221463237032
1989-12-13,467.44,0.012117447164397,236.04,0.003990326642943742
1989-12-20,479.78,0.026056667255594412,237.03,0.004185433213783618
1989-12-27,481.55,0.0036824025050972153,236.28,-0.003169172963716882
1990-01-03,499.63,0.036857756480168646,234.55,-0.007348757664567884
1990-01-10,505.95,0.012570025688726894,235.92,0.005823979732554108
1990-01-17,507.26,0.002585842480733014,235.43,-0.0020791351501623367
1990-01-24,503.12,-0.00819498242125416,231.95,-0.014891798159105463
1990-01-31,504.99,0.0037099168638521363,230.12,-0.007920919202660137
1990-02-07,499.83,-0.010270586490012334,230.53,0.001780093816411643
1990-02-14,490.99,-0.017844279620746306,231.89,0.00588211548483919
1990-02-21,495.76,0.009668177665511202,234.37,0.01063794186743916
1990-02-28,485.9,-0.02008909724199537,234.01,-0.0015372136764622013
1990-03-07,473.96,-0.024879911463317583,235.23,0.005199909423619253
1990-03-14,460.51,-0.028788358962354543,235.81,0.0024626371141369674
1990-03-21,453.24,-0.015912784473818498,238.87,0.01289307486679192
1990-03-28,459.58,0.013891242414423743,237.26,-0.0067628846589116165
1990-04-04,454.08,-0.012039634955112177,238.02,0.0031981175213369184
1990-04-11,427.52,-0.06027232306345187,237.57,-0.0018923868638633934
1990-04-18,412.84,-0.034940962210493254,236.84,-0.003077509226855568
1990-04-25,427.45,0.03477721377451015,237.97,0.004759807642710001
1990-05-02,427.52,0.00016374843598310207,239.3,0.005573379608042828
1990-05-09,421.52,-0.014133845007195944,241.89,0.010765082450712171
1990-05-16,435.86,0.03345386496663494,242.02,0.0005372900048659091
1990-05-23,416.56,-0.045290582013021385,241.47,-0.0022751255961539485
1990-05-30,403.74,-0.03125940242636194,240.91,-0.0023218220140694967
1990-06-06,404.35,0.0015097331135498493,238.94,-0.00821094537060496
1990-06-13,403.66,-0.0017079000698583258,237.15,-0.007519622065486509
1990-06-20,388.72,-0.03771364937432509,237.32,0.0007165890668510144
1990-06-27,404.22,0.039099994102975266,236.76,-0.002362471567917801
1990-07-04,401.27,-0.007324766761819923,235.72,-0.004402309852811648
1990-07-11,400.72,-0.0013715883894418468,234.69,-0.004379165604613711
1990-07-18,427.15,0.06387231054826614,233.7,-0.004227252820286687
1990-07-25,449.32,0.05060008917574077,232.46,-0.005320074329250524
1990-08-01,457.26,0.01751682813271227,233.52,0.004549559330297548
1990-08-08,531.97,0.15133493986808944,233.47,-0.00021413734851272181
1990-08-15,536.97,0.009355130252347799,234.74,0.005424929474631135
1990-08-22,569.66,0.05909746460233922,235.35,0.0025952491751732865
1990-08-29,567.79,-0.0032880595802300405,234.09,-0.0053681110503713825
1990-09-05,560.31,-0.013261430055002243,232.49,-0.006858443447045559
1990-09-12,593.46,0.05747961298617987,234.02,0.006559368441077851
1990-09-19,614.74,0.035229599209079865,233.61,-0.0017535235338073107
1990-09-26,666.61,0.08100575307238334,230.99,-0.011278638715541689
1990-10-03,680.32,0.02035810845226038,229.26,-0.007517688854599136
1990-10-10,698.89,0.026930086468594183,230.17,0.0039614356487387425
1990-10-17,700.4,0.002158238229574394,226.16,-0.01757545295026741
1990-10-24,616.2,-0.12808001424912963,226.71,0.002428954315402798
1990-10-31,647.64,0.04976340025598436,226.16,-0.002428954315402798
1990-11-07,653.48,0.00897694173975605,222.16,-0.01784487038679128
1990-11-14,644.49,-0.013852621803239984,219.04,-0.014143481458405383
1990-11-21,606.86,-0.06016118440176044,216.26,-0.012772974022747796
1990-11-28,635.02,0.04535837250638597,215.74,-0.00240740857010735
1990-12-05,601.71,-0.053880892793627844,213.03,-0.012640978085171284
1990-12-12,555.92,-0.0791512026599932,214.17,0.005337091320367193
1990-12-19,568.08,0.021637854867766038,215.17,0.004658321182880343
1990-12-26,567.72,-0.0006339144427816024,215.66,0.002274680088566683
1991-01-02,568.88,0.0020411761442060694,216.77,0.005133790152905604
1991-01-09,556.12,-0.022685417273920372,216.73,-0.0001845444065207147
1991-01-16,595.04,0.06764453187541708,215.06,-0.007735280237930908
1991-01-23,496.44,-0.18116599991543936,213.42,-0.007655003773961333
1991-01-30,496.78,0.000684641898634375,212.36,-0.004979107472948385
1991-02-06,479.41,-0.03559109096963198,212.88,0.002445678953963082
1991-02-13,491.21,0.02431555374157135,214.31,0.006694938277150619
1991-02-20,475.56,-0.03237867794154958,214.67,0.0016784003194132424
1991-02-27,435.7,-0.0875391238669474,214.35,-0.001491772222011356
1991-03-06,449.17,0.03044750211438707,215.44,0.005072255459356967
1991-03-13,444.29,-0.010923932864091768,214.98,-0.002137447958425298
1991-03-20,453.59,0.020716203941457678,216.41,0.006629756080613447
1991-03-27,447.11,-0.014389056964344782,217.45,0.004794182418115689
1991-04-03,442.15,-0.011155458329061396,216.94,-0.0023481214315754784
1991-04-10,452.33,0.022762810921105547,216.34,-0.0027695734099282276
1991-04-17,469.05,0.03629737062911076,216.43,0.0004159253242947969
1991-04-24,463.77,-0.011320632895607474,215.52,-0.00421345686438368
1991-05-01,463.92,0.0003233838918328402,214.68,-0.003905165353426554
1991-05-08,467.43,0.007537481329187301,213.08,-0.007480865259829272
1991-05-15,462.35,-0.010927424873725222,214.15,0.0050090220125813545
1991-05-22,462.03,-0.0006923559851639283,216.3,0.009989628897633551
1991-05-29,462.23,0.0004327786621116658,216.98,0.0031388504352909408
1991-06-05,461.7,-0.0011472731876516207,216.34,-0.002953939192161137
1991-06-12,450.09,-0.025467766745912,217.21,0.004013383313458796
1991-06-19,447.19,-0.006464002535731872,217.01,-0.000921192087620426
1991-06-26,449.57,0.0053080101432572135,215.33,-0.007771700309464613
1991-07-03,454.58,0.011082345355456269,213.09,-0.010457123440688498
1991-07-10,459.06,0.009807004741801961,211.67,-0.00668615354574964
1991-07-17,465.78,0.014532499173828484,210.8,-0.004118641464871509
1991-07-24,466.91,0.002423099964386388,206.72,-0.01954459607297032
1991-07-31,463.58,-0.007157549713499023,207.01,0.0014018806830256025
1991-08-07,454.09,-0.020683553616253292,202.86,-0.020251015329413313
1991-08-14,456.82,0.0059940239402100914,201.88,-0.004842624475787538
1991-08-21,459.97,0.006871829744602209,200.05,-0.009106126168817674
1991-08-28,461.5,0.003320783977817321,200.35,0.0014985017789097554
1991-09-04,467.47,0.012853121603785489,198.69,-0.00832001591715592
1991-09-11,462.1,-0.011553857670471679,198.22,-0.0023682961864359697
1991-09-18,464.4,0.004964931947514906,197.47,-0.0037908509093433906
1991-09-25,468.75,0.009323327460884379,195.4,-0.010537934460535858
1991-10-02,475.34,0.01396076016860004,197.21,0.009220411213294533
1991-10-09,488.54,0.027391013993635305,198.1,0.004502802882528023
1991-10-16,495.53,0.014206545394555015,197.5,-0.003033369363328653
1991-10-23,500.03,0.009040199780852909,198.64,0.005755556858734856
1991-10-30,492.87,-0.014422649035908286,198.07,-0.002873637630738557
1991-11-06,506.34,0.026962932811574802,197.61,-0.0023251122484619913
1991-11-13,496.13,-0.02037039124016804,196.03,-0.008027682578378048
1991-11-20,491.5,-0.009376049570541056,198.19,0.010958457793923237
1991-11-27,479.42,-0.024884899641956615,199.14,0.004781928423682302
1991-12-04,474.3,-0.010737007061728754,201.31,0.010837913550798994
1991-12-11,456.89,-0.037397371181095984,201.69,0.001885856638317307
1991-12-18,456.47,-0.0009196812420153577,200.24,-0.007215218025535819
1991-12-25,445.08,-0.025268939170924654,200.1,-0.0006994055338314098
1992-01-01,443.24,-0.004142657221374968,200.7,0.00299401421260459
1992-01-08,443.48,0.0005413208360263155,200.5,-0.00099700905566813
1992-01-15,436.57,-0.015703975929715952,201.95,0.007205895262798023
1992-01-22,442.98,0.014575893324694,206.43,0.021941229873076118
1992-01-29,445.18,0.004954072463334569,209.15,0.013090326005709585
1992-02-05,434.69,-0.023845561403152082,210.71,0.00743108264050818
1992-02-12,432.92,-0.004080179932365979,211.78,0.005065219473592286
1992-02-19,425.56,-0.017147004778780506,211.19,-0.0027897977760247272
1992-02-26,418.01,-0.017900592964593898,211.33,0.0006626905477773448
1992-03-04,417.74,-0.0006461262563997039,211.09,-0.0011363099560819379
1992-03-11,415.71,-0.004871327648437784,212.01,0.004348860552894074
1992-03-18,422.71,0.01669846295444266,212.94,0.004376992515587652
1992-03-25,422.02,-0.0016336584552654188,212.54,-0.0018802299419116153
1992-04-01,427.46,0.012808010469753661,211.9,-0.0030157406702953082
1992-04-08,441.48,0.03227200215701842,213.86,0.009207130054257107
1992-04-15,438.82,-0.006043412690878824,214.5,0.0029881430395608533
1992-04-22,439.07,0.0005695474530016398,214.96,0.002142225939164355
1992-04-29,441.76,0.006107894515038126,213.89,-0.004990100129869113
1992-05-06,453.25,0.02567710145311608,212.75,-0.0053440967238831405
1992-05-13,454.09,0.0018515666453176038,214.04,0.0060451459896198045
1992-05-20,448.03,-0.013435221821586296,214.98,0.004382087101814314
1992-05-27,458.14,0.022314619801736768,213.14,-0.008595773752107405
1992-06-03,475.66,0.037528499033123275,213.51,0.0017344431864794174
1992-06-10,483.09,0.015499658404462657,214.56,0.004905749554078298
1992-06-17,481.07,-0.004190182035206824,214.5,-0.0002796811652965303
1992-06-24,484.3,0.006691759746376036,214.96,0.002142225939164355
1992-07-01,477.34,-0.014475524173785281,215.89,0.004317054401131948
1992-07-08,466.7,-0.022542372279628076,218.17,0.01050555669556541
1992-07-15,462.09,-0.009926975651294079,213.93,-0.01962571669561175
1992-07-22,466.95,0.010462508251251279,212.37,-0.007318822254114288
1992-07-29,470.08,0.006680707429785215,211.9,-0.002215571179953635
1992-08-05,469.78,-0.0006383929738227323,211.15,-0.0035456838943010993
1992-08-12,467.68,-0.004480198648753486,211.32,0.0008047909161623679
1992-08-19,471.16,0.007413437727647576,209.37,-0.009270550598944993
1992-08-26,471.62,0.0009758374944386361,212.95,0.01695437467205263
1992-09-02,475.33,0.007835723073799983,214.75,0.008417164495142515
1992-09-09,485.45,0.021066996157331985,215.94,0.005526030454629627
1992-09-16,490.19,0.009716775232977426,214.26,-0.0078103604845827235
1992-09-23,487.69,-0.0051131129517907326,209.93,-0.02041608901818126
1992-09-30,483.52,-0.008587279012965965,207.63,-0.011016492294348978
1992-10-07,500.38,0.0342751306840583,205.69,-0.00938746853181005
1992-10-14,504.98,0.009151014762273313,204.82,-0.004238636342780211
1992-10-21,502.75,-0.004425795877945227,204.36,-0.002248400184694077
1992-10-28,489.87,-0.025952978870432908,204.56,0.0009781865203342122
1992-11-04,480.66,-0.018979890327248228,206.14,0.007694218625714733
1992-11-11,477.3,-0.0070149354432293975,206.5,0.0017448627924414595
1992-11-18,473.19,-0.008648224844358232,207.83,0.006420025429894061
1992-11-25,473.92,0.0015415319119416182,208.82,0.004752199030982673
1992-12-02,467.13,-0.014430939557991351,211.88,0.01454743981436124
1992-12-09,454.99,-0.026332150833990653,211.3,-0.0027411520543143553
1992-12-16,457.95,0.006484567161543886,212.12,0.003873227646917776
1992-12-23,467.53,0.020703509943861498,215.6,0.016272686765913313
1992-12-30,466.5,-0.002205497505459064,216.98,0.006380344359461887
1993-01-06,454.77,-0.02546622364736173,215.95,-0.004758283987594147
1993-01-13,446.09,-0.019271071255614558,218.78,0.013019759284934374
1993-01-20,445.56,-0.0011888074074333232,217.69,-0.00499462627879943
1993-01-27,454.16,0.019117640885482068,214.73,-0.013690607433804125
1993-02-03,458.49,0.009488922345383344,218.23,0.016168127511867247
1993-02-10,453.73,-0.010436173735205223,224.6,0.028771489813434137
1993-02-17,448.85,-0.010813551269951205,231.58,0.0306043438797845
1993-02-24,450.6,0.0038912717954460163,236.43,0.020726794849540653
1993-03-03,462.31,0.025655633737646788,237.73,0.005483394876513614
1993-03-10,467.92,0.012061679398979841,242.05,0.01800874047552181
1993-03-17,463.06,-0.01044070581171841,240.71,-0.005551426967352668
1993-03-24,458.06,-0.010856455422377564,238.01,-0.011280199822834014
1993-03-31,462.97,0.010662077269870451,234.88,-0.013237944169365967
1993-04-07,469.36,0.013707807447059572,229.84,-0.02169133075511631
1993-04-14,467.83,-0.003265082553691734,225.73,-0.018043819875547484
1993-04-21,463.66,-0.008953457057165437,225.82,0.0003986269568896361
1993-04-28,464.17,0.001099339429342372,221.23,-0.020535337430480638
1993-05-05,476.41,0.026027963588815872,219.25,-0.008990253069603327
1993-05-12,479.18,0.005797481678308181,212.76,-0.03004786137817561
1993-05-19,466.94,-0.025875539945922732,213.49,0.003425223290116186
1993-05-26,469.07,0.004551241283101248,214.09,0.002806494194397935
1993-06-02,467.21,-0.003973175645850979,211.93,-0.01014045589014767
1993-06-09,449.07,-0.039600057799287214,213.38,0.006818582294831899
1993-06-16,439.51,-0.021518307600316255,213.63,0.001170932898828525
1993-06-23,434.58,-0.011280422559647896,213.72,0.00042120042742688213
1993-06-30,436.52,0.004454145809599019,207.78,-0.028186919447184877
1993-07-07,426.3,-0.02369086947372434,206.91,-0.00419591153107568
1993-07-14,422.62,-0.008669893632383463,205.9,-0.004893302077565664
1993-07-21,416.7,-0.014106891710373937,210.92,0.024088300628524628
1993-07-28,423.72,0.01670632129988814,217.55,0.030949794504420147
1993-08-04,426.35,0.006187745459762972,215.91,-0.007567054978866672
1993-08-11,423.72,-0.006187745459762972,214.48,-0.006645160260118743
1993-08-18,428.98,0.012337438066353457,210.42,-0.019110960547561895
1993-08-25,432.03,0.0070847324827516545,209.45,-0.004620485987097744
1993-09-01,437.01,0.011461047851565098,213.33,0.018355215170492656
1993-09-08,430.33,-0.01540372191381767,213.22,-0.0005157660412073994
1993-09-15,422.81,-0.01762945065392163,214.65,0.006684298148240231
1993-09-22,430.45,0.017908267542737555,212.38,-0.01063167169486956
1993-09-29,436.36,0.013636417625591868,214.05,0.00783250961525539
1993-10-06,433.91,-0.005630451405850501,209.67,-0.020674766433807612
1993-10-13,432.35,-0.0036016939172656137,211.54,0.008879239742759282
1993-10-20,427.26,-0.011842718184351675,214.17,0.012355986282572395
1993-10-27,420.52,-0.015900686514457973,218.95,0.02207330106492833
1993-11-03,420.94,0.0009982650033961704,220.78,0.008323337342797998
1993-11-10,420.31,-0.0014977714538471076,225.55,0.021375133264199597
1993-11-17,419.62,-0.001642994428624256,224.93,-0.0027526211661976774
1993-11-24,415.38,-0.010155775910566156,226.41,0.006558272276679489
1993-12-01,404.29,-0.027061321685492246,230.98,0.019983611722054206
1993-12-08,400.94,-0.008320652056166722,233.63,0.01140754067892491
1993-12-15,398.96,-0.004950628938462209,231.58,-0.008813281181739185
1993-12-22,392.99,-0.015076994984964287,236.17,0.019626498504933032
1993-12-29,393.47,0.0012206598163935212,238.97,0.011786136351226162
1994-01-05,391.55,-0.004891604872350186,240.62,0.006880904565091939
1994-01-12,391.44,-0.00028097421607853335,237.4,-0.013472443429810355
1994-01-19,391.03,-0.0010479635961067046,238.34,0.003951743487092152
1994-01-26,393.89,0.00728739911573939,238.47,0.0005452905904714811
1994-02-02,404.07,0.025516447778332285,235.92,-0.01075075174611051
1994-02-09,405.03,0.0023730081584316665,239.94,0.016896127579761
1994-02-16,389.77,-0.038404316870467525,240.09,0.000624960960283083
1994-02-23,389.09,-0.001746142240652837,242.05,0.008130463338638094
1994-03-02,395.27,0.015758396368770633,240.52,-0.006341070214334721
1994-03-09,390.65,-0.011757057252161474,239.32,-0.005001677649537406
1994-03-16,394.55,0.009933856524290796,239.06,-0.0010870020719959683
1994-03-23,400.83,0.015791522301867644,237.77,-0.00541074658552354
1994-03-30,394.63,-0.015588780214450537,236.18,-0.0067095936911760745
1994-04-06,393.64,-0.0025118310236766916,232.86,-0.014156811564265404
1994-04-13,394.02,0.0009648834001518836,229.81,-0.013184534040055595
1994-04-20,405.1,0.027732280777708063,227.06,-0.012038580832427037
1994-04-27,412.65,0.018465825830048743,223.51,-0.015758143954383463
1994-05-04,406.49,-0.01504044759942147,230.61,0.03127181624714659
1994-05-11,414.43,0.01934475370808908,235.45,0.020770604660413028
1994-05-18,419.4,0.011921036320458711,235.55,0.00042462845648660874
1994-05-25,424.54,0.012181111348477991,239.51,0.01667196448670527
1994-06-01,417.63,-0.01641035674771185,240.97,0.0060772747816555395
1994-06-08,407.4,-0.02480036927588003,242.71,0.007194870600756964
1994-06-15,417.55,0.024608793806532248,244.19,0.006079295782011052
1994-06-22,432.51,0.03520114989268386,241.25,-0.012112870578083523
1994-06-29,419.71,-0.030041450893455668,234.49,-0.02842079716528012
1994-07-06,422.94,0.007666328415372625,234.7,0.0008951598031625707
1994-07-13,428.72,0.013573700172756276,234.87,0.0007240667309549309
1994-07-20,426.03,-0.006294258861563762,238.97,0.017305851452353416
1994-07-27,423.1,-0.006901208599009223,236.43,-0.010685840006618541
1994-08-03,431.66,0.020029683604802173,232.21,-0.018010046375067645
1994-08-10,422.42,-0.02163816157482845,236.26,0.017290758861774336
1994-08-17,407.09,-0.0369657885379544,238.26,0.008429620850840536
1994-08-24,397.14,-0.024745427859155456,237.1,-0.004880521299854834
1994-08-31,398.4,0.0031676623515570768,236.03,-0.004523077480572013
1994-09-07,391.99,-0.01622019644945283,237.77,0.007344904273523412
1994-09-14,388.29,-0.009483846138533814,234.24,-0.014957589091364909
1994-09-21,385.36,-0.007574520800490703,229.81,-0.019093350204132165
1994-09-28,393.23,0.020216720090421525,229.86,0.00021754737179868755
1994-10-05,389.67,-0.009094455325085349,230.27,0.0017821055289148902
1994-10-12,380.52,-0.023761488749046045,232.15,0.008131180996403309
1994-10-19,371.96,-0.02275241672825956,236.67,0.01928305130917707
1994-10-26,377.17,0.013909692582327438,241.81,0.02148552804339765
1994-11-02,393.73,0.04296938100668424,244.66,0.011717197800264145
1994-11-09,404.78,0.027678314439051555,244.91,0.0010213044987663622
1994-11-16,394.8,-0.02496440207873274,245.15,0.000979471979706048
1994-11-23,394.66,-0.0003546728180472414,247.06,0.007760954011425625
1994-11-30,395.47,0.0020502962392283663,244.87,-0.008903764633333644
1994-12-07,393.04,-0.006163543120115023,244.27,-0.0024532865884241417
1994-12-14,392.04,-0.0025475124594134257,242.26,-0.008262641298253826
1994-12-21,390.38,-0.004243251682514604,243.67,0.005803321290004604
1994-12-28,397.99,0.019306255622177915,246.49,0.01150657382986342
1995-01-04,392.08,-0.014960978739350317,249.69,0.012898723717588823
1995-01-11,386.79,-0.013583990510436905,252.58,0.011507881791910535
1995-01-18,393.3,0.016690769346908496,252.9,0.0012661234578956737
1995-01-25,399.11,0.014664388679866747,254.3,0.005520518752154757
1995-02-01,393.68,-0.013698671559907893,253.66,-0.0025198847887910603
1995-02-08,387.7,-0.015306551880839514,252.39,-0.00501927740845165
1995-02-15,385.0,-0.0069885103890987565,252.14,-0.0009910214277084606
1995-02-22,390.8,0.014952585880843472,250.81,-0.005288808430947256
1995-03-01,386.31,-0.01155576421482607,248.91,-0.007604295027872077
1995-03-08,381.79,-0.011769436728579663,253.41,0.01791734506321152
1995-03-15,375.81,-0.015787022701012177,252.47,-0.0037163006319795855
1995-03-22,381.47,0.014948514148882985,252.17,-0.0011889665319477771
1995-03-29,387.59,0.0159158692170962,251.89,-0.001110978965995102
1995-04-05,393.44,0.014980498577693346,251.04,-0.0033801952928707024
1995-04-12,401.72,0.02082675005725587,249.96,-0.004311383923841561
1995-04-19,402.48,0.0018900776579249268,249.0,-0.0038480085961731803
1995-04-26,410.27,0.019170073360587736,250.24,0.004967560892239042
1995-05-03,412.76,0.006050830703862253,250.12,-0.00047965465784916006
1995-05-10,412.47,-0.0007028343902613088,250.21,0.00035976256059289113
1995-05-17,408.95,-0.008570576676269148,248.08,-0.00854929046749664
1995-05-24,409.29,0.0008310520619092543,249.55,0.005908021123424589
1995-05-31,396.5,-0.03174791016799006,250.2,0.002601302117192894
1995-06-07,398.37,0.004705180595443892,255.28,0.02010038393717739
1995-06-14,395.57,-0.007053458973280691,253.33,-0.007667995339024181
1995-06-21,387.84,-0.01973487925617068,257.1,0.014772127640879873
1995-06-28,379.42,-0.021949112516495006,262.48,0.020709774381002077
1995-07-05,371.67,-0.020637407128642593,265.07,0.009819053395053956
1995-07-12,369.11,-0.006911661198065744,268.2,0.011739028799677698
1995-07-19,368.76,-0.0009486766672974767,271.49,0.012192335435559087
1995-07-26,367.57,-0.0032322492253129553,268.35,-0.011633207660298517
1995-08-02,369.93,0.00640002184546784,265.6,-0.01030068102055992
1995-08-09,367.32,-0.007080395805227013,264.31,-0.0048687609151309985
1995-08-16,366.5,-0.0022348814186159416,266.52,0.008326631007189
1995-08-23,374.57,0.021780180051820253,270.82,0.01600510586034165
1995-08-30,377.22,0.00704987024449899,271.56,0.0027287158787681065
1995-09-06,381.59,0.011518162157003964,272.18,0.002280502698725151
1995-09-13,386.87,0.013741985504232446,275.14,0.0108164469006784
1995-09-20,392.06,0.013326170018016725,276.28,0.0041347851879223185
1995-09-27,373.38,-0.04881822149309656,274.33,-0.007083082953919018
1995-10-04,377.21,0.010205393733383694,273.44,-0.0032495418995726055
1995-10-11,373.69,-0.009375484841867454,274.06,0.0022648411507741883
1995-10-18,377.97,0.011388250689949864,271.33,-0.010011268271370888
1995-10-25,378.36,0.0010312959543217204,269.08,-0.008327059089278777
1995-11-01,381.07,0.007136961940108044,272.43,0.012372967212441743
1995-11-08,389.77,0.022573736281719547,277.31,0.01775431362835267
1995-11-15,388.48,-0.0033151331357181846,277.7,0.0014053803145541721
1995-11-22,394.07,0.01428687006092133,271.56,-0.022358284879307355
1995-11-29,394.04,-7.613150452190354e-05,271.58,7.364583720281814e-05
1995-12-06,409.72,0.03902157258085559,272.16,0.0021333733769024477
1995-12-13,416.21,0.01571594101269813,273.29,0.0041433737890193
1995-12-20,422.44,0.014857484297241541,273.86,0.0020835244675172504
1995-12-27,421.14,-0.0030821049078886276,275.29,0.005208060574569906
1996-01-03,438.75,0.04096445480969013,269.4,-0.021627823502394783
1996-01-10,451.42,0.028468395223534948,261.61,-0.029342418824131578
1996-01-17,429.32,-0.05019560839028614,262.18,0.0021764456175317193
1996-01-24,433.99,0.010818930746967936,263.02,0.003198784144155198
1996-01-31,417.22,-0.03940783174415152,264.91,0.007160070746063951
1996-02-07,410.31,-0.016700689054570894,264.02,-0.0033652878072691905
1996-02-14,417.68,0.01780261754072754,265.88,0.007020221320767739
1996-02-21,445.96,0.06551367279707332,262.45,-0.012984491475072524
1996-02-28,446.54,0.001299720070920607,263.9,0.00550965581096996
1996-03-06,437.8,-0.019766796881528492,259.98,-0.014965538529405187
1996-03-13,442.91,0.011604404045649552,259.23,-0.0028890064584556896
1996-03-20,481.18,0.08287483134258888,261.36,0.008183068771397295
1996-03-27,479.77,-0.0029345980787640613,262.63,0.004847430244188544
1996-04-03,470.1,-0.020361384368151825,261.66,-0.0037002464542732483
1996-04-10,484.39,0.029944929339971615,261.37,-0.0011089231199665761
1996-04-17,503.91,0.03950731332696478,264.4,0.011526080014767182
1996-04-24,496.48,-0.01485447999695122,269.31,0.018400024459175768
1996-05-01,468.29,-0.058455438571582974,268.55,-0.0028260160852378036
1996-05-08,443.12,-0.05524714840363831,272.21,0.013536710883957248
1996-05-15,444.85,0.0038965329659275127,277.12,0.01787679813864429
1996-05-22,454.71,0.021922706420898663,276.3,-0.0029633934446993138
1996-05-29,449.17,-0.012258417873891148,277.55,0.00451386520679975
1996-06-05,427.64,-0.04911971509248492,272.98,-0.016602564708120937
1996-06-12,430.22,0.00601498561235303,273.1,0.00043949605160964467
1996-06-19,439.14,0.020521563083538474,270.13,-0.010934703874818652
1996-06-26,432.52,-0.015189700763854397,265.85,-0.015971084654493595
1996-07-03,446.39,0.03156444130515723,266.45,0.002254368792444339
1996-07-10,450.32,0.008765431773277932,268.27,0.006807327304694688
1996-07-17,460.43,0.022202394298888706,268.57,0.0011176515581121649
1996-07-24,450.33,-0.02218018811446587,267.41,-0.00432852647919546
1996-07-31,438.01,-0.027738906174143985,267.34,-0.00026180458307578647
1996-08-07,449.52,0.025938605637892742,266.63,-0.0026593269975014877
1996-08-14,460.73,0.024631841316065994,270.75,0.015333956335274124
1996-08-21,468.54,0.016809288782630105,270.12,-0.0023295811744583617
1996-08-28,460.11,-0.01815588557184089,269.12,-0.003708927922057903
1996-09-04,462.09,0.004294085973677753,265.24,-0.014522300283916323
1996-09-11,471.57,0.020307876103780487,263.0,-0.00848104432290242
1996-09-18,471.49,-0.00016966046739774754,252.41,-0.04109928264419693
1996-09-25,472.43,0.001991694869770022,247.84,-0.01827137286500946
1996-10-02,477.01,0.009647867218550488,253.76,0.0236055617779245
1996-10-09,489.81,0.026480105777003438,255.12,0.005345084255319321
1996-10-16,489.45,-0.0007352490987431182,258.17,0.011884259959500376
1996-10-23,496.06,0.01341457544341651,257.95,-0.0008525149706439805
1996-10-30,483.35,-0.02595585824024127,256.68,-0.004935594808343602
1996-11-06,498.79,0.03144413657882339,256.44,-0.0009354537632582094
1996-11-13,515.75,0.033436986461922835,262.18,0.022136571650606562
1996-11-20,525.52,0.018766096632856666,258.12,-0.015606697702024164
1996-11-27,521.87,-0.006969733863317451,263.18,0.019413615654355176
1996-12-04,558.92,0.06858783549134717,254.52,-0.03345879035740307
1996-12-11,586.17,0.047603499682281836,252.55,-0.007770169450529885
1996-12-18,589.71,0.006021040743288353,253.27,0.0028468644429962
1996-12-25,612.26,0.03752613825829787,258.52,0.0205169470376374
1997-01-01,597.77,-0.023950964313566914,253.32,-0.0203195487464658
1997-01-08,622.15,0.03997515663909201,252.23,-0.004312141980045148
1997-01-15,617.16,-0.008052911646815097,254.16,0.0076226202930769205
1997-01-22,607.26,-0.01617127414596009,253.94,-0.0008659713196159657
1997-01-29,592.93,-0.023880687243719834,255.07,0.004439998649780286
1997-02-05,565.03,-0.04819752110318554,253.34,-0.006805557235939119
1997-02-12,520.26,-0.08255014046483566,251.31,-0.008045223221658127
1997-02-19,520.62,0.0006917224163291991,251.28,-0.00011938160343660797
1997-02-26,505.59,-0.02929434487741478,252.02,0.002940594211155556
1997-03-05,453.22,-0.10934840534925971,256.94,0.019334145161916894
1997-03-12,427.99,-0.05727782798391701,256.24,-0.0027280893025611874
1997-03-19,436.62,0.019963420764188555,253.49,-0.01079013077950286
1997-03-26,436.19,-0.0009853233459500288,255.38,0.007428257475135425
1997-04-02,422.0,-0.033072614205088335,254.49,-0.003491089508782075
1997-04-09,407.24,-0.03560262179701734,255.0,0.0020020026706726313
1997-04-16,411.95,0.0114992905226039,258.54,0.013786875697375578
1997-04-23,413.39,0.003489474546664262,260.03,0.005746588118817897
1997-04-30,417.01,0.008718745018351015,259.42,-0.0023486390620925945
1997-05-07,423.62,0.015726624639238018,258.94,-0.0018519952820250651
1997-05-14,439.38,0.036527815335181124,260.23,0.004969480728049369
1997-05-21,446.63,0.016365869054044246,258.58,-0.006360731532144115
1997-05-28,440.65,-0.013479601809407882,255.32,-0.012687463438550317
1997-06-04,444.92,0.009643581178159444,251.98,-0.013167941105373338
1997-06-11,426.89,-0.04136812192389794,252.13,0.0005951082280732933
1997-06-18,427.0,0.000257644428693915,254.49,0.00931671497719666
1997-06-25,425.57,-0.0033545664074416948,254.41,-0.0003144036182316512
1997-07-02,434.49,0.02074348265969128,252.59,-0.007179518018635811
1997-07-09,425.23,-0.021542730469045424,250.78,-0.0071915600884935316
1997-07-16,423.0,-0.005258019965551419,249.96,-0.0032751557015116006
1997-07-23,422.63,-0.0008750872689269329,249.24,-0.002884617384859567
1997-07-30,428.62,0.014073653729179014,251.52,0.009106221564820771
1997-08-06,433.08,0.010351722936167818,251.71,0.0007551219483268312
1997-08-13,425.04,-0.01873918630000926,251.31,-0.0015903943553405853
1997-08-20,426.3,0.0029600416284765174,250.77,-0.0021510524546535237
1997-08-27,418.56,-0.018323074942385276,248.08,-0.010784909586980973
1997-09-03,430.74,0.028684410987667164,245.68,-0.009721398659626956
1997-09-10,434.73,0.009220488909496005,243.83,-0.007558614973926403
1997-09-17,433.96,-0.001772784771692848,241.61,-0.009146405226076126
1997-09-24,436.17,0.005079711657193897,239.89,-0.007144370990733506
1997-10-01,459.41,0.05191098192950072,238.24,-0.006901916006131437
1997-10-08,501.99,0.08863714163364733,240.33,0.008734409959435752
1997-10-15,491.51,-0.02109791391438609,240.16,-0.0007076110099832889
1997-10-22,486.58,-0.010080957276230151,241.75,0.006598766448251858
1997-10-29,483.83,-0.00566772263586568,240.52,-0.005100888162035133
1997-11-05,498.79,0.030451560141328216,243.31,0.011533104294220387
1997-11-12,503.8,0.00999419842907212,242.71,-0.0024690354504208756
1997-11-19,501.32,-0.004934744175188577,240.98,-0.007153372520037671
1997-11-26,486.25,-0.030521724810665063,239.22,-0.0073303118738117234
1997-12-03,457.98,-0.05989737989422217,237.73,-0.0062480547111372076
1997-12-10,438.52,-0.04342009423209525,233.69,-0.01714012518246566
1997-12-17,432.71,-0.013337663142293898,232.31,-0.005922764094842492
1997-12-24,434.73,0.004657391061897442,229.78,-0.010950357207653916
1997-12-31,429.36,-0.012429420857369422,227.28,-0.010939591879286503
1998-01-07,409.0,-0.048580571825771024,222.46,-0.021435427382049177
1998-01-14,402.84,-0.015175695262858113,221.25,-0.005454026275844903
1998-01-21,399.96,-0.007174918672295583,224.12,0.012888338809045052
1998-01-28,400.95,0.0024721891453891587,226.32,0.009768304296228436
1998-02-04,396.93,-0.01007678853060856,227.79,0.006474224899940317
1998-02-11,385.09,-0.030282869519947297,228.53,0.003243340851541099
1998-02-18,378.47,-0.017340263704017644,229.13,0.0026220353264578833
1998-02-25,373.56,-0.013058175256946747,224.35,-0.021082195649259283
1998-03-04,374.76,0.0032071868414700333,221.44,-0.013055659992687652
1998-03-11,367.59,-0.019317634453522636,223.79,0.010556439697759323
1998-03-18,357.89,-0.026742510013412435,223.02,-0.0034466585898478286
1998-03-25,377.3,0.0528149503542128,225.08,0.009194441027862155
1998-04-01,390.64,0.034745792783139606,227.01,0.00853817480946173
1998-04-08,383.67,-0.01800361164006592,228.65,0.0071983807295241675
1998-04-15,381.27,-0.006275022551250231,230.89,0.00974895652684804
1998-04-22,382.68,0.003691345247878175,229.91,-0.004253478635066976
1998-04-29,370.65,-0.03194090970723806,227.49,-0.010581646614890694
1998-05-06,386.17,0.04101946591587069,227.39,-0.0004396764052545521
1998-05-13,381.3,-0.012691220155081062,225.49,-0.008390792914279466
1998-05-20,365.39,-0.04262119056284952,223.44,-0.009132890424498719
1998-05-27,373.77,0.02267535867821291,220.29,-0.014198061505292792
1998-06-03,370.59,-0.008544304762049926,216.14,-0.01901851425660883
1998-06-10,358.24,-0.033893177366387306,217.56,0.006548328679739868
1998-06-17,331.71,-0.07694205962802414,219.05,0.006825339705147648
1998-06-24,345.99,0.042148779683536475,220.93,0.008545895003029713
1998-07-01,356.59,0.030176789505091506,219.51,-0.00644811969888881
1998-07-08,363.03,0.017898813067022346,217.5,-0.00919893903530955
1998-07-15,365.0,0.005411878104420786,213.64,-0.017906495057169458
1998-07-22,362.61,-0.0065694770430164695,214.99,0.006299159946487443
1998-07-29,362.8,0.0005238417015069885,216.22,0.005704892446568799
1998-08-05,353.3,-0.026534163875882477,215.21,-0.004682112255132154
1998-08-12,339.3,-0.040432882574915396,216.51,0.006022440142798402
1998-08-19,337.89,-0.004164273062468915,216.27,-0.0011091086676948692
1998-08-26,341.98,0.012031857092731357,213.6,-0.012422519998557036
1998-09-02,337.47,-0.01327563834760248,209.81,-0.01790274781743051
1998-09-09,341.99,0.013304879396188518,209.43,-0.0018128046181900004
1998-09-16,343.11,0.0032695985922028825,208.96,-0.0022467085623532057
1998-09-23,354.1,0.031528263656622535,208.52,-0.0021078861881607125
1998-09-30,358.82,0.013241510873380768,208.56,0.00019180972534105223
1998-10-07,373.43,0.0399097006850031,204.46,-0.019854412296378854
1998-10-14,359.83,-0.03709887298033543,207.15,0.013070811194543452
1998-10-21,353.29,-0.01834244828842202,206.87,-0.001352591868453601
1998-10-28,356.75,0.009746006949461261,204.97,-0.00922694968892035
1998-11-04,368.51,0.03243259194630532,204.02,-0.004645598711664256
1998-11-11,366.55,-0.0053329106336557075,206.27,0.010967961956129813
1998-11-18,357.31,-0.025531185346460816,209.02,0.013243950955854622
1998-11-25,339.48,-0.05118871722165785,209.32,0.001434240337649939
1998-12-02,332.61,-0.020444402649106408,209.38,0.0002866013872013795
1998-12-09,336.17,0.010646351941036691,205.61,-0.018169612360698473
1998-12-16,336.71,0.001605041362284787,202.64,-0.014550164837090485
1998-12-23,331.58,-0.01535291794437299,202.59,-0.0002467734385591669
1998-12-30,338.22,0.0198274635102198,204.68,0.010263551682030858
1999-01-06,340.89,0.007863273276488947,206.46,0.008658905100552339
1999-01-13,348.87,0.02313951537503378,209.76,0.01585733097794595
1999-01-20,335.78,-0.03824317636480945,213.08,0.015703662033408783
1999-01-27,339.6,0.011312270828940818,217.0,0.018229671491661215
1999-02-03,333.82,-0.017166528886921384,215.64,-0.006287002956991472
1999-02-10,319.02,-0.04534812880596917,215.71,0.00032456242315692663
1999-02-17,317.34,-0.0052800424383585565,212.31,-0.015887442250821948
1999-02-24,324.28,0.02163358581356256,213.66,0.006338495761937679
1999-03-03,326.67,0.007343146906573672,212.2,-0.006856740337858547
1999-03-10,340.82,0.042403991653166884,212.9,0.0032933457195518656
1999-03-17,352.37,0.033327281225483674,211.47,-0.006739427445539903
1999-03-24,361.71,0.02616102589259839,211.67,0.0009453136781845117
1999-03-31,374.8,0.03554976456693826,212.34,0.003160305453348222
1999-04-07,382.06,0.0191851139712389,210.56,-0.008418115448474595
1999-04-14,379.17,-0.0075930110083612945,211.33,0.0036502446371082797
1999-04-21,393.43,0.036918507981612336,213.8,0.011620105816883886
1999-04-28,400.1,0.01681135455443261,216.56,0.012826646715101475
1999-05-05,426.55,0.06401507749151403,219.59,0.013894525951854142
1999-05-12,430.18,0.008474132393583744,221.36,0.008028164220770684
1999-05-19,423.14,-0.01650063219311626,222.05,0.0031122462594401767
1999-05-26,417.4,-0.013658098912070926,221.04,-0.004558901122949877
1999-06-02,411.61,-0.013968695545876209,218.91,-0.009682994169522452
1999-06-09,421.91,0.024715722051297462,222.64,0.016895430771996622
1999-06-16,431.42,0.022290072418049256,226.51,0.0172329768412407
1999-06-23,428.04,-0.007865444407769928,227.29,0.0034376411111916028
1999-06-30,433.91,0.01362049016490463,230.57,0.014327768798453988
1999-07-07,451.57,0.03989326027575846,229.9,-0.0029100721993859935
1999-07-14,454.3,0.00602737316589419,232.19,0.00991157024513889
1999-07-21,454.67,0.0008141083213644151,231.89,-0.0012928807179308777
1999-07-28,458.82,0.009086095197466726,229.9,-0.008618689527208012
1999-08-04,472.0,0.02832100930136594,224.9,-0.021988572803866013
1999-08-11,484.87,0.026901828185342147,222.95,-0.008708327891784329
1999-08-18,490.88,0.012318884967939425,222.4,-0.002469968697058178
1999-08-25,488.06,-0.005761349623849554,218.62,-0.01714249951073743
1999-09-01,496.79,0.017729052477218232,220.27,0.0075190037303762836
1999-09-08,521.48,0.048503521202373,221.8,0.006922008320200845
1999-09-15,541.01,0.03676684016942566,221.49,-0.0013986331770832194
1999-09-22,550.25,0.01693495744256701,219.79,-0.007704896710001741
1999-09-29,555.71,0.009873855038607715,218.44,-0.0061611677452289015
1999-10-06,533.6,-0.040600080843764985,216.22,-0.010214969419327424
1999-10-13,507.52,-0.050110375594985435,214.9,-0.006123604216161205
1999-10-20,513.59,0.011889162774788353,218.89,0.01839651687659849
1999-10-27,517.75,0.008067218494477224,218.53,-0.001646015643001597
1999-11-03,527.09,0.017878811673382344,221.56,0.013770128282842187
1999-11-10,557.2,0.05555292995657446,225.68,0.01842463352883783
1999-11-17,578.58,0.037652583844697496,228.6,0.012855684666968514
1999-11-24,597.67,0.032461936415963066,230.75,0.009361122022252033
1999-12-01,579.15,-0.03147725078795638,232.5,0.007555351644449537
1999-12-08,541.36,-0.067477019454385,230.14,-0.010202405632099065
1999-12-15,539.53,-0.0033861017282363903,225.21,-0.02165451914229166
1999-12-22,545.75,0.0114626052343203,227.57,0.010424583118106234
1999-12-29,544.3,-0.002660429989899349,229.27,0.007442464963443918
2000-01-05,530.47,-0.025737159409279897,232.49,0.01394686501516329
2000-01-12,523.07,-0.014048107709918156,234.8,0.009886874604207563
2000-01-19,567.01,0.08066164193557501,234.27,-0.0022597916112481187
2000-01-26,607.57,0.06909045465757657,231.77,-0.010728795728224938
2000-02-02,611.35,0.006202231676090797,234.8,0.012988587339473057
2000-02-09,609.99,-0.002227062999838658,236.55,0.007425514123215571
2000-02-16,616.88,0.011231951934345119,238.8,0.00946677944128993
2000-02-23,609.21,-0.012511479667969283,237.6,-0.005037794029957077
2000-03-01,621.34,0.019715400276862916,234.39,-0.013602192811727143
2000-03-08,655.58,0.05364190386440093,235.32,0.003959895319492368
2000-03-15,649.94,-0.008640289061241369,234.4,-0.003917232293397355
2000-03-22,628.93,-0.032860088187606884,235.4,0.004257137123317989
2000-03-29,610.95,-0.02900483998662029,233.74,-0.0070768083211651955
2000-04-05,602.32,-0.014226257220664174,234.88,0.004865358921139595
2000-04-12,592.75,-0.016016140596351924,234.92,0.00017028522816797675
2000-04-19,620.35,0.045511109943365824,231.38,-0.015183650053575803
2000-04-26,626.91,0.010519154771235328,229.49,-0.008201925034222235
2000-05-03,624.22,-0.004300119324243568,231.22,0.007510182680655397
2000-05-10,647.23,0.03619884785698613,229.51,-0.007423036711101005
2000-05-17,692.2,0.06717321300838552,228.74,-0.0033606141830038183
2000-05-24,730.9,0.05440172028510126,225.66,-0.013556545642770423
2000-05-31,773.94,0.05721769971875457,224.47,-0.005287373746845958
2000-06-07,774.19,0.00032297029599970273,224.35,-0.0005347355414624388
2000-06-14,780.01,0.007489418613175758,226.32,0.008742594571319984
2000-06-21,807.97,0.03521818900466123,226.06,-0.0011494762307266981
2000-06-28,826.32,0.022457178579441184,224.67,-0.006167791833200376
2000-07-05,798.67,-0.03403426351715311,226.33,0.007361452312249384
2000-07-12,762.92,-0.045794667672999445,224.56,-0.007851179188007151
2000-07-19,776.45,0.017579072506972437,222.53,-0.009081008075602526
2000-07-26,711.26,-0.08769420391954075,219.28,-0.014712471983494346
2000-08-02,708.81,-0.003450537552163624,219.03,-0.0011407452584260014
2000-08-09,773.68,0.08757084386521452,216.02,-0.013837710745776555
2000-08-16,801.01,0.03471507997622858,215.58,-0.002038925636845157
2000-08-23,826.51,0.03133858501649822,213.15,-0.01133592714226328
2000-08-30,834.25,0.009321101230048257,212.61,-0.002536641720944921
2000-09-06,865.92,0.03725940791088522,212.13,-0.0022602072060156075
2000-09-13,884.64,0.021388257047254555,213.65,0.007139867805775246
2000-09-20,930.33,0.05035857932699006,216.14,0.01158718378498591
2000-09-27,882.52,-0.052757910476442405,215.9,-0.0011110083542584803
2000-10-04,869.51,-0.014851616849402838,213.25,-0.012350151148972977
2000-10-11,868.59,-0.0010586273355039921,210.86,-0.011270780222984556
2000-10-18,918.1,0.0554351098943906,208.4,-0.011735096269592127
2000-10-25,872.73,-0.050680087496980164,209.24,0.00402260862319892
2000-11-01,829.93,-0.05028486976802249,206.46,-0.013375229464966942
2000-11-08,846.9,0.02024126404290172,207.43,0.0046872443206105174
2000-11-15,940.9,0.10525424008516637,210.49,0.014644212697696446
2000-11-22,994.17,0.05507135417748987,211.6,0.005259553928393501
2000-11-29,995.37,0.0012063091423328842,213.43,0.00861121007133292
2000-12-06,1016.38,0.020888046627461243,213.06,-0.0017350938724254306
2000-12-13,1051.56,0.034027480895756135,211.72,-0.00630916919326463
2000-12-20,1036.46,-0.01446371513800404,209.99,-0.008204736453760297
2000-12-27,1086.87,0.04749094503518414,208.96,-0.004917064447960584
2001-01-03,1058.98,-0.025995825071136736,207.07,-0.00908594573613275
2001-01-10,1092.87,0.03150108272014318,208.07,0.004817661194556955
2001-01-17,1024.67,-0.06443665388637054,203.73,-0.02107897375268042
2001-01-24,963.77,-0.061273211583582565,204.7,0.004749904873433408
2001-01-31,891.19,-0.07829502864778082,207.57,0.013923139511585525
2001-02-07,855.76,-0.04056768528633725,210.22,0.012685969216379434
2001-02-14,852.08,-0.00430954386296456,206.78,-0.016499175236661223
2001-02-21,793.61,-0.07108826243718536,204.43,-0.01142980756163059
2001-02-28,763.99,-0.038037456622102006,203.9,-0.002595941016506842
2001-03-07,769.46,0.007134270045842328,207.86,0.01923509857986616
2001-03-14,746.88,-0.029784440463329176,210.85,0.014282204032292967
2001-03-21,735.72,-0.015054918095539271,212.84,0.009393729535600137
2001-03-28,761.43,0.03434863271282751,213.99,0.005388575229887671
2001-04-04,746.78,-0.019427613898448826,212.04,-0.00915434883845112
2001-04-11,778.27,0.04130287729747906,214.83,0.013072081567353067
2001-04-18,782.13,0.004947459463657822,218.36,0.01629805922659866
2001-04-25,738.49,-0.05741340621976576,222.84,0.020308948239057933
2001-05-02,730.6,-0.010741446557164913,228.35,0.02442551447839314
2001-05-09,694.2,-0.05110601093349576,235.46,0.030661508019042216
2001-05-16,701.59,0.010589084393020087,238.54,0.012995963500472385
2001-05-23,691.9,-0.013907751315940686,246.23,0.031729047329180915
2001-05-30,664.18,-0.040888239427702366,245.98,-0.0010158266654398673
2001-06-06,649.26,-0.022719944265451097,239.52,-0.026613311142945406
2001-06-13,655.79,0.010007362931287567,233.48,-0.025540500335728744
2001-06-20,653.84,-0.0029779425350255906,232.98,-0.002143807363959027
2001-06-27,609.75,-0.06981363611184488,227.5,-0.02380237458062595
2001-07-04,555.08,-0.0939367895932195,223.27,-0.01876843698065933
2001-07-11,574.18,0.033830688508223794,221.12,-0.009676260831040118
2001-07-18,565.41,-0.015391804314387691,223.37,0.010124048766160243
2001-07-25,549.02,-0.02941626097817185,219.71,-0.016521094377186962
2001-08-01,578.17,0.05173307235684632,220.1,0.0017734935641371408
2001-08-08,574.42,-0.006507107005966795,223.86,0.01693886792870547
2001-08-15,570.51,-0.006830138437059041,225.97,0.009381390637153153
2001-08-22,579.48,0.015600452041156565,227.57,0.007055636272852439
2001-08-29,525.71,-0.09738141977292969,223.85,-0.016481698684152057
2001-09-05,481.35,-0.08815507367654618,221.86,-0.008929632376461605
2001-09-12,505.36,0.04867639036646931,219.49,-0.010739878919648227
2001-09-19,492.82,-0.02512705077907551,218.57,-0.00420034402876901
2001-09-26,420.39,-0.15896114396113337,214.17,-0.020336237179616745
2001-10-03,399.53,-0.05089399559597574,206.78,-0.035114666023932095
2001-10-10,426.46,0.06522971964382762,203.66,-0.015203489415028137
2001-10-17,458.63,0.07272520887110545,200.95,-0.013395815848308956
2001-10-24,468.15,0.020544972615705426,196.32,-0.023310139932608998
2001-10-31,516.15,0.09760866352670039,197.43,0.005638110173536326
2001-11-07,480.59,-0.07138290514988377,200.7,0.01642716466615468
2001-11-14,456.43,-0.051579168119837426,199.79,-0.004544440890434487
2001-11-21,386.69,-0.16581200920266692,199.37,-0.0021044200571216365
2001-11-28,380.74,-0.015506610961567802,200.62,0.006250176600603119
2001-12-05,389.22,0.022028008975375712,199.89,-0.0036453562127833905
2001-12-12,405.07,0.0399151552246666,199.2,-0.003457870092058002
2001-12-19,435.83,0.07319236738047863,199.73,0.002657109326582585
2001-12-26,467.86,0.07091684680745747,202.76,0.015056559127068603
2002-01-02,465.84,-0.004326878336756934,203.59,0.004085153952436471
2002-01-09,449.75,-0.0351503546982217,205.35,0.008607672845982073
2002-01-16,429.18,-0.04681546148229554,204.44,-0.004441306502488196
2002-01-23,411.37,-0.0423833585190847,205.47,0.005025503977844181
2002-01-30,406.95,-0.010802725056212381,208.57,0.014974678430620614
2002-02-06,423.18,0.03910729267509261,208.34,-0.0011033557522415194
2002-02-13,438.64,0.035881410647649936,209.36,0.004883897665587611
2002-02-20,445.33,0.015136549274735955,213.23,0.01831613711625213
2002-02-27,454.91,0.021284016817184614,213.01,-0.001032282373949478
2002-03-06,485.75,0.06559449106983628,216.24,0.015049789003999337
2002-03-13,520.43,0.06896130468232631,217.64,0.006453419649532499
2002-03-20,550.73,0.056589277966089924,217.42,-0.0010113548418706486
2002-03-27,583.46,0.0577312266285297,215.23,-0.010123742999765817
2002-04-03,604.07,0.0347141877248589,214.71,-0.002418943357472614
2002-04-10,596.89,-0.011957243450082977,212.67,-0.009546611883579637
2002-04-17,564.52,-0.05575702926346526,210.25,-0.011444369681978372
2002-04-24,603.01,0.06595796779179786,207.96,-0.010951545337542612
2002-05-01,609.19,0.010196425578222978,208.76,0.003839513259698002
2002-05-08,616.19,0.011425151617816098,211.46,0.012850588529167872
2002-05-15,639.46,0.037068712662690295,212.24,0.0036818545251033896
2002-05-22,610.73,-0.04596910721767067,209.51,-0.01294623890956359
2002-05-29,581.9,-0.04835635131603855,207.52,-0.009543750351786784
2002-06-05,566.5,-0.026821531194562986,207.99,0.0022622810543753147
2002-06-12,552.34,-0.02531328177641523,205.61,-0.01150883109199885
2002-06-19,570.52,0.03238442696357602,205.98,0.001797906167145591
2002-06-26,585.51,0.025935036655997834,208.86,0.013885094353747185
2002-07-03,584.89,-0.0010594669480417096,211.75,0.013742162480760989
2002-07-10,570.39,-0.025103457973573384,211.68,-0.00033063316551817934
2002-07-17,565.09,-0.009335326893394225,211.19,-0.0023174981403624173
2002-07-24,566.27,0.002085985765593712,206.96,-0.020232664348509566
2002-07-31,568.85,0.0045457827239214765,203.96,-0.014601641690818568
2002-08-07,556.7,-0.0215902837962636,205.06,0.005378723054989543
2002-08-14,568.96,0.021783637696023206,203.34,-0.008423164394930183
2002-08-21,610.81,0.07097581229615813,202.29,-0.005177143432414155
2002-08-28,631.09,0.032662537933621394,201.1,-0.005900014635994211
2002-09-04,599.78,-0.050885561804443924,198.47,-0.013164341574438687
2002-09-11,625.55,0.04206834145258842,197.7,-0.0038872250275963083
2002-09-18,635.56,0.01587523725675677,197.01,-0.003496241305580128
2002-09-25,677.24,0.06351921523986537,194.71,-0.01174321674346146
2002-10-02,691.69,0.021112163107406268,194.53,-0.0009248793178038284
2002-10-09,671.25,-0.02999623254436301,196.22,0.008650085925518525
2002-10-16,679.94,0.012862913159997547,197.18,0.0048805384116512585
2002-10-23,679.52,-0.0006178924181110546,199.28,0.010593853807029596
2002-10-30,660.83,-0.027890045872981162,197.68,-0.00806130927357085
2002-11-06,640.14,-0.03180971826055501,196.83,-0.0043091496554588105
2002-11-13,609.05,-0.04978653628545704,195.45,-0.007035819785931707
2002-11-20,637.88,0.04624981173380327,194.65,-0.004101518182499042
2002-11-27,656.9,0.029381622018656017,197.53,0.01468739748344472
2002-12-04,658.32,0.0021593353990301267,198.95,0.007163065333028129
2002-12-11,676.76,0.027625569593138444,201.9,0.014718988445854286
2002-12-18,747.07,0.09884218401788303,201.23,-0.003323992840515544
2002-12-25,770.73,0.03117922876988999,199.4,-0.009135674950538686
2003-01-01,760.22,-0.013730252603204818,198.36,-0.005229295906804765
2003-01-08,777.71,0.02274583897176452,198.65,0.0014609206396754004
2003-01-15,796.17,0.0234590268342858,202.01,0.016772718865762037
2003-01-22,850.23,0.06569417023604807,202.18,0.0008411885995407431
2003-01-29,872.82,0.02622244789616346,205.87,0.018086511895305968
2003-02-05,868.87,-0.004535832177021248,211.13,0.02522915587877428
2003-02-12,905.83,0.04165813363127402,212.37,0.005855978954215857
2003-02-19,908.27,0.002690040760029433,209.26,-0.014752538501306312
2003-02-26,1200.47,0.278926734533683,207.75,-0.0072420642173431915
2003-03-05,1098.67,-0.0886127894241584,206.78,-0.004680007577010592
2003-03-12,977.44,-0.1169187274357757,208.53,0.008427489621957385
2003-03-19,817.6,-0.17856368945201684,209.54,0.004831736144314647
2003-03-26,743.43,-0.09509860727543362,207.73,-0.008675492378226402
2003-04-02,747.34,0.0052456233568021204,206.93,-0.003858587722855411
2003-04-09,733.16,-0.019156276427161778,212.75,0.027737195629746303
2003-04-16,761.92,0.03847760419485091,212.76,4.700242063293558e-05
2003-04-23,791.54,0.03813885170076858,214.03,0.005951422238354986
2003-04-30,724.92,-0.08791911106061612,215.57,0.007169490672870538
2003-05-07,731.68,0.009281955971094824,214.7,-0.004043977900606954
2003-05-14,790.2,0.0769428180675451,216.06,0.006314442004104137
2003-05-21,819.46,0.0363595087651829,217.23,0.005400553179999434
2003-05-28,808.96,-0.012896114664089353,218.89,0.007612620456224128
2003-06-04,832.99,0.02927216521448006,221.09,0.0100005379120649
2003-06-11,857.18,0.028626294256486773,224.58,0.015662132707264576
2003-06-18,805.77,-0.061849589567066765,226.21,0.007231780225351869
2003-06-25,812.93,0.008846662997626709,228.58,0.01042248709970739
2003-07-02,772.96,-0.05041770417381386,227.35,-0.005395578198432283
2003-07-09,777.81,0.006254977608423751,227.16,-0.0008360652617875886
2003-07-16,785.39,0.00969813128265784,224.04,-0.013830007667600341
2003-07-23,767.74,-0.022729275534339344,221.13,-0.01307384347232432
2003-07-30,740.64,-0.03593645687987834,221.57,0.0019878027778776897
2003-08-06,754.76,0.01888514063655311,225.21,0.016294733605835887
2003-08-13,777.81,0.030082460495006735,227.46,0.009941098503277956
2003-08-20,765.43,-0.01604451099897375,230.41,0.012885931901341685
2003-08-27,787.57,0.028514488222747048,233.61,0.01379272759936434
2003-09-03,744.68,-0.05599765973459725,235.73,0.009034024026851384
2003-09-10,725.72,-0.025790330401734174,238.47,0.011556433969275304
2003-09-17,707.65,-0.025214644322113955,239.12,0.002722001722551326
2003-09-24,682.77,-0.03579156795591665,237.26,-0.007808931742725456
2003-10-01,703.78,0.030307754095811212,233.27,-0.01696000527249275
2003-10-08,725.29,0.030105767556259266,230.54,-0.011772197787597527
2003-10-15,770.28,0.060182510235684994,231.92,0.005968101440533502
2003-10-22,740.65,-0.03922590608362597,229.94,-0.008574079287805958
2003-10-29,726.49,-0.01930346073737077,228.39,-0.006763711339363709
2003-11-05,684.83,-0.059054086011503415,231.66,0.014216085517968935
2003-11-12,733.26,0.0683297133987768,233.38,0.0073972468737615316
2003-11-19,745.98,0.01719844451493735,235.51,0.009085349022000422
2003-11-26,726.5,-0.026460307182563092,240.06,0.019135516697237342
2003-12-03,772.69,0.06163945021222261,242.02,0.008131475272707078
2003-12-10,870.69,0.11940806753399702,238.37,-0.015196279023268033
2003-12-17,909.09,0.04315809842075424,235.15,-0.013600479955581335
2003-12-24,877.55,-0.03531016540361254,237.58,0.01028080047033697
2003-12-31,840.95,-0.04260172860025779,239.49,0.00800725346442377
2004-01-07,897.61,0.06520347035289653,244.95,0.022542445758766405
2004-01-14,909.78,0.013467136514564437,247.63,0.010881588552591026
2004-01-21,887.22,-0.0251098334274511,248.26,0.0025408874506265278
2004-01-28,876.39,-0.012281781272163173,252.8,0.01812207818490119
2004-02-04,856.38,-0.023096994471556442,251.81,-0.003923827392261714
2004-02-11,837.01,-0.022878185020323905,258.93,0.02788292001923498
2004-02-18,851.92,0.017656607857720275,265.01,0.023209806223623453
2004-02-25,849.89,-0.00238569636189645,265.11,0.0003772730747231279
2004-03-03,854.52,0.005432978436801683,265.93,0.003088282056824987
2004-03-10,867.21,0.014741254202176535,266.16,0.0008645154553743595
2004-03-17,884.84,0.020125675718611902,264.75,-0.005311647228706029
2004-03-24,894.35,0.010690359736432953,265.99,0.004672729608549808
2004-03-31,852.91,-0.04744316547897398,269.94,0.014740997991069982
2004-04-07,874.91,0.025466991964317565,274.52,0.016824405959297906
2004-04-14,912.54,0.04211089618773389,275.42,0.003273087258546248
2004-04-21,896.28,-0.017979055955356316,277.11,0.006117333973648442
2004-04-28,898.04,0.001961746583038604,274.79,-0.008407369688462119
2004-05-05,930.62,0.03563641995044797,278.41,0.013087677771236983
2004-05-12,971.98,0.04348419742659804,278.06,-0.0012579296140060592
2004-05-19,1002.66,0.031076519326285634,277.68,-0.0013675461878657202
2004-05-26,1004.49,0.0018234815604971644,278.74,0.0038100761378325743
2004-06-02,1004.98,0.0004876907938031749,278.5,-0.0008613883240249365
2004-06-09,957.87,-0.04801085040847397,278.59,0.0003231075796836791
2004-06-16,942.05,-0.01665371766516266,276.76,-0.006590462316411916
2004-06-23,967.41,0.026564045597181618,278.41,0.005944142724792378
2004-06-30,935.87,-0.03314581937844352,276.34,-0.00746285572687988
2004-07-07,955.12,0.02036040909438519,276.23,-0.00039813960748080746
2004-07-14,959.15,0.004210488545213664,278.8,0.009260826865326699
2004-07-21,961.33,0.002270266741991378,280.76,0.007005532975851381
2004-07-28,978.12,0.017314619570028,279.44,-0.004712611363643759
2004-08-04,997.42,0.01953958315216653,281.54,0.007486932901242582
2004-08-11,988.07,-0.009418399605992889,281.99,0.001597075916630608
2004-08-18,990.05,0.0020019014632639553,281.4,-0.002094464636161142
2004-08-25,986.94,-0.003146199591681942,283.87,0.008739242204143238
2004-09-01,932.08,-0.05719059940043625,282.64,-0.004342383833542129
2004-09-08,895.61,-0.03991359755044943,279.06,-0.01274719058682905
2004-09-15,917.3,0.023929522154373828,277.26,-0.0064711183538310735
2004-09-22,978.79,0.06488254240897184,274.69,-0.00931250502072789
2004-09-29,1028.6,0.04963681841623391,274.12,-0.0020772223718790173
2004-10-06,1080.56,0.04928077091169314,272.2,-0.007028876500257297
2004-10-13,1101.79,0.01945670468755889,267.96,-0.01569937457729864
2004-10-20,1134.74,0.02946741984390755,262.76,-0.019596647615794716
2004-10-27,1247.0,0.09433711689606117,259.27,-0.01337107827786177
2004-11-03,1176.07,-0.05856229518341216,262.25,0.011428257529995989
2004-11-10,1096.78,-0.06979975727983856,264.07,0.006915972238610735
2004-11-17,1052.18,-0.041514411893924574,266.06,0.0075076277407424286
2004-11-24,1010.19,-0.040725770367799896,270.28,0.015736611428214253
2004-12-01,1077.05,0.0640873903790471,273.01,0.01004996586675233
2004-12-08,1013.64,-0.06067800980670324,273.4,0.0014274997391225952
2004-12-15,1030.7,0.016690370515341613,268.27,-0.018941988242362484
2004-12-22,1098.25,0.06347982081314196,268.38,0.00040995062532545035
2004-12-29,1053.38,-0.04171396212695644,272.3,0.014500513006902693
2005-01-05,996.9,-0.05510885670027399,271.82,-0.0017643171525127954
2005-01-12,1043.04,0.04524434114757092,272.49,0.0024618336550306097
2005-01-19,1096.08,0.049600652368623876,272.54,0.0001834761394423623
2005-01-26,1112.4,0.014779664814956739,275.39,0.010402882493001364
2005-02-02,1097.98,-0.01304771539247529,277.7,0.00835311949807771
2005-02-09,1061.86,-0.03345004059735501,280.97,0.011706507755734563
2005-02-16,1075.54,0.012800773649918717,282.43,0.005182830202965505
2005-02-23,1089.41,0.012813404252333349,283.76,0.004698078193912991
2005-03-02,1153.1,0.05681770250483886,289.42,0.019750109844480335
2005-03-09,1204.3,0.0434445174893634,291.3,0.006474743655542348
2005-03-16,1233.8,0.02420035250910413,292.28,0.003358582957627476
2005-03-23,1250.68,0.013588565606450054,290.51,-0.006074247815605283
2005-03-30,1226.06,-0.01988162744222688,286.86,-0.012643707241344337
2005-04-06,1296.49,0.055854836935552044,287.09,0.0008014635850210894
2005-04-13,1242.26,-0.04272831151584544,285.23,-0.006499883102144999
2005-04-20,1201.15,-0.03365287015826368,284.31,-0.0032306801987296296
2005-04-27,1230.22,0.023913583960013973,281.1,-0.011354714237727492
2005-05-04,1163.68,-0.05560561775498751,277.4,-0.013249970031755431
2005-05-11,1164.55,0.0007473488791855942,274.92,-0.008980361627326516
2005-05-18,1126.8,-0.03295298928319834,276.33,0.00511565741484965
2005-05-25,1118.69,-0.007223399136277564,277.69,0.004909579913298323
2005-06-01,1152.81,0.03004408231332345,278.38,0.002481703217702247
2005-06-08,1208.64,0.04729332034482869,279.63,0.004480213941921107
2005-06-15,1254.59,0.03731306543884205,277.15,-0.008908424875361476
2005-06-22,1321.1,0.051655896921373845,276.54,-0.0022033999053423514
2005-06-29,1307.71,-0.010187206987248842,272.82,-0.013543238895497467
2005-07-06,1303.29,-0.003385679220328619,268.98,-0.01417520966957131
2005-07-13,1355.6,0.03935232405616507,272.49,0.01296488878682922
2005-07-20,1342.46,-0.009740408952047197,274.95,0.008987346771591298
2005-07-27,1308.8,-0.02539306493236637,271.8,-0.011522761236779644
2005-08-03,1383.54,0.05553474513980472,269.14,-0.009834811403648835
2005-08-10,1472.64,0.06241127641865951,269.61,0.0017447800249970058
2005-08-17,1560.32,0.05783422000585059,267.19,-0.009016454525940354
2005-08-24,1570.55,0.006534948053705136,268.62,0.005337725668477233
2005-08-31,1711.72,0.0860728364573271,267.9,-0.002683964930366045
2005-09-07,1728.9,0.009986655186900784,274.88,0.025720862245327325
2005-09-14,1659.68,-0.04086055542721212,273.35,-0.00558161345488184
2005-09-21,1762.86,0.06031267746477731,272.47,-0.0032245090413693944
2005-09-28,1935.0,0.09316983631558706,278.12,0.020524158931178427
2005-10-05,1993.18,0.029624026777030465,276.1,-0.007289556294708177
2005-10-12,1794.71,-0.10488790425931782,273.4,-0.009827194646260473
2005-10-19,1797.85,0.0017480575409045684,270.09,-0.012180687501353482
2005-10-26,1776.32,-0.012047698020703379,269.89,-0.0007407682104734192
2005-11-02,1678.62,-0.056571781233234475,270.29,0.0014809880895665373
2005-11-09,1497.84,-0.11394795697466442,276.06,0.021122776727843906
2005-11-16,1468.15,-0.02002096550292798,278.71,0.009553581324260207
2005-11-23,1550.56,0.054613051195270046,281.1,0.008538663192793727
2005-11-30,1576.58,0.016641788033290972,282.62,0.005392761242114297
2005-12-07,1745.0,0.10149661161699708,287.13,0.015831835721324516
2005-12-14,1852.84,0.05996504145556969,287.72,0.0020527101232303835
2005-12-21,1746.51,-0.0591000861244142,286.7,-0.0035514121098314533
2005-12-28,1578.47,-0.10116348753509996,290.38,0.012754037166217813
2006-01-04,1536.07,-0.027228816846712967,292.17,0.006145414585676079
2006-01-11,1511.56,-0.016084976487652725,296.74,0.015520509881429945
2006-01-18,1514.84,0.002167592707007948,296.42,-0.0010789669938784385
2006-01-25,1510.52,-0.0028558604173634095,297.72,0.004376079962940871
2006-02-01,1525.65,0.009966586351852769,303.1,0.017909336572047074
2006-02-08,1454.25,-0.04793024494884346,304.32,0.004016995293268266
2006-02-15,1364.73,-0.06353369693504796,300.05,-0.014130651921503201
2006-02-22,1354.35,-0.0076349724342250624,298.77,-0.004275080823864741
2006-03-01,1344.23,-0.007500276027353259,299.13,0.0012042148971538325
2006-03-08,1325.56,-0.01398634675225452,301.33,0.0073277482071691935
2006-03-15,1332.37,0.005124299663017418,299.73,-0.005323940302943697
2006-03-22,1356.71,0.018103339985360734,302.53,0.009298376694206745
2006-03-29,1407.74,0.036922930285120614,302.26,-0.0008928719652692152
2006-04-05,1420.96,0.009347117934704663,303.26,0.0033029492308189745
2006-04-12,1425.55,0.003225004639540785,311.18,0.025780999514023684
2006-04-19,1487.08,0.04225676145977708,317.98,0.02161696483374609
2006-04-26,1522.29,0.023401314426697795,326.63,0.026839544078055333
2006-05-03,1463.54,-0.039357621538791854,329.13,0.007624777698890917
2006-05-10,1431.83,-0.02190481210781936,334.6,0.016482979055214564
2006-05-17,1397.28,-0.024425856724175077,339.54,0.014655971829763637
2006-05-24,1361.15,-0.02619755900835319,329.7,-0.02940861030480235
2006-05-31,1385.46,0.01770228378532046,329.9,0.0006064281568507468
2006-06-07,1401.77,0.01170350933904274,324.65,-0.016041899280040184
2006-06-14,1370.78,-0.022355802907840783,317.8,-0.021325424851879937
2006-06-21,1414.4,0.031325492009786515,317.16,-0.0020158756984178794
2006-06-28,1397.02,-0.012364016336626982,320.63,0.010881431941152542
2006-07-05,1401.35,0.003094661146077371,328.12,0.02309158478919837
2006-07-12,1363.19,-0.027608516325435595,335.5,0.02224256127718771
2006-07-19,1436.37,0.05229155621922654,333.32,-0.0065189668977305715
2006-07-26,1447.61,0.007794823064738665,326.54,-0.020550536815987286
2006-08-02,1604.89,0.10314129773852532,324.78,-0.005404422661077213
2006-08-09,1562.53,-0.026748915963644926,324.78,0.0
2006-08-16,1520.62,-0.027188156015518494,323.57,-0.0037325561959038467
2006-08-23,1467.27,-0.03571461512293883,327.94,0.013415190980684777
2006-08-30,1448.5,-0.012874993078376917,330.72,0.008441431111736009
2006-09-06,1320.71,-0.09235906744605415,331.96,0.0037423837967889284
2006-09-13,1266.76,-0.041707011221005175,330.62,-0.004044800105381441
2006-09-20,1185.8,-0.06604480726907891,322.58,-0.024618512135829107
2006-09-27,1128.58,-0.04945744696559995,322.71,0.0004029196229868859
2006-10-04,1085.75,-0.03868921289273608,320.67,-0.006341530158059605
2006-10-11,1154.69,0.06156091724730306,321.27,0.001869334126928912
2006-10-18,1183.22,0.024407625904546038,327.79,0.02009126835716124
2006-10-25,1312.05,0.10335126396719385,326.21,-0.0048318136817879775
2006-11-01,1342.37,0.022845908895873457,326.7,0.001500972850758231
2006-11-08,1316.89,-0.019163812333513164,325.33,-0.004202266816171196
2006-11-15,1349.06,0.024135157512991334,322.04,-0.010164290359073291
2006-11-22,1338.98,-0.0074999235494948024,326.63,0.014152270366838415
2006-11-29,1381.13,0.030993874604081206,331.85,0.01585502779331538
2006-12-06,1431.47,0.03579988361658426,332.26,0.0012347353663990646
2006-12-13,1369.36,-0.04435841089308745,330.41,-0.005583487425700362
2006-12-20,1346.31,-0.0169759606648201,332.21,0.005432991541478138
2006-12-27,1259.63,-0.06654948969455265,333.18,0.002915585407460064
2007-01-03,1209.05,-0.040983099775430354,333.12,-0.0001800990549662984
2007-01-10,1182.3,-0.02237323338353825,328.7,-0.013357304756430821
2007-01-17,1169.9,-0.010543418815511352,334.68,0.018029370757224328
2007-01-24,1215.51,0.03824546673583029,333.78,-0.0026927581121416466
2007-01-31,1279.22,0.0510867753798685,334.12,0.0010181165724487684
2007-02-07,1360.96,0.061939815896013606,334.56,0.0013160257926179142
2007-02-14,1378.29,0.012653267294287396,337.05,0.007415051619124924
2007-02-21,1370.43,-0.005719041170695327,345.19,0.023863702776434792
2007-02-28,1363.14,-0.005333697166964413,350.12,0.014180962788354456
2007-03-07,1359.99,-0.0023135152600080033,343.83,-0.01812860368751945
2007-03-14,1309.07,-0.03816038534594579,344.07,0.0006977758678230472
2007-03-21,1275.65,-0.025861108807717414,350.08,0.01731657474902093
2007-03-28,1367.81,0.06975506803942721,345.86,-0.012127630895785835
2007-04-04,1431.09,0.04522547101287255,348.8,0.008464623137048655
2007-04-11,1411.27,-0.013946383463591339,359.48,0.030159850755348216
2007-04-18,1421.25,0.007046757867812836,359.27,-0.0005843478427145499
2007-04-25,1409.39,-0.0083797794148186,358.19,-0.003010623075144103
2007-05-02,1432.48,0.016250221235918794,357.52,-0.0018722672471183088
2007-05-09,1391.83,-0.028787779886303433,359.88,0.006579337923722228
2007-05-16,1407.04,0.010868778992902506,360.62,0.002054129799303972
2007-05-23,1446.45,0.027624071632057934,362.39,0.004896207620901372
2007-05-30,1419.99,-0.018462449307514284,364.26,0.005146918401274014
2007-06-06,1452.29,0.02249179164337267,364.62,0.0009878170049217871
2007-06-13,1446.63,-0.0039049074773460646,353.36,-0.03136834808704769
2007-06-20,1473.07,0.0181119449142928,356.75,0.009547889068674209
2007-06-27,1430.71,-0.029177833863929692,352.72,-0.011360715307263014
2007-07-04,1417.99,-0.008930448652350265,352.39,-0.0009360242347833392
2007-07-11,1434.98,0.011910535933338018,352.92,0.0015028855390051277
2007-07-18,1446.68,0.008120364159363902,349.09,-0.0109116337405597
2007-07-25,1436.56,-0.007019909240088218,349.65,0.0016028855365313177
2007-08-01,1458.1,0.014882851588597035,342.43,-0.02086539689798883
2007-08-08,1433.84,-0.016778058398897677,340.95,-0.004331418285225652
2007-08-15,1464.57,0.021205524085400995,336.14,-0.014208099118240725
2007-08-22,1411.47,-0.036929969526189765,331.37,-0.014292163998860019
2007-08-29,1355.85,-0.040203150570023105,334.15,0.008354418107518136
2007-09-05,1378.63,0.016661688509271855,334.54,0.0011664599267833253
2007-09-12,1443.73,0.046139789938498765,331.8,-0.008224076127517854
2007-09-19,1514.84,0.04807978044492511,334.96,0.009478743954542956
2007-09-26,1527.04,0.008021398224216547,342.14,0.02120888831325818
2007-10-03,1536.83,0.006390632317140543,342.51,0.001080844332199682
2007-10-10,1559.07,0.014367636280486096,338.24,-0.012545151674472343
2007-10-17,1631.33,0.045306143387001896,341.36,0.009181936197871998
2007-10-24,1629.24,-0.0012819846138798496,339.87,-0.004374447326237707
2007-10-31,1692.88,0.03831757212632514,339.06,-0.002386108683699817
2007-11-07,1743.4,0.029406009050959803,341.49,0.0071413131354276516
2007-11-14,1732.72,-0.006144801448234816,345.0,0.010226021026125132
2007-11-21,1775.45,0.02436148377598535,340.32,-0.013658065579432943
2007-11-28,1770.99,-0.0025151996657202247,338.29,-0.005982835664675612
2007-12-05,1698.96,-0.04152241310546234,335.15,-0.009325322983285034
2007-12-12,1703.96,0.002938654801290852,334.61,-0.0016125182662731774
2007-12-19,1720.31,0.009549553190367988,334.08,-0.0015851892834746195
2007-12-26,1735.73,0.008923567044639036,337.63,0.010570136078781545
2008-01-02,1815.93,0.04516965899246461,338.43,0.0023666549519383295
2008-01-09,1864.59,0.026443456604852145,344.9,0.01893724365785676
2008-01-16,1847.15,-0.009397279088520172,346.09,0.0034443368976662114
2008-01-23,1800.85,-0.025385135034484918,345.53,-0.0016193867221288016
2008-01-30,1812.08,0.006216581094059315,353.4,0.02252108976726319
2008-02-06,1782.77,-0.016307022270313887,361.63,0.023021029792823278
2008-02-13,1841.72,0.03253158310615145,373.04,0.03106406282164631
2008-02-20,1953.71,0.059030211503055874,380.69,0.020299743141237947
2008-02-27,1993.6,0.020211920515528448,389.64,0.02323784026145148
2008-03-05,2040.15,0.02308128495373829,392.08,0.0062426646985374035
2008-03-12,2142.24,0.04882867600219676,384.07,-0.020641072960005502
2008-03-19,2133.23,-0.004214747542548913,379.06,-0.013130323743133054
2008-03-26,2038.96,-0.04519738908402893,370.11,-0.023894245146671267
2008-04-02,2083.01,0.02137408909507954,377.9,0.020829351603960156
2008-04-09,2136.56,0.02538309598601085,391.09,0.034308102170927945
2008-04-16,2230.93,0.043221479872166846,392.72,0.0041591772234266244
2008-04-23,2317.69,0.03815246110120274,388.33,-0.011241396145933003
2008-04-30,2346.48,0.012345332888574312,384.88,-0.008923896212666094
2008-05-07,2366.98,0.00869854809860815,393.96,0.02331778391030337
2008-05-14,2491.43,0.05124196183785479,398.01,0.010227749295433242
2008-05-21,2535.64,0.017589227842482735,401.89,0.00970128873726761
2008-05-28,2601.88,0.025788189994010224,398.57,-0.008295277809918566
2008-06-04,2564.45,-0.014490229977195845,393.27,-0.013386742646456007
2008-06-11,2747.56,0.06896921441262105,393.54,0.0006863156558711836
2008-06-18,2785.54,0.013728505362839094,396.92,0.008552034512341322
2008-06-25,2786.77,0.0004414686261089429,400.99,0.010201740293720007
2008-07-02,2881.99,0.03359780867796225,404.0,0.007478388621390053
2008-07-09,2863.39,-0.006474790172437572,398.76,-0.01305514580664724
2008-07-16,2805.29,-0.020499317146361662,401.81,0.007619607920611671
2008-07-23,2544.73,-0.09748236643865749,395.67,-0.015398809569211913
2008-07-30,2377.89,-0.0678110141616628,389.9,-0.014690234517351186
2008-08-06,2307.3,-0.0301355300905799,383.4,-0.016811465377007728
2008-08-13,2168.28,-0.06214378321937808,378.53,-0.012783500637186584
2008-08-20,2128.59,-0.0184744378393491,380.37,0.0048491332336091375
2008-08-27,2168.66,0.018649676602612075,384.49,0.010773317597182697
2008-09-03,2114.62,-0.025234337967771303,375.87,-0.022674441879578566
2008-09-10,1973.49,-0.06907157835676703,365.3,-0.028524405124334073
2008-09-17,1894.99,-0.04058998749271581,355.29,-0.027784576399723093
2008-09-24,2029.18,0.06841820908528806,353.26,-0.005730027674216487
2008-10-01,1918.55,-0.05606207816801234,345.81,-0.02131483844626647
2008-10-08,1734.52,-0.10083897433120814,325.85,-0.05945233850264131
2008-10-15,1543.9,-0.11641903539593468,312.31,-0.042440868508886176
2008-10-22,1407.39,-0.09257475744122967,300.63,-0.03811601153115607
2008-10-29,1295.29,-0.08300231691949644,292.34,-0.027962764277200236
2008-11-05,1346.16,0.03852148658103616,298.65,0.021354810717167716
2008-11-12,1266.37,-0.061101554779708245,294.23,-0.014910544761717048
2008-11-19,1192.07,-0.060463248355208776,290.34,-0.013309124383315662
2008-11-26,1138.62,-0.04587428893933154,285.76,-0.015900352345147972
2008-12-03,1130.81,-0.006882812716828113,281.52,-0.014948804674804528
2008-12-10,982.01,-0.14108797747510948,268.61,-0.04694297953530846
2008-12-17,1009.55,0.02765847439437774,271.14,0.009374779173222159
2008-12-24,833.95,-0.1910865174732006,270.98,-0.0005902752329580707
2008-12-31,905.73,0.08256779985999252,272.52,0.0056669884871825005
2009-01-07,1059.68,0.15698100635349466,284.87,0.04432092994864956
2009-01-14,932.27,-0.1280997824350809,281.82,-0.010764366587157959
2009-01-21,899.99,-0.035238820150118144,278.7,-0.011132634779056794
2009-01-28,974.22,0.07925349867560794,277.39,-0.00471147628362889
2009-02-04,919.27,-0.05805727401536309,276.89,-0.0018041428001094317
2009-02-11,907.14,-0.013283083591550948,283.69,0.024261777287460262
2009-02-18,838.7,-0.07844371922979843,280.63,-0.010845016981895661
2009-02-25,890.2,0.0595930825913884,276.94,-0.013236199483160682
2009-03-04,953.2,0.0683785886428332,275.52,-0.005140654987202176
2009-03-11,957.07,0.004051788798943079,279.42,0.014055804982975317
2009-03-18,982.97,0.026702066837988703,280.26,0.0030017175197309953
2009-03-25,1073.95,0.08852011818875294,284.54,0.015156097480948816
2009-04-01,1032.62,-0.039244178208135416,282.57,-0.006947533720185639
2009-04-08,1028.62,-0.0038811637860156623,283.62,0.0037090065303644337
2009-04-15,1013.92,-0.01439409148091464,285.45,0.006431568377068153
2009-04-22,974.71,-0.039439294717625195,288.83,0.011771397329789046
2009-04-29,988.94,0.014493671584045131,290.02,0.004111606379692212
2009-05-06,1051.95,0.0617672012094026,292.38,0.0081044399637209
2009-05-13,1171.26,0.10743450775202845,295.55,0.010783701186908523
2009-05-20,1168.42,-0.002427683610433995,296.32,0.002601924187436211
2009-05-27,1170.51,0.0017871424593876029,297.12,0.002696146146581313
2009-06-03,1269.4,0.08110479662035885,299.58,0.008245396136176808
2009-06-10,1280.52,0.008721897544103463,300.5,0.0030662602346893664
2009-06-17,1324.36,0.03366307844473404,300.64,0.0004657816898934186
2009-06-24,1297.68,-0.020351269119347926,301.0,0.0011967290837198163
2009-07-01,1297.2,-0.0003699593086965436,301.01,3.322203950428815e-05
2009-07-08,1181.95,-0.09304247854627334,296.07,-0.01654757393635453
2009-07-15,1119.3,-0.05446212699166786,291.88,-0.01425315395460558
2009-07-22,1184.94,0.05698865048072843,295.23,0.011411954681584291
2009-07-29,1227.0,0.03488002533496104,295.42,0.0006433590334502526
2009-08-05,1283.38,0.04492505687803128,301.76,0.021233926832638694
2009-08-12,1300.59,0.013320785057516105,303.93,0.0071654122886029015
2009-08-19,1247.93,-0.04133182903376387,301.25,-0.008856926928831221
2009-08-26,1254.08,0.004916057398571816,299.01,-0.007463467157389658
2009-09-02,1181.67,-0.05947354384265591,293.89,-0.017271469980104648
2009-09-09,1146.65,-0.030084044458629222,291.09,-0.009573049962052771
2009-09-16,1241.11,0.07916149276149742,292.28,0.00407974921769938
2009-09-23,1276.9,0.028429124959156837,293.22,0.003210933587102005
2009-09-30,1235.64,-0.03284621097397622,288.82,-0.01511952381170012
2009-10-07,1229.94,-0.004623666767807677,290.25,0.004938963879582481
2009-10-14,1341.75,0.08700934436808616,297.03,0.023090523224531978
2009-10-21,1454.2,0.08048118915901892,297.14,0.00037026440667364824
2009-10-28,1491.07,0.025038061803549283,302.2,0.016885641629432513
2009-11-04,1455.25,-0.02431627586766094,302.04,-0.000529590903414423
2009-11-11,1420.88,-0.023901309192774,305.36,0.010931949501749472
2009-11-18,1343.73,-0.055827068914791944,309.75,0.014274112072277134
2009-11-25,1361.85,0.01339474044159683,313.57,0.012257100125673048
2009-12-02,1423.23,0.044084866901594744,317.2,0.011509869125768013
2009-12-09,1447.56,0.016950443977822083,316.38,-0.002588466990259164
2009-12-16,1434.97,-0.00873543731344828,315.92,-0.0014550057920397208
2009-12-23,1496.65,0.04208533409688009,313.86,-0.006541990367819217
2009-12-30,1584.73,0.05718476864880273,318.63,0.015083528390983147
2010-01-06,1646.5,0.03823777701889153,320.72,0.006537913332693712
2010-01-13,1651.7,0.0031532377106255893,322.19,0.004572965303760945
2010-01-20,1573.89,-0.04825479863348825,322.62,0.0013337264116293213
2010-01-27,1514.84,-0.03824043908833108,320.11,-0.007810473324364686
2010-02-03,1507.79,-0.004664820228950539,318.07,-0.006393202383062402
2010-02-10,1475.06,-0.02194633566357851,318.11,0.0001257505739022946
2010-02-17,1523.08,0.032035933508373304,323.76,0.01760526565149334
2010-02-24,1554.35,0.02032285137235501,327.42,0.011241249858585434
2010-03-03,1529.81,-0.015913907124827098,328.3,0.0026840740813511843
2010-03-10,1533.62,0.002487409188026035,334.18,0.017751945458450713
2010-03-17,1520.92,-0.008315538956273905,333.37,-0.002426785701526768
2010-03-24,1500.33,-0.013630331006499574,334.12,0.002247225623234428
2010-03-31,1492.38,-0.005312922869557646,335.29,0.003495619101557601
2010-04-07,1547.86,0.036501170759016155,343.35,0.02375450607742291
2010-04-14,1526.09,-0.014164422958495848,347.36,0.011611371063295906
2010-04-21,1506.31,-0.013045957354305138,350.97,0.010339043597638486
2010-04-28,1526.61,0.013386639376796516,348.16,-0.008038605500097162
2010-05-05,1530.92,0.0028192710159906653,344.94,-0.009291655364267903
2010-05-12,1425.99,-0.07100255253636334,340.78,-0.01213338107616213
2010-05-19,1374.39,-0.036856313025621645,337.32,-0.010205073080651772
2010-05-26,1315.14,-0.04406687247799379,333.45,-0.011539105628125768
2010-06-02,1404.46,0.06570976342934198,331.86,-0.004779735843673194
2010-06-09,1417.48,0.009227759902268318,320.5,-0.034830916873917595
2010-06-16,1473.04,0.03844764540403833,324.23,0.01157086413163988
2010-06-23,1498.4,0.01706957957091415,324.36,0.00040086958399232486
2010-06-30,1471.0,-0.018455430528440786,322.3,-0.006371221254964254
2010-07-07,1402.96,-0.04735815124040066,323.56,0.003901779328359112
2010-07-14,1431.24,0.019956911017541046,326.96,0.010453271106269924
2010-07-21,1448.97,0.012311757794027045,325.64,-0.004045362550244569
2010-07-28,1480.85,0.021763288048783913,329.11,0.010599564682816975
2010-08-04,1525.33,0.029594532853061573,336.06,0.02089767406120213
2010-08-11,1481.29,-0.02929745033620801,338.69,0.007795519284983676
2010-08-18,1382.78,-0.06881736420294793,338.01,-0.0020097538905954337
2010-08-25,1327.38,-0.04088889098534487,337.91,-0.00029589300724808254
2010-09-01,1319.94,-0.00562079354807743,338.27,0.0010648053299835425
2010-09-08,1307.25,-0.009660586933632587,343.04,0.014002665275462789
2010-09-15,1312.8,0.004236566707641387,345.41,0.006885058790876641
2010-09-22,1333.66,0.015764781650437598,346.52,0.003208419788680139
2010-09-29,1386.24,0.03866800350619748,351.03,0.012931152877037277
2010-10-06,1462.22,0.053360782852578836,350.03,-0.0028528248030621484
2010-10-13,1457.56,-0.003192024026970941,356.03,0.01699613186854876
2010-10-20,1448.32,-0.006359540753006598,357.03,0.0028048148979946674
2010-10-27,1431.29,-0.011828128494841827,356.58,-0.001261193255833959
2010-11-03,1452.92,0.014999189044575978,361.73,0.014339458576321462
2010-11-10,1544.64,0.061215548917275875,368.21,0.01775535039986309
2010-11-17,1502.62,-0.027580622363435836,364.3,-0.010675723568290607
2010-11-24,1485.27,-0.01161367721699591,359.48,-0.013319161224345066
2010-12-01,1533.6,0.03202133883973879,363.23,0.010377699644789296
2010-12-08,1609.98,0.048603843809667424,373.22,0.027131815670363935
2010-12-15,1595.45,-0.009065928452367977,377.63,0.01174682216264511
2010-12-22,1583.42,-0.007568763384058208,381.23,0.009487987261234565
2010-12-29,1619.32,0.022419243314346637,386.46,0.013625502257649025
2011-01-05,1622.86,0.0021837167626364007,391.31,0.012471714942476453
2011-01-12,1615.02,-0.004842684300653488,390.49,-0.0020977239721080565
2011-01-19,1625.84,0.006677264801045801,394.09,0.00917694885131315
2011-01-26,1605.21,-0.012770016155393193,392.8,-0.003278733128225575
2011-02-02,1629.7,0.015141359655284958,401.35,0.021533288097275616
2011-02-09,1581.5,-0.030022185036239435,411.06,0.023905324665276062
2011-02-16,1529.97,-0.03312563639459576,414.0,0.007126784582451862
2011-02-23,1603.64,0.04702791798242867,413.33,-0.0016196684429887753
2011-03-02,1736.79,0.07976253649863096,413.16,-0.00041137824389281263
2011-03-09,1830.84,0.05273629608094321,414.9,0.004202600200389206
2011-03-16,1774.23,-0.031408351940158674,402.41,-0.030566057967438276
2011-03-23,1837.7,0.035148263728426166,407.36,0.012225845997658524
2011-03-30,1898.84,0.03272838369028186,415.99,0.020963906141754585
2011-04-06,1954.01,0.028640497905239926,417.64,0.00395859591111325
2011-04-13,1961.5,0.003825815352707096,415.32,-0.00557050998665698
2011-04-20,1964.17,0.0013602775636787356,412.81,-0.006061868755113942
2011-04-27,2026.84,0.03140816573743965,416.1,0.007938177308756345
2011-05-04,2030.6,0.0018533859163962774,414.81,-0.003105031920259016
2011-05-11,1827.3,-0.10549184835657321,403.95,-0.026529476142918895
2011-05-18,1796.77,-0.016848859014820583,399.72,-0.010526805932128624
2011-05-25,1808.53,0.006523752091712076,402.94,0.00802336549417415
2011-06-01,1851.59,0.023530368820591008,410.54,0.0186856988012698
2011-06-08,1836.52,-0.008172252927183266,410.94,0.0009738521488360519
2011-06-15,1827.04,-0.005175305527510332,407.73,-0.007842027802503537
2011-06-22,1730.18,-0.054471721631172976,402.87,-0.01199126137417128
2011-06-29,1682.47,-0.027962497571461853,401.85,-0.002535044602466563
2011-07-06,1745.32,0.03667496816239346,414.74,0.03157293321096688
2011-07-13,1774.3,0.016468059016437664,421.14,0.015313502100690712
2011-07-20,1782.48,0.004599674099616813,425.15,0.009476727861416734
2011-07-27,1816.01,0.018636133724855952,423.63,-0.0035816150825311865
2011-08-03,1752.78,-0.03543868785277304,421.35,-0.005396590530907908
2011-08-10,1580.05,-0.10374660681131154,411.7,-0.023168913442503936
2011-08-17,1635.26,0.03434532100559551,411.63,-0.00017004117466523638
2011-08-24,1598.39,-0.02280494047705517,413.61,0.0047986132504540535
2011-08-31,1660.93,0.0383808138196029,416.33,0.006554714168644615
2011-09-07,1682.82,0.013093271161323194,416.45,0.00028819136105706633
2011-09-14,1690.53,0.004571131620015656,411.45,-0.012078900329627551
2011-09-21,1653.45,-0.022178075141970233,405.93,-0.013506775108059088
2011-09-28,1561.03,-0.05751815429696183,390.27,-0.03934192366208489
2011-10-05,1519.14,-0.02720147453309707,381.64,-0.022361051397932208
2011-10-12,1595.58,0.049092921235527776,385.64,0.01042653591253373
2011-10-19,1631.42,0.022213494717528093,387.25,0.004166187500798557
2011-10-26,1666.66,0.02137082253969691,387.36,0.0002840138927702185
2011-11-02,1713.62,0.027786468220448057,393.72,0.016285503571262794
2011-11-09,1735.54,0.012710512188597534,394.24,0.0013198641440892445
2011-11-16,1774.75,0.02234096377032202,390.88,-0.008559253395669764
2011-11-23,1723.56,-0.02926764868776388,385.44,-0.014015068642868833
2011-11-30,1752.52,0.016662832880082412,382.39,-0.007944508658863647
2011-12-07,1803.15,0.028480383306559,390.92,0.022061905262937387
2011-12-14,1738.61,-0.03644919203566488,387.85,-0.007884268533754124
2011-12-21,1680.49,-0.03400052584519031,384.19,-0.009481445051521042
2011-12-28,1742.03,0.03596568231102637,389.12,0.012750557452387845
2012-01-04,1731.29,-0.006184304486663628,391.26,0.005484521295418432
2012-01-11,1707.51,-0.013830626418711134,394.83,0.009082991881175673
2012-01-18,1654.6,-0.03147688118708736,398.72,0.009804123644691742
2012-01-25,1624.39,-0.0184269270820705,402.9,0.01042897603826809
2012-02-01,1605.66,-0.01159747368232189,409.16,0.015417885391505237
2012-02-08,1536.62,-0.043949687893802825,414.18,0.012194384354632604
2012-02-15,1584.86,0.030910876236630358,413.43,-0.001812448388275989
2012-02-22,1661.31,0.04711037242221039,412.64,-0.001912671422129364
2012-02-29,1705.96,0.02652155436116832,418.65,0.0144597065174068
2012-03-07,1655.61,-0.029958481155254013,417.64,-0.002415431228531162
2012-03-14,1636.09,-0.011860272088127566,416.46,-0.0028293988423628846
2012-03-21,1648.8,0.007738501701735068,416.78,0.0007680860633962894
2012-03-28,1683.27,0.020690579554878852,414.47,-0.005557909043945486
2012-04-04,1640.71,-0.02560925516939694,414.89,0.0010128292560622754
2012-04-11,1638.3,-0.001469956135514039,413.19,-0.00410588925771016
2012-04-18,1650.86,0.00763724540576316,411.74,-0.0035154534161874196
2012-04-25,1664.79,0.008402625101869177,411.61,-0.00031578308393864774
2012-05-02,1733.66,0.04053579134937646,414.19,0.006248506646691965
2012-05-09,1645.19,-0.05237890163378367,408.01,-0.015033121836192542
2012-05-16,1591.42,-0.03322917963439487,404.46,-0.008738839814320443
2012-05-23,1544.2,-0.030120722540331712,406.12,0.004095838339619462
2012-05-30,1511.43,-0.021449754338600968,403.47,-0.006546546929454777
2012-06-06,1391.92,-0.08237213355765416,397.77,-0.014228186708830748
2012-06-13,1353.24,-0.028182371946264162,399.92,0.00539057831057832
2012-06-20,1366.37,0.009655871257570503,399.73,-0.0004752079124008546
2012-06-27,1289.48,-0.05791855197620066,398.48,-0.003132010427886023
2012-07-04,1365.04,0.056944695905443155,391.31,-0.018157224035697084
2012-07-11,1407.09,0.030340009734510787,384.91,-0.016490544002897956
2012-07-18,1469.32,0.04327596675978462,384.11,-0.0020805708267275236
2012-07-25,1522.59,0.03561312342411771,384.25,0.0003644125189996572
2012-08-01,1510.12,-0.008223714287366235,385.41,0.003014320292923145
2012-08-08,1564.28,0.03523653636456814,397.36,0.030534968087466474
2012-08-15,1604.56,0.025423921463167076,399.49,0.005346062804835405
2012-08-22,1639.29,0.021413645571308315,401.37,0.004694961549707166
2012-08-29,1625.17,-0.008650795572454406,401.98,0.0015186409839680337
2012-09-05,1643.69,0.011331288682077556,400.52,-0.003638633298003846
2012-09-12,1683.26,0.023788674937183174,403.32,0.006966588685412667
2012-09-19,1688.98,0.0033924071155562174,408.02,0.011585901285569022
2012-09-26,1598.46,-0.05508413068415141,407.12,-0.002208210530006305
2012-10-03,1619.24,0.012916237618020077,407.5,0.0009329504003403599
2012-10-10,1601.1,-0.011266010337322108,407.71,0.0005152046825847023
2012-10-17,1622.06,0.013006053351865887,407.01,-0.0017183821981756608
2012-10-24,1537.78,-0.053357128438772605,406.8,-0.0005160909909216471
2012-10-31,1434.01,-0.06986510228515375,405.05,-0.004311147897904988
2012-11-07,1412.69,-0.014979027387115096,404.09,-0.002372890848181264
2012-11-14,1421.93,0.006519415461060163,403.74,-0.0008665190000369805
2012-11-21,1444.56,0.01578967319773117,403.88,0.00034669770783857246
2012-11-28,1459.88,0.010549463636006173,407.92,0.009953272610780495
2012-12-05,1467.19,0.0049947662319622665,413.0,0.012376516214132494
2012-12-12,1401.64,-0.045706027187905285,413.67,0.0016209615607261085
2012-12-19,1404.21,0.001831887462767412,412.94,-0.0017662505650255511
2012-12-26,1438.62,0.024209453691279137,410.58,-0.005731509764272502
2013-01-02,1474.87,0.024885529554795838,405.79,-0.011735009785506456
2013-01-09,1452.06,-0.015586612451482296,397.82,-0.019836142730039974
2013-01-16,1456.09,0.0027715231880396374,400.02,0.005514904181108449
2013-01-23,1506.13,0.03378868598241702,400.18,0.0003999000303238631
2013-01-30,1545.26,0.02564873394768874,400.38,0.0004996502552234716
2013-02-06,1567.41,0.014232394627562428,406.95,0.016276231629479554
2013-02-13,1589.3,0.013869092112018144,407.26,0.0007614743493187248
2013-02-20,1575.42,-0.008771764325609333,405.19,-0.005095709223156497
2013-02-27,1540.13,-0.02265507494786867,395.7,-0.023699744507833742
2013-03-06,1508.92,-0.020472665308687077,394.78,-0.0023277006765374253
2013-03-13,1555.95,0.030692128425338083,396.15,0.003464279696409278
2013-03-20,1598.43,0.02693560594097999,395.48,-0.0016927103823185519
2013-03-27,1659.93,0.03775353529983949,395.1,-0.0009613196115871858
2013-04-03,1698.46,0.02294652534521635,393.72,-0.0034989006563339586
2013-04-10,1659.36,-0.023289972290558403,391.82,-0.004837446101124243
2013-04-17,1598.36,-0.03745388228529123,386.85,-0.012765529664423347
2013-04-24,1579.64,-0.011781130597708689,384.02,-0.007342386430693182
2013-05-01,1626.19,0.029042882491276956,385.85,0.0047540583388423485
2013-05-08,1627.97,0.001093984424567651,384.41,-0.0037390015776894714
2013-05-15,1620.23,-0.004765725416737254,383.8,-0.001588107752323431
2013-05-22,1636.65,0.010083355311685693,380.63,-0.008293808906719491
2013-05-29,1623.49,-0.008073316777162276,376.56,-0.01075037757399322
2013-06-05,1611.67,-0.007307244522582579,380.99,0.011695730970203044
2013-06-12,1664.17,0.0320555921548884,379.36,-0.004287505745994125
2013-06-19,1695.72,0.018780928758293847,374.08,-0.014015944033392458
2013-06-26,1640.27,-0.03324656696878314,367.85,-0.01679443190542962
2013-07-03,1697.07,0.03404237223303319,366.58,-0.0034584678345721542
2013-07-10,1766.55,0.040125257308762485,367.14,0.0015264681588025297
2013-07-17,1803.37,0.02062864472723369,368.28,0.003100271717141112
2013-07-24,1792.19,-0.006218800982753514,370.45,0.005874964443020936
2013-07-31,1740.97,-0.02899590655658546,366.25,-0.01140232253138862
2013-08-07,1752.63,0.006675087757225917,362.23,-0.011036791144634073
2013-08-14,1739.56,-0.007485309233342008,367.71,0.01501521483454038
2013-08-21,1746.45,0.003952948483688878,370.82,0.008422185648523595
2013-08-28,1765.21,0.010684507308655,371.04,0.0005931038375139863
2013-09-04,1779.47,0.008045903680183208,369.99,-0.002833895261215247
2013-09-11,1784.24,0.002676987099729189,365.17,-0.013112979668316704
2013-09-18,1756.27,-0.015800312322132193,360.56,-0.012704620195296279
2013-09-25,1681.92,-0.04325624394148875,361.35,0.0021886393465972986
2013-10-02,1641.38,-0.024398646575065186,359.36,-0.00552234617891223
2013-10-09,1643.09,0.0010412639814054714,358.27,-0.0030377794635656485
2013-10-16,1652.12,0.005480696285582454,357.48,-0.00220747557332146
2013-10-23,1604.83,-0.02904147971681681,364.56,0.019611730442435693
2013-10-30,1549.74,-0.034930657043631186,367.05,0.006806931601163413
2013-11-06,1450.21,-0.06637880139323116,364.96,-0.005710320020711812
2013-11-13,1453.62,0.0023486234162959363,361.99,-0.00817117140125756
2013-11-20,1478.81,0.017180713348645682,360.0,-0.00551255568466491
2013-11-27,1538.03,0.0392646664478411,357.8,-0.006129860375536644
2013-12-04,1543.91,0.0038157830032359286,355.93,-0.005240088770130491
2013-12-11,1611.4,0.04278520661275209,357.24,0.003673742511196565
2013-12-18,1633.04,0.013339942122232884,356.16,-0.003027756728505082
2013-12-25,1692.58,0.035810683560017154,354.13,-0.005715990728021758
2014-01-01,1689.19,-0.002004867945192501,355.41,0.0036079752756190686
2014-01-08,1625.05,-0.038710539558909574,357.23,0.005107779403043189
2014-01-15,1599.76,-0.01568496654449625,360.54,0.009223075536071157
2014-01-22,1654.74,0.03379027879508012,362.76,0.006138551005475001
2014-01-29,1727.11,0.04280559461397271,358.72,-0.01119931869557167
2014-02-05,1739.32,0.007044740841054775,354.6,-0.011551746243687155
2014-02-12,1815.38,0.04280057994919684,353.86,-0.0020890389552512545
2014-02-19,1773.75,-0.023198862701799605,356.77,0.008189961768526821
2014-02-26,1790.88,0.009611169666705166,359.84,0.008568171757621812
2014-03-05,1803.02,0.006755917624242436,362.24,0.006647487363758309
2014-03-12,1724.62,-0.04445630042218607,367.21,0.01362691591622589
2014-03-19,1691.57,-0.019349644590993975,367.59,0.0010342951384751942
2014-03-26,1714.8,0.013639363971802432,367.46,-0.0003537174378758223
2014-04-02,1735.11,0.011774356223774873,369.96,0.006780422494470528
2014-04-09,1751.89,0.009624393189526792,373.22,0.00877316641926651
2014-04-16,1788.94,0.020928060519627145,372.95,-0.0007236957041536485
2014-04-23,1794.8,0.0032703294450771025,371.93,-0.0027386978776169357
2014-04-30,1758.83,-0.020244779856267492,372.89,0.002577805460665772
2014-05-07,1747.27,-0.006594245394955678,373.01,0.0003217589516966157
2014-05-14,1742.12,-0.0029518074731686994,376.66,0.009737694830683097
2014-05-21,1770.68,0.016260891202854566,373.05,-0.009630464849077924
2014-05-28,1792.73,0.012375944074982215,372.18,-0.0023348507044413935
2014-06-04,1772.83,-0.01116245786281933,367.59,-0.012409421583616798
2014-06-11,1787.72,0.008363925125443039,367.42,-0.00046257874867361437
2014-06-18,1837.1,0.02724717639699481,370.57,0.008536752882738696
2014-06-25,1824.82,-0.006706889299557872,379.74,0.024444447251739554
2014-07-02,1791.69,-0.018322043516567632,382.3,0.006718832687098164
2014-07-09,1756.19,-0.0200126187013705,382.15,-0.0003924390134741884
2014-07-16,1702.71,-0.030925590362848254,379.61,-0.006668791780611194
2014-07-23,1717.62,0.00871851221686537,378.13,-0.003906358070105753
2014-07-30,1683.1,-0.02030228051929228,376.86,-0.003364286143831663
2014-08-06,1646.9,-0.0217425982519579,374.51,-0.006255260823876618
2014-08-13,1660.24,0.008067437333242111,375.95,0.003837650953567362
2014-08-20,1630.79,-0.01789761024688108,372.31,-0.009729315246997494
2014-08-27,1613.37,-0.01073940090948966,372.85,0.0014493534127657526
2014-09-03,1645.31,0.01960365723602031,372.75,-0.0002682403449556503
2014-09-10,1619.37,-0.015891631592407585,370.62,-0.005730674708985362
2014-09-17,1628.7,0.005744965878868413,365.1,-0.015005990274271852
2014-09-24,1599.1,-0.01834117961411863,357.31,-0.021567536338456428
2014-10-01,1616.07,0.01055630500918081,355.4,-0.005359836602583989
2014-10-08,1568.84,-0.029660783222180243,359.0,0.010078472767728108
2014-10-15,1483.82,-0.05571664918229846,361.6,0.007216240029743304
2014-10-22,1436.1,-0.03268873750352519,359.57,-0.00562975542962274
2014-10-29,1420.57,-0.01087290656338169,359.82,0.0006950333200741454
2014-11-05,1392.85,-0.019706191784889526,357.32,-0.0069721675748350975
2014-11-12,1377.01,-0.011437525851891728,357.17,-0.0004198799205132886
2014-11-19,1327.32,-0.036752610164247024,357.9,0.0020417588588550473
2014-11-26,1327.58,0.00019586425163353738,362.7,0.013322428516876705
2014-12-03,1210.69,-0.09216729095869347,360.39,-0.006389267887462857
2014-12-10,1121.38,-0.07663037531386951,359.9,-0.0013605633164086584
2014-12-17,1008.25,-0.10634391492775652,359.14,-0.002113930471232983
2014-12-24,972.47,-0.03613220706574438,354.52,-0.012947522743554707
2014-12-31,937.82,-0.03628119375080363,351.41,-0.008811128923931655
2015-01-07,868.42,-0.07688256433664442,350.7,-0.002022475800133705
2015-01-14,827.33,-0.048471820520822106,349.04,-0.004744628330778156
2015-01-21,832.01,0.005640811900284426,347.23,-0.00519914423194745
2015-01-28,796.54,-0.04356711217937459,343.67,-0.010305489960546588
2015-02-04,852.84,0.06829460882643179,341.35,-0.006773550758570224
2015-02-11,881.05,0.03254242138793462,341.39,0.00011717491298490756
2015-02-18,916.1,0.03901115100642372,340.62,-0.002258032366584395
2015-02-25,881.63,-0.03835306216337475,338.1,-0.007425776696849518
2015-03-04,866.51,-0.017298817087820773,340.01,0.005633319228555145
2015-03-11,854.94,-0.013442358734215176,337.21,-0.008269147263916032
2015-03-18,780.84,-0.09066102774085927,332.49,-0.014096097222808801
2015-03-25,821.32,0.050542538792405445,337.39,0.01462974680558915
2015-04-01,861.7,0.047994380158423056,336.08,-0.003890304400133715
2015-04-08,892.02,0.03458137160759289,337.46,0.004097757909065081
2015-04-15,918.54,0.029296899118730124,334.29,-0.009438105043119371
2015-04-22,976.56,0.0612507393895001,333.1,-0.0035661345274382583
2015-04-29,1000.98,0.024698606734093076,335.09,0.005956407260097052
2015-05-06,1065.15,0.062136114200574966,337.91,0.008380435377205231
2015-05-13,1070.26,0.004785975296497824,336.94,-0.0028747148788781374
2015-05-20,1062.82,-0.006975856668079317,340.21,0.009658201045533055
2015-05-27,1053.92,-0.008409207032248567,339.2,-0.00297317008584308
2015-06-03,1067.28,0.012596809978168366,337.95,-0.0036919483713848678
2015-06-10,1062.58,-0.004413442788791855,340.15,0.006488741244706553
2015-06-17,1074.86,0.011490507440868214,338.72,-0.004212889404514364
2015-06-24,1055.06,-0.01859278319169899,339.23,0.0015045360165322208
2015-07-01,1028.36,-0.025632337067089672,339.86,0.0018554247028719217
2015-07-08,950.53,-0.07870085549782235,337.18,-0.007916855718304028
2015-07-15,918.94,-0.03379889189861629,336.22,-0.002851204782742478
2015-07-22,868.37,-0.05660294075203165,327.78,-0.02542305596923189
2015-07-29,821.58,-0.055388575543171115,320.14,-0.023584251517129395
2015-08-05,782.69,-0.048492611130233065,316.59,-0.011150838767442828
2015-08-12,728.28,-0.07205111480620019,315.91,-0.00215019845688591
2015-08-19,692.65,-0.050160768531875455,313.67,-0.007115885040858139
2015-08-26,678.07,-0.02127429365511624,309.68,-0.012801971583972005
2015-09-02,786.34,0.1481387414235691,306.05,-0.011791018972314049
2015-09-09,793.99,0.009681597837045253,304.3,-0.005734430394153556
2015-09-16,785.92,-0.010215860630718332,306.8,0.008182012590175702
2015-09-23,785.35,-0.0007255277896272005,303.06,-0.012265263785084635
2015-09-30,778.54,-0.008709107474309974,299.45,-0.011983346997545219
2015-10-07,786.44,0.010096061424559544,302.24,0.009273945042728826
2015-10-14,809.74,0.029196776245308698,306.36,0.013539477288192714
2015-10-21,776.75,-0.04159466021144276,307.51,0.0037467260016086357
2015-10-28,744.43,-0.04249972340363328,306.91,-0.0019530620446026603
2015-11-04,778.34,0.04454462183917496,304.62,-0.007489446811040246
2015-11-11,741.19,-0.04890644402369215,300.61,-0.013251354622077827
2015-11-18,690.59,-0.07071069799613028,295.09,-0.018533349008586164
2015-11-25,695.78,0.0074872137239294645,292.15,-0.0100130255562485
2015-12-02,698.04,0.0032428892978648705,291.96,-0.0006505624170145552
2015-12-09,647.91,-0.07452460989323928,292.17,0.0007190180577865135
2015-12-16,598.85,-0.07874064842391526,289.72,-0.008420885314092352
2015-12-23,592.09,-0.011352499037419861,289.0,-0.0024882512146930935
2015-12-30,633.5,0.06760134940509843,288.86,-0.00048454643941120423
2016-01-06,617.12,-0.02619650530127604,283.82,-0.0176019072666298
2016-01-13,534.8,-0.14317064923212985,287.57,0.01312607445586167
2016-01-20,477.31,-0.11372667025166816,286.22,-0.004705562979522959
2016-01-27,518.26,0.08231087186031427,285.78,-0.0015384618419060914
2016-02-03,526.74,0.016230021329738165,290.4,0.016036998909816802
2016-02-10,486.36,-0.07975797773795534,292.92,0.008640251242228558
2016-02-17,480.79,-0.011518506092399683,293.79,0.0029656922079439596
2016-02-24,524.74,0.08747231748967987,297.95,0.014060460792174823
2016-03-02,564.93,0.07379892784016207,297.92,-0.00010069310428573175
2016-03-09,607.36,0.07241986631584929,304.44,0.021649029310488288
2016-03-16,629.96,0.03653462932487095,305.93,0.00488229421411468
2016-03-23,674.85,0.06883411864891098,309.06,0.010179115192243238
2016-03-30,653.3,-0.03245400210858573,307.06,-0.00649226457479557
2016-04-06,617.68,-0.05606591784614423,306.98,-0.0002605693454906799
2016-04-13,672.04,0.08434733856064103,307.81,0.0027001106207524828
2016-04-20,688.46,0.02413935660679467,308.96,0.00372910917418956
2016-04-27,749.11,0.08442861604929508,311.21,0.007256106783849248
2016-05-04,758.98,0.013089591370025744,315.43,0.01346886185287044
2016-05-11,764.55,0.0073119988668430835,314.06,-0.004352736860115947
2016-05-18,807.69,0.05489089608297881,315.6,0.004891538514911531
2016-05-25,822.17,0.017768864788320293,311.11,-0.01432904157959225
2016-06-01,844.85,0.027211910481199197,309.49,-0.005220765967167473
2016-06-08,865.75,0.024437086475872505,312.19,0.008686195393856622
2016-06-15,858.06,-0.00892215616963199,315.74,0.011307113284764192
2016-06-22,842.78,-0.01796807588683791,313.41,-0.0074068525860546686
2016-06-29,843.44,0.0007828160426335273,310.98,-0.0077836360878560384
2016-07-06,840.93,-0.0029803450048548896,314.96,0.01271704520581185
2016-07-13,788.83,-0.06395758724426859,314.18,-0.002479576563688468
2016-07-20,785.41,-0.004344960591044611,314.63,0.0014312751922540556
2016-07-27,749.44,-0.046879613459228864,311.17,-0.01105795863496617
2016-08-03,704.27,-0.06216445561002537,309.04,-0.006868668271055256
2016-08-10,728.68,0.034072872803355914,309.53,0.0015842996022819023
2016-08-17,780.13,0.06822589430032977,311.72,0.007050331015052258
2016-08-24,823.42,0.0540058261090719,310.82,-0.002891382487894667
2016-08-31,811.41,-0.01469292349800888,302.92,-0.02574522224184328
2016-09-07,774.14,-0.0470207392878752,300.5,-0.008020990270360073
2016-09-14,797.7,0.02997985113093815,299.62,-0.0029327488860264594
2016-09-21,769.28,-0.036277574450350514,298.28,-0.0044823624136416385
2016-09-28,801.06,0.04048083816332504,303.78,0.018271112534278267
2016-10-05,852.51,0.0622490886640934,302.4,-0.004553110904494062
2016-10-12,892.9,0.04628965322901912,300.02,-0.007901505204634063
2016-10-19,893.79,0.0009962557283156315,299.1,-0.00307117346484187
2016-10-26,870.65,-0.02623078912609511,298.26,-0.002812376301266184
2016-11-02,825.76,-0.05293588472497479,299.7,0.004816384987980982
2016-11-09,771.5,-0.06796750259720152,299.91,0.0007004553245817391
2016-11-16,764.9,-0.008591565475395413,300.82,0.0030296495798687317
2016-11-23,808.97,0.056016727224792895,303.58,0.00913308797164536
2016-11-30,821.12,0.014907428434604242,306.66,0.010094474809529963
2016-12-07,902.42,0.09441078163154604,307.43,0.0025077770474712935
2016-12-14,916.93,0.015951089846107713,306.91,-0.001692874057315663
2016-12-21,907.74,-0.010073139480072157,303.81,-0.010152038986094958
2016-12-28,940.66,0.0356237625625182,301.6,-0.007300869878502425
2017-01-04,951.89,0.011867725349582692,303.2,0.005291017634415418
2017-01-11,947.34,-0.004791424635047115,306.27,0.010074412080816941
2017-01-18,950.33,0.0031512354353449012,311.48,0.016868064859751897
2017-01-25,952.53,0.002312309870660556,313.29,0.0057941484507813
2017-02-01,968.18,0.01629641783530733,314.93,0.00522111274882775
2017-02-08,955.65,-0.013026283172558273,325.24,0.03221297943124224
2017-02-15,952.71,-0.0030811820892830966,330.17,0.015044301991052222
2017-02-22,946.99,-0.006022021673089739,329.37,-0.0024259344159380802
2017-03-01,956.54,0.010034073669930699,329.19,-0.0005466472439330516
2017-03-08,934.21,-0.02362135478148364,322.08,-0.02183512977933688
2017-03-15,870.84,-0.07024298927863537,317.69,-0.013723897346840097
2017-03-22,876.34,0.006295880410095656,322.09,0.013754945051640988
2017-03-29,886.24,0.01123365079665195,321.78,-0.0009629273733926524
2017-04-05,945.13,0.064334689885162,322.99,0.0037532807681825986
2017-04-12,988.69,0.04505835039048822,325.93,0.009061271392772241
2017-04-19,978.31,-0.010554241335952952,326.61,0.002084164177354353
2017-04-26,928.25,-0.05252550016730151,327.97,0.004155342225278247
2017-05-03,920.98,-0.007862772564268816,327.69,-0.0008541012629148526
2017-05-10,880.4,-0.045061970840613697,325.71,-0.00606062461169099
2017-05-17,919.05,0.042964178187467006,327.77,0.0063047279906829345
2017-05-24,949.88,0.032995132986828324,328.07,0.0009148573460731058
2017-05-31,926.76,-0.024641028457429215,327.32,-0.002288714589445462
2017-06-07,885.81,-0.04519215171372348,329.25,0.005879054964209374
2017-06-14,855.84,-0.03441903787250933,333.34,0.012345649490638877
2017-06-21,819.65,-0.04320602291047493,333.89,0.0016486073005435031
2017-06-28,820.83,0.0014386035837183897,334.04,0.00044914887045521823
2017-07-05,864.49,0.0518237142202711,337.34,0.009830577544840402
2017-07-12,845.61,-0.022081477267930083,339.41,0.006117492295785176
2017-07-19,873.75,0.03273603313949547,341.11,0.004996189785074101
2017-07-26,881.59,0.008932801773593901,340.79,-0.0009385541090782823
2017-08-02,918.15,0.040633680643574976,340.93,0.00041072581695722477
2017-08-09,913.91,-0.004628677630692302,341.33,0.001172573640052299
2017-08-16,894.53,-0.021433657658571192,341.31,-5.859603892410803e-05
2017-08-23,892.83,-0.0019022474628807018,341.08,-0.0006741013458864131
2017-08-30,874.49,-0.020755333925543518,342.9,0.005321805595025708
2017-09-06,882.16,0.00873258616292194,345.18,0.006627160634383067
2017-09-13,890.82,0.009768941409536325,345.34,0.00046341888102663376
2017-09-20,920.59,0.032872381983193755,341.04,-0.01252966652732912
2017-09-27,946.71,0.02797804724424946,339.31,-0.005085628657808705
2017-10-04,937.1,-0.010202815957624622,338.11,-0.0035428574744873487
2017-10-11,926.96,-0.01087958544097134,341.07,0.008716448484466177
2017-10-18,948.1,0.022549567235106593,346.27,0.015131082757130265
2017-10-25,944.32,-0.003994890169338738,349.29,0.008683705150779097
2017-11-01,971.38,0.02825264910426828,351.84,0.007274004089416586
2017-11-08,1012.13,0.04109455923650529,354.91,0.008687709400290622
2017-11-15,1014.77,0.002604964717435543,355.97,0.002982221431479637
2017-11-22,996.46,-0.018208266457306443,350.75,-0.014772738655651096
2017-11-29,1011.06,0.01454556608502866,348.52,-0.0063781016194841555
2017-12-06,994.88,-0.016132437570116842,347.2,-0.0037946345768906653
2017-12-13,960.4,-0.035272262523291076,343.8,-0.009840889837446909
2017-12-20,919.61,-0.04340019722402477,346.12,0.006725442789789149
2017-12-27,926.84,0.007831283761475127,351.26,0.01474115425505218
2018-01-03,982.75,0.058573813417421405,355.31,0.011463957866705954
2018-01-10,1009.64,0.02699434635148812,359.45,0.011584437569585049
2018-01-17,1051.32,0.04045268581281469,360.99,0.004275171688299828
2018-01-24,1039.04,-0.011749307551791155,361.93,0.00260056584342383
2018-01-31,1042.64,0.003458748307982873,364.45,0.006938544866617491
2018-02-07,989.88,-0.051927513561823346,363.42,-0.0028301776073114127
2018-02-14,937.84,-0.05400436489706806,362.33,-0.003003791442142578
2018-02-21,961.81,0.025237567197908817,368.45,0.01674961843424061
2018-02-28,998.61,0.03754738607451458,368.85,0.0010850401173030377
2018-03-07,989.92,-0.008740180253317575,367.3,-0.0042111045046899775
2018-03-14,976.13,-0.014028357518170331,367.06,-0.0006536303952957567
2018-03-21,1012.09,0.036177004434938986,362.16,-0.013439219302622263
2018-03-28,1066.0,0.05189582602634246,361.41,-0.0020730551808325615
2018-04-04,1075.01,0.008416638118288411,363.38,0.00543607072742347
2018-04-11,1099.93,0.022916577553868223,370.24,0.018702325331017455
2018-04-18,1152.35,0.04655679415855296,377.35,0.019021694725565474
2018-04-25,1161.5,0.00790893765396472,381.41,0.010701773284172766
2018-05-02,1170.32,0.007564942459366897,378.23,-0.008372435827138425
2018-05-09,1203.86,0.02825584536823289,379.81,0.004168651490837227
2018-05-16,1233.02,0.0239333835948905,381.73,0.005042424739779783
2018-05-23,1231.33,-0.0013715586381257694,379.92,-0.0047528481776621945
2018-05-30,1153.45,-0.06533743465773423,378.36,-0.004114580895897113
2018-06-06,1112.04,-0.036561284950494155,378.86,0.0013206203551634488
2018-06-13,1136.92,0.02212668529044759,379.87,0.0026623452257856783
2018-06-20,1096.24,-0.03643670903910223,373.72,-0.01632223500116403
2018-06-27,1151.91,0.04953529156597458,371.22,-0.006711975153802285
2018-07-04,1237.84,0.07194649097749739,368.8,-0.006540387088513455
2018-07-11,1229.0,-0.007167094615383007,366.48,-0.006310542103951988
2018-07-18,1148.08,-0.06810984870335801,360.28,-0.017062442662944655
2018-07-25,1103.22,-0.03985780546887163,354.52,-0.01611674504534477
2018-08-01,1085.12,-0.016542596456530667,352.58,-0.005487215012600188
2018-08-08,1066.07,-0.01771159032612868,347.28,-0.015146175866258993
2018-08-15,1050.94,-0.0142939878509587,345.87,-0.0040683890783661525
2018-08-22,1068.19,0.016280625558881212,346.62,0.0021660971082573255
2018-08-29,1106.03,0.03481140016930251,343.29,-0.009653508023496293
2018-09-05,1127.69,0.01939426510392117,341.89,-0.004086523098439265
2018-09-12,1078.65,-0.04446103337567919,340.33,-0.004573312769997173
2018-09-19,1075.37,-0.003045470826767094,335.66,-0.013816992249263471
2018-09-26,1097.54,0.020406523364572493,335.3,-0.0010730894078507802
2018-10-03,1109.47,0.010811112045814752,337.49,0.006510226771806238
2018-10-10,1042.04,-0.06270209350777911,339.01,0.004493725226462075
2018-10-17,973.89,-0.0676372483726766,334.89,-0.012227485775699876
2018-10-24,920.19,-0.05671819046023874,331.79,-0.009299881030318424
2018-10-31,905.75,-0.01581684068435152,329.88,-0.005773286699278124
2018-11-07,831.41,-0.08564027512424488,334.26,0.013190181295624548
2018-11-14,761.88,-0.08733399168058309,330.26,-0.012038910225936839
2018-11-21,781.55,0.025490064371121335,332.01,0.005284865909961134
2018-11-28,750.82,-0.040113184731387364,331.95,-0.00018073377963467863
2018-12-05,859.71,0.1354291804672938,331.09,-0.0025941134238518515
2018-12-12,921.63,0.06954871841776633,329.63,-0.004419428430540329
2018-12-19,878.92,-0.047449960466086516,328.75,-0.0026732298188019143
2018-12-26,793.53,-0.10220253459391149,327.85,-0.002741396782345973
2019-01-02,806.24,0.01589011849713362,326.69,-0.0035444776925910304
2019-01-09,906.0,0.11665784111069133,329.79,0.00944437924184438
2019-01-16,976.23,0.07465890834536548,331.61,0.00550349136299122
2019-01-23,981.94,0.005831992303118483,334.75,0.009424404949409215
2019-01-30,993.92,0.012126513828803809,340.31,0.01647298233984973
2019-02-06,1003.35,0.009442959712258947,346.78,0.018833606205395093
2019-02-13,973.39,-0.03031485615489693,345.06,-0.004972258162808885
2019-02-20,987.53,0.014422051983027373,344.49,-0.0016532524975101381
2019-02-27,1019.5,0.03186071395385337,344.54,0.00014513156201534372
2019-03-06,1035.53,0.0156010619128093,340.39,-0.012118174953813288
2019-03-13,1043.29,0.007465808529902418,341.64,0.0036655320135361436
2019-03-20,1082.9,0.037263446177111526,346.66,0.014586921435218336
2019-03-27,1098.14,0.013975211860861592,345.82,-0.00242606403652168
2019-04-03,1132.25,0.030588963941128533,345.3,-0.0015048040806959762
2019-04-10,1176.58,0.038405121719356394,343.75,-0.00449895541516554
2019-04-17,1168.17,-0.007173503413376636,342.49,-0.00367218878503639
2019-04-24,1174.45,0.00536153114354132,338.49,-0.011747910377280846
2019-05-01,1144.98,-0.025412783298967234,337.85,-0.0018925398202807031
2019-05-08,1107.77,-0.03303818405504977,333.51,-0.012929160084549807
2019-05-15,1101.41,-0.005757808391113173,333.64,0.0003897174597771169
2019-05-22,1100.14,-0.001153732725466483,332.65,-0.0029716811855147185
2019-05-29,1017.14,-0.07844267705724928,332.65,0.0
2019-06-05,944.11,-0.07450736157732862,331.92,-0.0021969101632839383
2019-06-12,933.84,-0.010937567436262619,334.98,0.00917685252571232
2019-06-19,934.25,0.0004389510211861847,342.2,0.02132453290776848
2019-06-26,1020.38,0.08818631755317607,345.4,0.009307804254484964
2019-07-03,1026.76,0.006233106339668559,342.93,-0.007176821006781076
2019-07-10,1037.7,0.010598512352794742,340.93,-0.005849167087189855
2019-07-17,1050.12,0.011897717724506762,340.77,-0.000469414707167104
2019-07-24,975.49,-0.07371981347837231,342.11,0.003924559863837551
2019-07-31,1001.08,0.025894787344333814,340.76,-0.003953905600637242
2019-08-07,948.74,-0.05369990773186295,340.65,-0.0003228599549629507
2019-08-14,970.74,0.02292387877546176,339.97,-0.0019981787965503983
2019-08-21,979.73,0.009218356255327187,339.97,0.0
2019-08-28,970.61,-0.009352283677166895,338.95,-0.0030047745461523334
2019-09-04,990.75,0.02053749224708401,337.06,-0.005591647829100488
2019-09-11,1018.26,0.027388335180684287,336.15,-0.002703467132828763
2019-09-18,1037.63,0.0188439782089036,336.26,0.000327181335737059
2019-09-25,1028.58,-0.008760056212687495,339.38,0.009235753293897808
2019-10-02,966.65,-0.06209800346893335,335.98,-0.010068789162612113
2019-10-09,915.7,-0.05414768566482486,336.08,0.00029759247905847275
2019-10-16,928.34,0.013709244882348592,337.58,0.0044532923996554175
2019-10-23,923.27,-0.005476328893065485,340.15,0.007584177530287839
2019-10-30,954.37,0.03312972082542398,342.49,0.006855763404675308
2019-11-06,924.5,-0.031798386101214327,343.58,0.0031775210025548617
2019-11-13,941.02,0.017711342517459983,341.08,-0.007302927324451147
2019-11-20,956.37,0.01618047411894885,340.01,-0.0031420249314528803
2019-11-27,978.84,0.023223329636901546,339.42,-0.001736750359276229
2019-12-04,935.43,-0.045361880482071015,338.47,-0.0028028164507984954
2019-12-11,974.3,0.040712947812877154,338.28,-0.0005615072182996173
2019-12-18,992.9,0.018910689608252262,341.68,0.010000671619189383
2019-12-25,992.89,-1.007155842280838e-05,344.14,0.007173924791800346
2020-01-01,995.57,0.0026955549749496654,345.75,0.004667419219856583
2020-01-08,985.23,-0.010440321003389208,346.32,0.0016472325888576833
2020-01-15,928.88,-0.05889555713393513,345.77,-0.0015893889979112785
2020-01-22,910.32,-0.020183373269997418,350.49,0.013558361261352125
2020-01-29,852.05,-0.06615097549535154,347.48,-0.008625066005446769
2020-02-05,815.43,-0.043929629086402855,343.32,-0.012044152541700548
2020-02-12,820.56,0.006271452532156552,344.29,0.0028213686346711953
2020-02-19,856.69,0.043089092205155666,345.48,0.0034504289273948885
2020-02-26,859.88,0.003716718423623533,346.54,0.0030634976706158668
2020-03-04,787.07,-0.08847565480380037,340.21,-0.018435178079109882
2020-03-11,634.46,-0.21554294642207683,338.55,-0.0048912820719362315
2020-03-18,468.06,-0.30417775057378105,319.8,-0.05697599153180111
2020-03-25,370.69,-0.2332303590268161,315.11,-0.014774016183360494
2020-04-01,290.76,-0.2428679491850252,315.46,0.001110106842834746
2020-04-08,371.39,0.24475453879159392,310.35,-0.016331198199666552
2020-04-15,269.87,-0.3193123618405638,316.8,0.02056996708060943
2020-04-22,218.03,-0.21330769356750867,317.67,0.002742448170201861
2020-04-29,267.88,0.2059064510418933,319.76,0.006557606292595608
2020-05-06,445.98,0.5097349889234071,321.65,0.00589328345394069
2020-05-13,503.61,0.12152805103717501,325.66,0.0123898944790648
2020-05-20,583.15,0.14664228413462688,330.34,0.014268534756870288
2020-05-27,624.16,0.06796230262128766,331.27,0.00281132574333931
2020-06-03,671.87,0.07365812366952529,333.05,0.005358876022905079
2020-06-10,712.12,0.05818156710879041,333.34,0.0008703612548410788
2020-06-17,681.04,-0.044625394960860376,333.54,0.0005998080794036298
2020-06-24,713.54,0.046617455437527155,340.21,0.019800275810157864
2020-07-01,700.64,-0.018244293960241187,340.92,0.0020847716505061342
2020-07-08,747.75,0.06507449445696967,347.82,0.020037258925599488
2020-07-15,743.12,-0.006211158430792452,358.59,0.0304945699783028
2020-07-22,743.35,0.0003094579800944075,357.36,-0.0034359975141358134
2020-07-29,745.46,0.002834480441015863,365.88,0.02356173374429993
2020-08-05,746.33,0.001166384140707244,372.18,0.017072197424917945
2020-08-12,760.66,0.01901861583252984,378.17,0.015966221755565613
2020-08-19,783.06,0.02902284393387866,384.82,0.017431862524222907
2020-08-26,790.11,0.008962854866846115,390.22,0.013934990148882775
2020-09-02,798.67,0.010775667906887776,399.63,0.02382843638972787
2020-09-09,751.93,-0.06030460967045581,397.41,-0.005570625667201234
2020-09-16,728.07,-0.03224603709041407,400.16,0.006895973765029595
2020-09-23,728.82,0.0010295905198791644,379.91,-0.051930084565661616
2020-09-30,743.03,0.019309632813007127,377.88,-0.0053576976627143225
2020-10-07,740.92,-0.002843763498718843,381.58,0.00974384239823145
2020-10-14,776.07,0.04635006504592987,380.61,-0.002545298478548119
2020-10-21,781.62,0.0071259666370755426,380.63,5.254584626346315e-05
2020-10-28,755.73,-0.03368451940583661,378.04,-0.006827764540024539
2020-11-04,730.23,-0.0343246165197586,376.15,-0.005012010120625021
2020-11-11,771.36,0.054795637645379536,386.56,0.027299095300165277
2020-11-18,784.84,0.017324684694588477,388.49,0.004980334144286225
2020-11-25,813.92,0.03638220572255424,390.63,0.005493390958064559
2020-12-02,849.9,0.04325661443012585,393.05,0.006176009831019513
2020-12-09,836.92,-0.015390209033530056,401.63,0.021594436542977213
2020-12-16,859.44,0.02655252788723672,409.97,0.020552719506794048
2020-12-23,863.44,0.00464339615880327,417.24,0.017577609518233395
2020-12-30,849.64,-0.01611168015840647,419.14,0.004543397184026077
2021-01-06,898.46,0.05586945623176387,425.49,0.015036452982829296
2021-01-13,976.41,0.08320039358013087,424.63,-0.0020232444675309935
2021-01-20,989.61,0.013428345949609621,416.77,-0.018683690625774574
2021-01-27,987.53,-0.002104050059531737,422.9,0.014601233597122842
2021-02-03,1018.68,0.031056074477219475,432.4,0.022215341286609736
2021-02-10,1104.57,0.08094844740775997,438.78,0.014647062745861916
2021-02-17,1147.72,0.03832124674581383,446.17,0.016701896803157368
2021-02-24,1172.44,0.021309681611727527,454.55,0.01860787325379487
2021-03-03,1166.62,-0.004976368293803546,456.11,0.0034260899258820032
2021-03-10,1215.58,0.04111065011739523,454.31,-0.003954224084230518
2021-03-17,1221.57,0.004915587519323417,453.45,-0.0018947745159421103
2021-03-24,1140.4,-0.068757838607576,451.61,-0.004066034373418681
2021-03-31,1140.98,0.0005084641861472505,457.15,0.01219258909027765
2021-04-07,1142.44,0.0012787837532819424,468.05,0.02356356320731834
2021-04-14,1144.71,0.0019850038216668864,482.05,0.029472715292635954
2021-04-21,1183.92,0.03367963679397956,497.64,0.031829080935900755
2021-04-28,1176.15,-0.0065845742485519665,511.31,0.02709913583784651
2021-05-05,1224.83,0.040555666493371056,532.03,0.03972381884503928
2021-05-12,1222.73,-0.001715995126012615,550.65,0.034399519881776364
2021-05-19,1219.02,-0.0030388064748247956,532.23,-0.03402367187028599
2021-05-26,1204.51,-0.01197441201702798,523.11,-0.01728395974315422
2021-06-02,1251.11,0.037958312037054576,527.09,0.007579544951563655
2021-06-09,1295.31,0.03471889146806273,528.76,0.003163330762122385
2021-06-16,1336.44,0.031259313467345784,510.56,-0.03502648018126475
2021-06-23,1359.4,0.01703406371952898,490.51,-0.04006249637249848
2021-06-30,1387.57,0.02051058988592036,483.48,-0.014435717166178641
2021-07-07,1408.15,0.014722770336085489,498.82,0.031235360241746335
2021-07-14,1410.92,0.0019651877331670065,486.88,-0.02422762308434212
2021-07-21,1335.45,-0.05497366017992089,476.44,-0.021675889135960524
2021-07-28,1386.34,0.03739886722372976,487.25,0.022435541374969503
2021-08-04,1384.97,-0.0009887021744958702,491.54,0.008765981407929502
2021-08-11,1331.42,-0.03943243690166298,475.65,-0.032861030143133796
2021-08-18,1306.17,-0.019146851016870414,471.34,-0.009102587692516373
2021-08-25,1273.62,-0.025235951334082962,468.46,-0.006128982795185145
2021-09-01,1346.8,0.055868168802511775,471.91,0.007337570273334926
2021-09-08,1371.27,0.018005909428609357,479.3,0.01553841672748657
2021-09-15,1407.64,0.026177225492108214,472.38,-0.014542959741154604
2021-09-22,1423.86,0.011456950324344461,485.61,0.02762208618954798
2021-09-29,1494.01,0.04809228657880826,488.5,0.005933638868858893
2021-10-06,1563.1,0.045207248790635646,489.66,0.0023718012263689303
2021-10-13,1603.65,0.025611252226193315,506.01,0.03284515922882569
2021-10-20,1642.09,0.0236875395885221,513.11,0.013933815198259758
2021-10-27,1673.86,0.019162515816811165,501.5,-0.022886639734301717
2021-11-03,1653.26,-0.012383240304503218,493.74,-0.015594544556313927
2021-11-10,1612.76,-0.02480209924626564,493.68,-0.00012152883286553617
2021-11-17,1582.37,-0.019023273837435184,498.13,0.008973553122445743
2021-11-24,1534.15,-0.03094724142568861,519.55,0.0421019651633987
2021-12-01,1373.37,-0.11070890837088321,521.84,0.004397975189185388
2021-12-08,1283.23,-0.06788723645684236,533.37,0.021854339708749393
2021-12-15,1312.51,0.022560997593039644,544.62,0.02087293657000089
2021-12-22,1312.19,-0.0002438373921487269,545.45,0.0015228382771743654
2021-12-29,1380.17,0.05050918287775463,554.01,0.015571595082125356
2022-01-05,1433.64,0.03800998464715377,557.06,0.005490216928205172
2022-01-12,1537.42,0.0698890221894759,560.36,0.0059064802738175715
2022-01-19,1615.19,0.049346909989099075,564.57,0.007484945116957853
2022-01-26,1625.53,0.006381319637680072,564.65,0.00014169072480818556
2022-02-02,1736.39,0.06597432893377153,554.96,-0.017310031092633515
2022-02-09,1773.45,0.021118556610072226,567.82,0.02290842801179238
2022-02-16,1801.65,0.01577610969137755,583.51,0.027257122451501914
2022-02-23,1798.68,-0.0016498491381042868,589.69,0.010535385547193243
2022-03-02,1917.96,0.06420905863805704,608.33,0.031120522793881555
2022-03-09,2187.8,0.13163435151712832,639.2,0.04949989657064968
2022-03-16,1971.05,-0.1043300770211415,629.72,-0.014942118305636853
2022-03-23,2113.98,0.07000603098294356,618.88,-0.017363883321553253
2022-03-30,2132.19,0.008577193866326382,615.98,-0.004696897350903839
2022-04-06,2009.17,-0.0594279190653495,620.91,0.007971648420265431
2022-04-13,2018.3,0.004533871457604199,619.61,-0.002095896036959033
2022-04-20,2166.86,0.07102354209794814,624.68,0.0081492707623676
2022-04-27,2080.53,-0.0406564460743164,628.45,0.006016951751201205
2022-05-04,2170.32,0.04225195317062891,620.66,-0.012473042398190692
2022-05-11,2181.24,0.005018900312673047,611.76,-0.014443379236685594
2022-05-18,2281.74,0.04504478737330153,600.95,-0.01782831233717186
2022-05-25,2319.79,0.01653835453573471,586.44,-0.024441375328733805
2022-06-01,2374.42,0.023276532796136173,585.96,-0.0008188332084948513
2022-06-08,2411.97,0.015690643840600593,580.36,-0.009602927214085177
2022-06-15,2391.18,-0.008656873025368661,570.37,-0.01736332760095305
2022-06-22,2190.58,-0.08762061900418683,565.13,-0.009229479870812796
2022-06-29,2137.65,-0.02445925414189354,553.85,-0.02016190121277628
2022-07-06,2007.63,-0.06275217290242097,540.75,-0.02393682712977352
2022-07-13,1966.12,-0.020892864400641642,538.68,-0.00383536225132719
2022-07-20,2006.86,0.02050925402450776,534.19,-0.008370121661875451
2022-07-27,1967.21,-0.019955016252491298,527.62,-0.012375253289591548
2022-08-03,1945.0,-0.011354318203738778,526.48,-0.0021629834825107608
2022-08-10,1851.98,-0.04900664004080202,525.22,-0.002396121713124977
2022-08-17,1881.57,0.015851197687907437,532.52,0.013803233128977688
2022-08-24,1927.0,0.023857854714714577,520.93,-0.022004779842818678
2022-08-31,1936.71,0.005026267728306166,520.3,-0.0012101074246402277
2022-09-07,1782.19,-0.08314771202232674,496.04,-0.04774899966168533
2022-09-14,1792.44,0.005734874989855143,500.02,0.007991528987640883
2022-09-21,1733.67,-0.033337271299914484,494.11,-0.011889933157257282
2022-09-28,1599.41,-0.08060573758741363,483.33,-0.022058514293950893
2022-10-05,1657.24,0.035518756787799255,479.62,-0.007705526469277579
2022-10-12,1751.32,0.05521622129067261,482.06,0.005074463929516604
2022-10-19,1631.84,-0.07066157679913676,483.6,0.003189531109393684
2022-10-26,1609.77,-0.01361690087161005,485.46,0.003838776307166114
2022-11-02,1650.09,0.02473852023102463,482.64,-0.005825860915297021
2022-11-09,1684.13,0.020419278110746397,483.04,0.0008284318260223245
2022-11-16,1627.49,-0.034210159301762744,491.8,0.01797266382356355
2022-11-23,1542.33,-0.053744690661629235,484.01,-0.015966562121874972
2022-11-30,1503.84,-0.025272423136986077,482.07,-0.004016235938445689
2022-12-07,1437.58,-0.04506069257509715,479.1,-0.006179987832695133
2022-12-14,1398.41,-0.027625267391442776,481.01,0.003978716021364903
2022-12-21,1437.58,0.027625267391442776,475.92,-0.010638287030791282
2022-12-28,1460.96,0.01613260957113649,479.27,0.0070143400480713325
2023-01-04,1397.49,-0.04441598349943998,479.11,-0.00033389678725903593
2023-01-11,1320.41,-0.056735475955643544,475.22,-0.008152361435595168
2023-01-18,1399.46,0.05814415349779978,483.24,0.016735569946495943
2023-01-25,1424.27,0.017572953829660953,487.44,0.008653781288875173
2023-02-01,1373.62,-0.03620981098358378,492.06,0.009433454336136293
2023-02-08,1326.54,-0.034875542091640455,487.68,-0.008941207218147618
2023-02-15,1402.27,0.05551830341349184,481.38,-0.013002474064607306
2023-02-22,1344.72,-0.04190653915353604,477.43,-0.00823942667784383
2023-03-01,1384.06,0.028835395913935358,473.41,-0.008455731673613798
2023-03-08,1434.69,0.0359275891427,467.91,-0.011685850910318152
2023-03-15,1328.36,-0.07700369934476559,463.59,-0.009275428818130926
2023-03-22,1246.05,-0.06396655068381829,473.67,0.021510335788193835
2023-03-29,1287.73,0.03290243040703622,473.58,-0.00019002375354126855
2023-04-05,1400.0,0.08359125824312308,472.96,-0.0013100346285837006
2023-04-12,1436.55,0.025772169032387993,470.6,-0.005002342026520168
2023-04-19,1442.5,0.004133313746517153,476.98,0.013466084994871785
2023-04-26,1384.89,-0.04075700529761228,469.93,-0.014890813846334616
2023-05-03,1329.07,-0.04114126457713585,456.96,-0.02798788773063432
2023-05-10,1301.17,-0.02121558981504279,459.49,0.005521319062127716
2023-05-17,1303.32,0.0016509953874805916,458.97,-0.0011323303258947703
2023-05-24,1340.47,0.02810544363657641,456.12,-0.00622891565824002
2023-05-31,1295.18,-0.034370617102954526,452.78,-0.007349576486998188
2023-06-07,1305.74,0.008120248239665173,449.32,-0.007671027528791008
2023-06-14,1287.1,-0.014378304197899539,453.3,0.00881882917343546
2023-06-21,1345.07,0.0440544306359989,458.82,0.012103818337385164
2023-06-28,1313.0,-0.024131460988535025,455.96,-0.006252889915611348
2023-07-05,1338.24,0.01904072249741784,452.32,-0.00801519242329718
2023-07-12,1391.05,0.03870353984025776,458.62,0.013832086517561848
2023-07-19,1399.95,0.006377664039393771,469.16,0.0227218811904617
2023-07-26,1422.66,0.016091837027075506,467.48,-0.0035872945883479446
2023-08-02,1465.91,0.029947851313508522,461.13,-0.013676568160005509
2023-08-09,1503.54,0.02534611764353034,453.42,-0.016861150644267298
2023-08-16,1481.77,-0.0145850085335546,448.84,-0.010152371464017484
2023-08-23,1432.94,-0.03350904138120736,449.21,0.0008240076185854761
2023-08-30,1432.46,-0.0003350317613524112,448.92,-0.0006457862671958026
2023-09-06,1531.07,0.06657359137510088,444.81,-0.009197473450011096
2023-09-13,1556.14,0.016241558620985863,440.79,-0.009078653142079673
2023-09-20,1606.09,0.03159425780314162,440.3,-0.001112258794256249
2023-09-27,1600.18,-0.003686530886871431,438.1,-0.005009117941855656
2023-10-04,1583.07,-0.010750123161123781,432.83,-0.012102153608498867
2023-10-11,1520.28,-0.04047147133713658,429.08,-0.008701659482125201
2023-10-18,1539.21,0.01237476936987214,432.27,0.007407011283723897
2023-10-25,1499.81,-0.025930864371098927,430.0,-0.0052651843253448405
2023-11-01,1449.1,-0.034395759348856636,428.56,-0.00335445711490312
2023-11-08,1376.24,-0.05158753116309445,430.7,0.004981040487360033
2023-11-15,1336.01,-0.029667582790265712,430.12,-0.001347552537739105
2023-11-22,1331.99,-0.0030134955338727565,432.81,0.00623459310346508
2023-11-29,1324.06,-0.005971290873942436,433.3,0.0011314961200730167
2023-12-06,1287.4,-0.028078093072188004,431.65,-0.0038152540643316968
2023-12-13,1244.26,-0.0340837049420859,426.97,-0.010901321532330144
2023-12-20,1281.7,0.029646346059348794,430.3,0.007768886695352251
2023-12-27,1316.51,0.02679697406995274,434.73,0.010242508881388446
2024-01-03,1271.64,-0.034676889830985935,434.04,-0.0015884529739356168
2024-01-10,1299.84,0.02193377397721985,427.58,-0.014995290379745008
2024-01-17,1314.82,0.011458594161409152,425.08,-0.005864018867767662
2024-01-24,1322.76,0.006020688649850392,427.17,0.004904673956518835
2024-01-31,1373.82,0.03787471807043641,433.3,0.014248268284850596
2024-02-07,1272.08,-0.07694182482951906,430.91,-0.005531077152696184
2024-02-14,1312.33,0.03115082726317997,427.68,-0.007523999202558862
2024-02-21,1336.71,0.018407187792319313,428.25,0.0013318848136210093
2024-02-28,1340.79,0.003047621406474299,430.1,0.004310602585460899
2024-03-06,1377.19,0.02678619886239364,437.5,0.01705896600797807
2024-03-13,1366.48,-0.007807100998703298,444.71,0.01634567853608626
2024-03-20,1440.99,0.053092287020376716,445.66,0.0021339451250677044
2024-03-27,1429.16,-0.008243518278008288,448.56,0.006486122356594848
2024-04-03,1490.98,0.04234676278636762,451.61,0.006776523704740356
2024-04-10,1520.67,0.019717405336322713,458.13,0.014334011113041889
2024-04-17,1489.34,-0.020817958408162696,456.73,-0.0030605799637841713
2024-04-24,1467.3,-0.014909091573280797,458.56,0.00399873797039163
2024-05-01,1460.61,-0.004569820549410686,460.18,0.003526572651579407
2024-05-08,1430.8,-0.02062042827914734,459.15,-0.0022407632318550696
2024-05-15,1438.79,0.0055687541761448855,460.52,0.0029793317459319013
2024-05-22,1474.57,0.024563939287387093,467.96,0.01602653637393736
2024-05-29,1452.84,-0.014846160340745485,467.41,-0.0011760053527201109
2024-06-05,1399.35,-0.037512418432569916,461.58,-0.012551430127782481
2024-06-12,1436.14,0.025951115817164805,457.65,-0.008550686868109558
2024-06-19,1480.26,0.030258789112427742,454.03,-0.0079414246774272
2024-06-26,1492.4,0.008167814342330715,449.53,-0.009960682645619556
2024-07-03,1491.71,-0.00046244944877837924,449.65,0.0002669098527823266
2024-07-10,1485.92,-0.003889003870526153,453.34,0.008172893475686394
2024-07-17,1469.26,-0.01127523636446437,447.91,-0.012050076460041304
2024-07-24,1423.4,-0.03171049679806259,451.19,0.007296217441506769
2024-07-31,1362.04,-0.044064800011337724,447.47,-0.008279040456132591
2024-08-07,1326.74,-0.026258770389232744,445.85,-0.0036269237806552113
2024-08-14,1404.43,0.056906721037012886,446.21,0.000807120641085568
2024-08-21,1359.03,-0.03286031653893229,448.58,0.005297344722706043
2024-08-28,1347.85,-0.008260479646450491,447.26,-0.002946956946108692
2024-09-04,1315.9,-0.02398988816013592,446.51,-0.0016782845162399695
2024-09-11,1234.53,-0.06383051132955941,443.34,-0.0071248264537198125
2024-09-18,1279.05,0.03542728402963302,447.93,0.010300000178070867
2024-09-25,1309.73,0.023703394225860208,454.07,0.013614400971403207
2024-10-02,1288.47,-0.016365541147737694,460.07,0.013127280640823358
2024-10-09,1391.88,0.07719988334749406,462.33,0.004900269996486628
2024-10-16,1363.61,-0.020519756516033105,460.81,-0.0032931112802971896
2024-10-23,1301.58,-0.04655668368272714,462.16,0.002925340937911969
2024-10-30,1288.59,-0.01003031376867547,462.94,0.0016863045829325074
2024-11-06,1325.4,0.028165703339777082,463.77,0.0017912836204097005
2024-11-13,1311.82,-0.0102988146841545,462.13,-0.0035425028946418635
2024-11-20,1301.56,-0.00785194094486208,461.79,-0.0007359944916176531
2024-11-27,1328.31,0.02034391250479395,461.27,-0.0011266874417881212
2024-12-04,1307.51,-0.015782892436516427,463.45,0.004714949473537011
2024-12-11,1305.4,-0.001615057892269789,464.84,0.0029947560328311695
2024-12-18,1341.62,0.027368331769811682,460.14,-0.010162469349849879
2024-12-25,1337.66,-0.002956020187182773,461.49,0.0029295942309461864
2025-01-01,1358.76,0.015650700330201772,460.98,-0.0011057271281709191
2025-01-08,1399.93,0.029849716239359836,462.24,0.002729578610327188
2025-01-15,1477.07,0.05363816041997094,467.96,0.01229858546147522
2025-01-22,1460.94,-0.010980331627689743,475.07,0.015079339418633708
2025-01-29,1398.57,-0.043629778127328045,476.25,0.002480764842876404
2025-02-05,1341.79,-0.041445742592755686,480.32,0.008509622004186035
2025-02-12,1354.78,0.009634536082604228,483.19,0.005957402597117856
2025-02-19,1372.57,0.013045815396520943,485.83,0.00544881742732084
2025-02-26,1369.94,-0.001917951661954298,487.52,0.0034725467678633493
2025-03-05,1338.68,-0.02308288942946035,486.4,-0.0022999845854414502
2025-03-12,1331.53,-0.005355396832950277,490.32,0.008026908525518905
2025-03-19,1337.81,0.004705291634992115,493.62,0.006707751231417092
2025-03-26,1359.45,0.01604625755364264,495.03,0.0028523763839300997
2025-04-02,1398.95,0.028641749043745612,500.32,0.010629526916707377
2025-04-09,1248.26,-0.11397137364831522,490.21,-0.020414022986791736
2025-04-16,1207.99,-0.03279276024952971,497.98,0.015726044852883092
2025-04-23,1225.88,0.014701132108647208,505.51,0.015007905082904394
2025-04-30,1191.39,-0.028538260750741173,508.67,0.006231655576241835
2025-05-07,1170.54,-0.01765551189548198,508.31,-0.0007079785542227768
2025-05-14,1235.87,0.05430999471529052,507.88,-0.000846298478955454
2025-05-21,1214.04,-0.01782153448671675,510.74,0.005615455254052826
2025-05-28,1202.23,-0.009775475461548666,512.13,0.002717844605127695
2025-06-04,1234.28,0.026309638558191573,512.45,0.0006246462168011391
2025-06-11,1286.68,0.04157745332893281,515.19,0.005332619386308579
2025-06-18,1399.4,0.08397831588042148,519.82,0.00894683314036726
2025-06-25,1346.18,-0.03877262147903071,516.65,-0.006116935143883673
2025-07-02,1272.69,-0.05613818117686087,517.73,0.002088208187426055
2025-07-09,1296.9,0.018844030685791324,518.71,0.0018910892903747367
2025-07-16,1289.42,-0.005784296495042085,517.51,-0.0023161115138430333
2025-07-23,1270.88,-0.014482930961832174,524.91,0.01419797070031592
2025-07-30,1269.95,-0.0007320442859466425,523.33,-0.003014579097429859
2025-08-06,1250.86,-0.015146214866030405,520.13,-0.006133459896527249
2025-08-13,1193.12,-0.04725958993735979,518.97,-0.002232702303684775
2025-08-20,1177.57,-0.013118731688858354,516.2,-0.005351790742482265
2025-08-27,1188.66,0.009373629107663817,518.2,0.003866980843495682
2025-09-03,1216.42,0.023085496413633777,517.37,-0.0016029822759007217
2025-09-10,1199.76,-0.013790581854499884,517.03,-0.0006573859478820054
2025-09-17,1208.42,0.007192184413119307,521.64,0.00887679488447457
2025-09-24,1198.36,-0.008359765817757214,521.3,-0.0006520030146415223
2025-10-01,1219.02,0.01709330186878777,526.59,0.01009656536230441
2025-10-08,1201.3,-0.014642953510244361,529.75,0.00598294001204458
2025-10-15,1151.28,-0.042529936865411955,536.05,0.011822243153839729
2025-10-22,1123.79,-0.024167465603905924,541.15,0.009469064438906827
2025-10-29,1180.68,0.0493836424076628,532.91,-0.015343950367721071
2025-11-05,1220.09,0.03283408283252154,524.36,-0.016174083043825505
2025-11-12,1217.1,-0.002453646617684768,528.78,0.008393995010015587
2025-11-19,1215.26,-0.0015129342292876657,530.3,0.002870417803459979
2025-11-26,1189.88,-0.021105583966511965,527.13,-0.00599568670517403
2025-12-03,1204.75,0.012419614835730286,528.99,0.003522330650032046
2025-12-10,1205.85,0.0009126359216375945,532.76,0.007101513244887947
2025-12-17,1130.82,-0.06424167918548829,539.85,0.013220281860319538
2025-12-24,1147.51,0.014651344237086583,543.52,0.006775181219124349
2025-12-31,1156.59,0.007881643161590901,544.38,0.001581027997318074
2026-01-07,1113.02,-0.038398979089240726,550.81,0.011742389690412303
2026-01-14,1144.5,0.02789081882659339,559.65,0.015921666235271914
2026-01-21,1155.16,0.009271002107664295,568.25,0.015249874397376573
2026-01-28,1257.75,0.08508554787114253,579.64,0.019845758445070416
2026-02-04,1229.44,-0.022765629231290774,579.07,-0.000983852812141528
2026-02-11,1202.58,-0.022089532306586612,577.1,-0.003407806648660916
2026-02-18,1183.67,-0.01584946745439897,578.27,0.002025325912806686
2026-02-25,1236.05,0.04330102989471385,583.16,0.008420703606893731
2026-03-04,1320.09,0.06577910480045812,589.99,0.011643996366962561
2026-03-11,1599.78,0.19216620369955706,594.18,0.007076716157682128
2026-03-18,1738.82,0.08334060246002117,592.66,-0.0025614250127174998
2026-03-25,1691.74,-0.02744913717790265,578.07,-0.024925910142627572
2026-04-01,1760.6,0.0398970749708063,583.36,0.009109522884377164
2026-04-08,1799.9,0.022076447758627715,585.72,0.004037368196758706
2026-04-15,1634.17,-0.0965960776094974,588.19,0.004208165268257957
2026-04-22,1585.8,-0.030046018337637648,595.4,0.012183423626360934
2026-04-29,1701.89,0.0706503863591843,593.5,-0.003196234531952946
2026-05-06,1769.2,0.03878806879668861,593.85,0.0005895481705264771
2026-05-13,1722.58,-0.02670430006293678,595.39,0.0025898907887391687
2026-05-20,1811.8,0.05049765930395278,588.82,-0.011096118779896358
2026-05-27,1688.57,-0.07043880935445834,588.11,-0.0012065289968470339
2026-06-03,1666.6,-0.013096393932622519,587.86,-0.00042518092088439374
2026-06-10,1668.9,0.001379103801250281,578.86,-0.01542817217612491
2026-06-17,1515.84,-0.0961949860139697,573.43,-0.009424780556850365
2026-06-24,1397.9,-0.08099863025830434,567.72,-0.010007532147328746
