date,W.BCPI,diff_log_bcpi
1972-01-19,100.0,0.0
1972-01-26,100.0,0.0
1972-02-02,100.16,0.0015987213636963205
1972-02-09,100.4,0.0023932999058411397
1972-02-16,100.4,0.0
1972-02-23,100.4,0.0
1972-03-01,100.54,0.001393451006800106
1972-03-08,101.11,0.005653374838878733
1972-03-15,101.11,0.0
1972-03-22,101.11,0.0
1972-03-29,101.11,0.0
1972-04-05,101.14,0.000296662548528559
1972-04-12,101.16,0.00019772614992774606
1972-04-19,101.16,0.0
1972-04-26,101.16,0.0
1972-05-03,101.59,0.004241683301689392
1972-05-10,101.88,0.002850545007802019
1972-05-17,101.88,0.0
1972-05-24,101.88,0.0
1972-05-31,101.88,0.0
1972-06-07,102.1,0.002157075059363578
1972-06-14,102.1,0.0
1972-06-21,102.1,0.0
1972-06-28,102.1,0.0
1972-07-05,103.06,0.009358617729458452
1972-07-12,103.7,0.006190772335403771
1972-07-19,103.7,0.0
1972-07-26,103.7,0.0
1972-08-02,104.15,0.004330052471499535
1972-08-09,104.81,0.006317019475105212
1972-08-16,104.81,0.0
1972-08-23,104.81,0.0
1972-08-30,104.81,0.0
1972-09-06,105.6,0.0075091840900745055
1972-09-13,105.8,0.0018921481520379757
1972-09-20,105.8,0.0
1972-09-27,105.8,0.0
1972-10-04,106.21,0.0038677469092496253
1972-10-11,106.49,0.002632817693843492
1972-10-18,106.49,0.0
1972-10-25,106.49,0.0
1972-11-01,106.75,0.0024385680814420496
1972-11-08,107.78,0.00960246039661694
1972-11-15,107.78,0.0
1972-11-22,107.78,0.0
1972-11-29,107.78,0.0
1972-12-06,109.82,0.018750549345375234
1972-12-13,110.33,0.00463321292148855
1972-12-20,110.33,0.0
1972-12-27,110.33,0.0
1973-01-03,112.78,0.021963143606821056
1973-01-10,114.42,0.01443687046134734
1973-01-17,114.42,0.0
1973-01-24,114.42,0.0
1973-01-31,114.42,0.0
1973-02-07,117.58,0.027243064133725348
1973-02-14,117.58,0.0
1973-02-21,117.58,0.0
1973-02-28,117.58,0.0
1973-03-07,122.04,0.03722990687436045
1973-03-14,122.04,0.0
1973-03-21,122.04,0.0
1973-03-28,122.04,0.0
1973-04-04,123.29,0.010190444031992207
1973-04-11,124.13,0.006790099647394854
1973-04-18,124.13,0.0
1973-04-25,124.13,0.0
1973-05-02,126.51,0.018991952898722353
1973-05-09,130.09,0.02790516218688932
1973-05-16,130.09,0.0
1973-05-23,130.09,0.0
1973-05-30,130.09,0.0
1973-06-06,133.5,0.02587495922683658
1973-06-13,134.35,0.0063468572211959895
1973-06-20,134.35,0.0
1973-06-27,134.35,0.0
1973-07-04,138.61,0.031215899163761662
1973-07-11,141.44,0.02021136466407114
1973-07-18,141.44,0.0
1973-07-25,141.44,0.0
1973-08-01,143.1,0.011668087673071703
1973-08-08,149.73,0.04528998558722286
1973-08-15,149.73,0.0
1973-08-22,149.73,0.0
1973-08-29,149.73,0.0
1973-09-05,148.32,-0.009461570332082836
1973-09-12,147.38,-0.006357816478691269
1973-09-19,147.38,0.0
1973-09-26,147.38,0.0
1973-10-03,146.87,-0.003466443573082678
1973-10-10,146.52,-0.0023859038551572453
1973-10-17,146.52,0.0
1973-10-24,146.52,0.0
1973-10-31,146.52,0.0
1973-11-07,150.16,0.02453945436763938
1973-11-14,150.16,0.0
1973-11-21,150.16,0.0
1973-11-28,150.16,0.0
1973-12-05,152.05,0.012508021845120787
1973-12-12,153.31,0.008252601198988962
1973-12-19,153.31,0.0
1973-12-26,153.31,0.0
1974-01-02,157.33,0.02588349492996933
1974-01-09,163.36,0.03761084416402305
1974-01-16,163.36,0.0
1974-01-23,163.36,0.0
1974-01-30,163.36,0.0
1974-02-06,170.05,0.040136157036849696
1974-02-13,171.72,0.009772731903154863
1974-02-20,171.72,0.0
1974-02-27,171.72,0.0
1974-03-06,170.92,-0.004669632580535321
1974-03-13,170.72,-0.0011708232223810455
1974-03-20,170.72,0.0
1974-03-27,170.72,0.0
1974-04-03,172.44,0.010024562325490649
1974-04-10,173.58,0.006589238337165071
1974-04-17,173.58,0.0
1974-04-24,173.58,0.0
1974-05-01,173.18,-0.002307072196443549
1974-05-08,171.59,-0.009223605722125328
1974-05-15,171.59,0.0
1974-05-22,171.59,0.0
1974-05-29,171.59,0.0
1974-06-05,170.75,-0.004907411846630794
1974-06-12,170.19,-0.003285038444313493
1974-06-19,170.19,0.0
1974-06-26,170.19,0.0
1974-07-03,175.52,0.03083753652033394
1974-07-10,179.07,0.020023794321748056
1974-07-17,179.07,0.0
1974-07-24,179.07,0.0
1974-07-31,179.07,0.0
1974-08-07,180.91,0.01022287918450182
1974-08-14,180.91,0.0
1974-08-21,180.91,0.0
1974-08-28,180.91,0.0
1974-09-04,178.57,-0.013018988824136102
1974-09-11,177.01,-0.008774453055968578
1974-09-18,177.01,0.0
1974-09-25,177.01,0.0
1974-10-02,178.62,0.009054416102674878
1974-10-09,181.03,0.013402119132112311
1974-10-16,181.03,0.0
1974-10-23,181.03,0.0
1974-10-30,181.03,0.0
1974-11-06,180.54,-0.0027104035178435737
1974-11-13,180.41,-0.0007203214052973195
1974-11-20,180.41,0.0
1974-11-27,180.41,0.0
1974-12-04,177.72,-0.015022760397003232
1974-12-11,175.93,-0.010123089416753217
1974-12-18,175.93,0.0
1974-12-25,175.93,0.0
1975-01-01,175.87,-0.0003411029026816337
1975-01-08,175.66,-0.001194777259302171
1975-01-15,175.66,0.0
1975-01-22,175.66,0.0
1975-01-29,175.66,0.0
1975-02-05,175.49,-0.0009682472634553463
1975-02-12,175.38,-0.0006270128743057768
1975-02-19,175.38,0.0
1975-02-26,175.38,0.0
1975-03-05,174.28,-0.006291847101968173
1975-03-12,173.55,-0.004197458941446186
1975-03-19,173.55,0.0
1975-03-26,173.55,0.0
1975-04-02,173.73,0.001036627598012707
1975-04-09,174.0,0.0015529293087208629
1975-04-16,174.0,0.0
1975-04-23,174.0,0.0
1975-04-30,174.0,0.0
1975-05-07,176.38,0.013585459245505582
1975-05-14,176.38,0.0
1975-05-21,176.38,0.0
1975-05-28,176.38,0.0
1975-06-04,177.47,0.006160822086438422
1975-06-11,178.19,0.004048816192850246
1975-06-18,178.19,0.0
1975-06-25,178.19,0.0
1975-07-02,179.98,0.009995336866478688
1975-07-09,182.65,0.014726019635489251
1975-07-16,182.65,0.0
1975-07-23,182.65,0.0
1975-07-30,182.65,0.0
1975-08-06,185.9,0.017637141486106955
1975-08-13,186.71,0.004347716249846201
1975-08-20,186.71,0.0
1975-08-27,186.71,0.0
1975-09-03,189.44,0.01451574071839623
1975-09-10,191.26,0.009561407225755936
1975-09-17,191.26,0.0
1975-09-24,191.26,0.0
1975-10-01,190.67,-0.0030895738450436028
1975-10-08,188.31,-0.012454644078802701
1975-10-15,188.31,0.0
1975-10-22,188.31,0.0
1975-10-29,188.31,0.0
1975-11-05,186.33,-0.01057024575822929
1975-11-12,185.01,-0.007109417567810361
1975-11-19,185.01,0.0
1975-11-26,185.01,0.0
1975-12-03,186.36,0.007270409277085221
1975-12-10,187.26,0.004817738562147511
1975-12-17,187.26,0.0
1975-12-24,187.26,0.0
1975-12-31,187.26,0.0
1976-01-07,184.86,-0.012899243674111993
1976-01-14,184.86,0.0
1976-01-21,184.86,0.0
1976-01-28,184.86,0.0
1976-02-04,184.19,-0.003630948305620052
1976-02-11,183.73,-0.002500544899367796
1976-02-18,183.73,0.0
1976-02-25,183.73,0.0
1976-03-03,184.03,0.0016314991654597932
1976-03-10,184.23,0.0010861892123141814
1976-03-17,184.23,0.0
1976-03-24,184.23,0.0
1976-03-31,184.23,0.0
1976-04-07,184.88,0.0035219889567077445
1976-04-14,184.88,0.0
1976-04-21,184.88,0.0
1976-04-28,184.88,0.0
1976-05-05,184.76,-0.0006492804037208089
1976-05-12,184.68,-0.0004330879236160712
1976-05-19,184.68,0.0
1976-05-26,184.68,0.0
1976-06-02,185.7,0.00550787071987191
1976-06-09,187.24,0.008258748073209254
1976-06-16,187.24,0.0
1976-06-23,187.24,0.0
1976-06-30,187.24,0.0
1976-07-07,188.16,0.004901448278392451
1976-07-14,188.16,0.0
1976-07-21,188.16,0.0
1976-07-28,188.16,0.0
1976-08-04,186.29,-0.009988065408644609
1976-08-11,185.05,-0.006678540469452265
1976-08-18,185.05,0.0
1976-08-25,185.05,0.0
1976-09-01,184.98,-0.00037834770605105206
1976-09-08,184.68,-0.0016231134873256892
1976-09-15,184.68,0.0
1976-09-22,184.68,0.0
1976-09-29,184.68,0.0
1976-10-06,182.37,-0.012587007210047574
1976-10-13,181.8,-0.003130408685362518
1976-10-20,181.8,0.0
1976-10-27,181.8,0.0
1976-11-03,180.89,-0.005018070029835009
1976-11-10,180.28,-0.003377913891095652
1976-11-17,180.28,0.0
1976-11-24,180.28,0.0
1976-12-01,180.43,0.0008316930977594339
1976-12-08,181.04,0.003375110405074544
1976-12-15,181.04,0.0
1976-12-22,181.04,0.0
1976-12-29,181.04,0.0
1977-01-05,182.22,0.006496746960430677
1977-01-12,183.01,0.004326047871478167
1977-01-19,183.01,0.0
1977-01-26,183.01,0.0
1977-02-02,184.66,0.008975500187291097
1977-02-09,187.15,0.01339413800595679
1977-02-16,187.15,0.0
1977-02-23,187.15,0.0
1977-03-02,186.8,-0.001871908555695967
1977-03-09,186.27,-0.0028412917498314982
1977-03-16,186.27,0.0
1977-03-23,186.27,0.0
1977-03-30,186.27,0.0
1977-04-06,186.05,-0.001181779252279469
1977-04-13,185.99,-0.00032254596559599946
1977-04-20,185.99,0.0
1977-04-27,185.99,0.0
1977-05-04,185.86,-0.0006992066978419587
1977-05-11,185.77,-0.0004843527258806546
1977-05-18,185.77,0.0
1977-05-25,185.77,0.0
1977-06-01,185.77,0.0
1977-06-08,185.8,0.0001614769764257673
1977-06-15,185.8,0.0
1977-06-22,185.8,0.0
1977-06-29,185.8,0.0
1977-07-06,184.68,-0.006046228740950177
1977-07-13,184.41,-0.001463058051760946
1977-07-20,184.41,0.0
1977-07-27,184.41,0.0
1977-08-03,184.86,0.0024372422496039547
1977-08-10,185.16,0.0016215343264383009
1977-08-17,185.16,0.0
1977-08-24,185.16,0.0
1977-08-31,185.16,0.0
1977-09-07,185.87,0.003827188457192321
1977-09-14,185.87,0.0
1977-09-21,185.87,0.0
1977-09-28,185.87,0.0
1977-10-05,184.22,-0.008916809060172781
1977-10-12,183.11,-0.006043630406466605
1977-10-19,183.11,0.0
1977-10-26,183.11,0.0
1977-11-02,185.09,0.010755128115002677
1977-11-09,188.07,0.0159720406853614
1977-11-16,188.07,0.0
1977-11-23,188.07,0.0
1977-11-30,188.07,0.0
1977-12-07,191.49,0.01802135398208904
1977-12-14,191.49,0.0
1977-12-21,191.49,0.0
1977-12-28,191.49,0.0
1978-01-04,192.94,0.007543671806331531
1978-01-11,193.91,0.005014874152119653
1978-01-18,193.91,0.0
1978-01-25,193.91,0.0
1978-02-01,193.95,0.00020625999144918694
1978-02-08,194.12,0.0008761306510391975
1978-02-15,194.12,0.0
1978-02-22,194.12,0.0
1978-03-01,194.48,0.0018528054708522035
1978-03-08,195.94,0.007479159908628574
1978-03-15,195.94,0.0
1978-03-22,195.94,0.0
1978-03-29,195.94,0.0
1978-04-05,197.71,0.008992820670292723
1978-04-12,198.9,0.006000875273137751
1978-04-19,198.9,0.0
1978-04-26,198.9,0.0
1978-05-03,201.48,0.012887935017523056
1978-05-10,203.2,0.008500594826877261
1978-05-17,203.2,0.0
1978-05-24,203.2,0.0
1978-05-31,203.2,0.0
1978-06-07,202.01,-0.005873514577956485
1978-06-14,202.01,0.0
1978-06-21,202.01,0.0
1978-06-28,202.01,0.0
1978-07-05,201.93,-0.00039609843563859215
1978-07-12,201.88,-0.0002476412186700472
1978-07-19,201.88,0.0
1978-07-26,201.88,0.0
1978-08-02,202.24,0.0017816494864311139
1978-08-09,202.79,0.0027158498780792684
1978-08-16,202.79,0.0
1978-08-23,202.79,0.0
1978-08-30,202.79,0.0
1978-09-06,203.83,0.00511535225906723
1978-09-13,204.09,0.001274759929439817
1978-09-20,204.09,0.0
1978-09-27,204.09,0.0
1978-10-04,207.48,0.01647387645811982
1978-10-11,209.74,0.010833718923060509
1978-10-18,209.74,0.0
1978-10-25,209.74,0.0
1978-11-01,209.9,0.0007625584203276858
1978-11-08,210.51,0.0029019311057201236
1978-11-15,210.51,0.0
1978-11-22,210.51,0.0
1978-11-29,210.51,0.0
1978-12-06,209.24,-0.006051239429896604
1978-12-13,208.92,-0.0015305149343127766
1978-12-20,208.92,0.0
1978-12-27,208.92,0.0
1979-01-03,211.8,0.013691029599208093
1979-01-10,213.72,0.009024313922264326
1979-01-17,213.72,0.0
1979-01-24,213.72,0.0
1979-01-31,213.72,0.0
1979-02-07,221.61,0.03625233311918574
1979-02-14,221.61,0.0
1979-02-21,221.61,0.0
1979-02-28,221.61,0.0
1979-03-07,224.91,0.014781241974324288
1979-03-14,224.91,0.0
1979-03-21,224.91,0.0
1979-03-28,224.91,0.0
1979-04-04,226.47,0.006912163636562774
1979-04-11,227.51,0.004581707649279565
1979-04-18,227.51,0.0
1979-04-25,227.51,0.0
1979-05-02,229.33,0.007967820806958237
1979-05-09,232.07,0.011877036018786313
1979-05-16,232.07,0.0
1979-05-23,232.07,0.0
1979-05-30,232.07,0.0
1979-06-06,236.54,0.01907827652830374
1979-06-13,237.66,0.0047237540389089006
1979-06-20,237.66,0.0
1979-06-27,237.66,0.0
1979-07-04,239.62,0.00821325434987319
1979-07-11,240.92,0.0054105929637673356
1979-07-18,240.92,0.0
1979-07-25,240.92,0.0
1979-08-01,242.29,0.0056704276438166445
1979-08-08,247.76,0.022325179845609888
1979-08-15,247.76,0.0
1979-08-22,247.76,0.0
1979-08-29,247.76,0.0
1979-09-05,253.67,0.023573674046759585
1979-09-12,257.61,0.01541260364079644
1979-09-19,257.61,0.0
1979-09-26,257.61,0.0
1979-10-03,259.94,0.009004021800939732
1979-10-10,261.49,0.0059452067025507205
1979-10-17,261.49,0.0
1979-10-24,261.49,0.0
1979-10-31,261.49,0.0
1979-11-07,262.74,0.004768908185368126
1979-11-14,262.74,0.0
1979-11-21,262.74,0.0
1979-11-28,262.74,0.0
1979-12-05,266.46,0.014059188490704422
1979-12-12,268.94,0.009264167863658024
1979-12-19,268.94,0.0
1979-12-26,268.94,0.0
1980-01-02,274.62,0.020900017497881507
1980-01-09,283.12,0.030482512143602314
1980-01-16,283.12,0.0
1980-01-23,283.12,0.0
1980-01-30,283.12,0.0
1980-02-06,287.73,0.01615170437076152
1980-02-13,288.89,0.004023452411834327
1980-02-20,288.89,0.0
1980-02-27,288.89,0.0
1980-03-05,283.4,-0.01918666556322357
1980-03-12,279.75,-0.012962980064545881
1980-03-19,279.75,0.0
1980-03-26,279.75,0.0
1980-04-02,275.72,-0.014510489174583086
1980-04-09,269.68,-0.022149787091645834
1980-04-16,269.68,0.0
1980-04-23,269.68,0.0
1980-04-30,269.68,0.0
1980-05-07,275.0,0.019535026740766348
1980-05-14,275.0,0.0
1980-05-21,275.0,0.0
1980-05-28,275.0,0.0
1980-06-04,281.01,0.02161915822257754
1980-06-11,285.01,0.014134011483239561
1980-06-18,285.01,0.0
1980-06-25,285.01,0.0
1980-07-02,290.02,0.01742561874736026
1980-07-09,297.55,0.025632391971112334
1980-07-16,297.55,0.0
1980-07-23,297.55,0.0
1980-07-30,297.55,0.0
1980-08-06,296.94,-0.0020521798990120743
1980-08-13,296.78,-0.0005389746138693141
1980-08-20,296.78,0.0
1980-08-27,296.78,0.0
1980-09-03,296.16,-0.0020912747527921383
1980-09-10,295.75,-0.001385345966691709
1980-09-17,295.75,0.0
1980-09-24,295.75,0.0
1980-10-01,296.3,0.001857951721023099
1980-10-08,298.48,0.007330474333382853
1980-10-15,298.48,0.0
1980-10-22,298.48,0.0
1980-10-29,298.48,0.0
1980-11-05,298.56,0.00026798874607703027
1980-11-12,298.62,0.0002009444395385529
1980-11-19,298.62,0.0
1980-11-26,298.62,0.0
1980-12-03,297.67,-0.003186371744541283
1980-12-10,297.03,-0.0021523465514432516
1980-12-17,297.03,0.0
1980-12-24,297.03,0.0
1980-12-31,297.03,0.0
1981-01-07,305.55,0.028280287538391846
1981-01-14,305.55,0.0
1981-01-21,305.55,0.0
1981-01-28,305.55,0.0
1981-02-04,309.86,0.014007151227220405
1981-02-11,312.73,0.009219615893133692
1981-02-18,312.73,0.0
1981-02-25,312.73,0.0
1981-03-04,312.15,-0.0018563569535263724
1981-03-11,311.76,-0.0012501804772986347
1981-03-18,311.76,0.0
1981-03-25,311.76,0.0
1981-04-01,311.69,-0.00022455690205891443
1981-04-08,311.44,-0.0008024008261946491
1981-04-15,311.44,0.0
1981-04-22,311.44,0.0
1981-04-29,311.44,0.0
1981-05-06,315.06,0.011556393575622437
1981-05-13,315.97,0.0028841754934543218
1981-05-20,315.97,0.0
1981-05-27,315.97,0.0
1981-06-03,313.59,-0.007560872158552279
1981-06-10,312.01,-0.005051161634822776
1981-06-17,312.01,0.0
1981-06-24,312.01,0.0
1981-07-01,311.88,-0.00041674013650272457
1981-07-08,311.38,-0.0016044671798711718
1981-07-15,311.38,0.0
1981-07-22,311.38,0.0
1981-07-29,311.38,0.0
1981-08-05,307.75,-0.011726266196965263
1981-08-12,305.34,-0.007861855235766768
1981-08-19,305.34,0.0
1981-08-26,305.34,0.0
1981-09-02,303.95,-0.004562695634064973
1981-09-09,301.86,-0.00689988046344947
1981-09-16,301.86,0.0
1981-09-23,301.86,0.0
1981-09-30,301.86,0.0
1981-10-07,297.96,-0.013004084423206663
1981-10-14,297.96,0.0
1981-10-21,297.96,0.0
1981-10-28,297.96,0.0
1981-11-04,297.88,-0.00026852846563052424
1981-11-11,297.82,-0.00020144368038543803
1981-11-18,297.82,0.0
1981-11-25,297.82,0.0
1981-12-02,297.03,-0.0026561333595260805
1981-12-09,295.84,-0.00401437616371858
1981-12-16,295.84,0.0
1981-12-23,295.84,0.0
1981-12-30,295.84,0.0
1982-01-06,295.08,-0.002572261622713512
1982-01-13,294.9,-0.0006101901948705191
1982-01-20,294.9,0.0
1982-01-27,294.9,0.0
1982-02-03,293.51,-0.004724605583246166
1982-02-10,292.58,-0.0031735766880442995
1982-02-17,292.58,0.0
1982-02-24,292.58,0.0
1982-03-03,289.12,-0.011896306706021598
1982-03-10,286.81,-0.008021851222824061
1982-03-17,286.81,0.0
1982-03-24,286.81,0.0
1982-03-31,286.81,0.0
1982-04-07,286.19,-0.002164049710159155
1982-04-14,286.19,0.0
1982-04-21,286.19,0.0
1982-04-28,286.19,0.0
1982-05-05,287.37,0.0041146581519750924
1982-05-12,288.16,0.0027452973647354995
1982-05-19,288.16,0.0
1982-05-26,288.16,0.0
1982-06-02,287.4,-0.0026409077827214134
1982-06-09,286.26,-0.00397448488885388
1982-06-16,286.26,0.0
1982-06-23,286.26,0.0
1982-06-30,286.26,0.0
1982-07-07,283.77,-0.008736437862881807
1982-07-14,283.77,0.0
1982-07-21,283.77,0.0
1982-07-28,283.77,0.0
1982-08-04,281.99,-0.006292441576738916
1982-08-11,280.8,-0.004228937164794111
1982-08-18,280.8,0.0
1982-08-25,280.8,0.0
1982-09-01,280.93,0.0004628558286752238
1982-09-08,281.45,0.001849283929704626
1982-09-15,281.45,0.0
1982-09-22,281.45,0.0
1982-09-29,281.45,0.0
1982-10-06,279.46,-0.007095642257733736
1982-10-13,278.96,-0.0017907672849064582
1982-10-20,278.96,0.0
1982-10-27,278.96,0.0
1982-11-03,280.55,0.005683559829585683
1982-11-10,281.62,0.0038066822921845045
1982-11-17,281.62,0.0
1982-11-24,281.62,0.0
1982-12-01,281.58,-0.00014204545478424535
1982-12-08,281.42,-0.0005683836742713666
1982-12-15,281.42,0.0
1982-12-22,281.42,0.0
1982-12-29,281.42,0.0
1983-01-05,284.49,0.010849888203635416
1983-01-12,286.53,0.007145139151010227
1983-01-19,286.53,0.0
1983-01-26,286.53,0.0
1983-02-02,285.38,-0.0040216172123264116
1983-02-09,283.65,-0.00608054172985284
1983-02-16,283.65,0.0
1983-02-23,283.65,0.0
1983-03-02,283.05,-0.0021175232899075525
1983-03-09,282.15,-0.0031847160675200215
1983-03-16,282.15,0.0
1983-03-23,282.15,0.0
1983-03-30,282.15,0.0
1983-04-06,287.81,0.019861695786111078
1983-04-13,289.22,0.004887103985386609
1983-04-20,289.22,0.0
1983-04-27,289.22,0.0
1983-05-04,291.58,0.008126766490029524
1983-05-11,293.15,0.005370012733547647
1983-05-18,293.15,0.0
1983-05-25,293.15,0.0
1983-06-01,293.23,0.00027286060403319823
1983-06-08,293.51,0.0009544262237275447
1983-06-15,293.51,0.0
1983-06-22,293.51,0.0
1983-06-29,293.51,0.0
1983-07-06,291.13,-0.008141807427850978
1983-07-13,290.53,-0.0020630616264174506
1983-07-20,290.53,0.0
1983-07-27,290.53,0.0
1983-08-03,287.99,-0.008781083872822393
1983-08-10,286.29,-0.005920474213620963
1983-08-17,286.29,0.0
1983-08-24,286.29,0.0
1983-08-31,286.29,0.0
1983-09-07,284.01,-0.007995834288363035
1983-09-14,284.01,0.0
1983-09-21,284.01,0.0
1983-09-28,284.01,0.0
1983-10-05,282.48,-0.005401697188778698
1983-10-12,281.46,-0.0036174100517092356
1983-10-19,281.46,0.0
1983-10-26,281.46,0.0
1983-11-02,281.45,-3.552965838604649e-05
1983-11-09,281.43,-7.106310406612693e-05
1983-11-16,281.43,0.0
1983-11-23,281.43,0.0
1983-11-30,281.43,0.0
1983-12-07,281.38,-0.000177679856902202
1983-12-14,281.38,0.0
1983-12-21,281.38,0.0
1983-12-28,281.38,0.0
1984-01-04,284.04,0.009409004364825613
1984-01-11,286.17,0.007470966511333721
1984-01-18,286.15,-6.989097011533829e-05
1984-01-25,286.35,0.0006986899847554184
1984-02-01,286.58,0.0008028904485897215
1984-02-08,287.87,0.004491260051969093
1984-02-15,287.67,-0.0006949995067255799
1984-02-22,287.35,-0.001113004879949031
1984-02-29,287.1,-0.000870397826732372
1984-03-07,293.09,0.020649141959347084
1984-03-14,293.48,0.0013297647594283646
1984-03-21,293.77,0.0009876544012721311
1984-03-28,294.02,0.0008506439887536743
1984-04-04,292.36,-0.005661872623628383
1984-04-11,291.22,-0.003906924329433181
1984-04-18,291.21,-3.433889051329686e-05
1984-04-25,291.16,-0.00017171214218780761
1984-05-02,290.0,-0.00399202126953746
1984-05-09,288.16,-0.0063650415528737625
1984-05-16,288.31,0.0005204087060395324
1984-05-23,288.25,-0.00020813098451721856
1984-05-30,288.32,0.00024281527080471932
1984-06-06,284.46,-0.013478328277891194
1984-06-13,283.48,-0.003451072200026495
1984-06-20,283.78,0.0010577161371116972
1984-06-27,284.07,0.0010213965843517414
1984-07-04,279.41,-0.01654044950046618
1984-07-11,276.27,-0.011301588761667425
1984-07-18,276.24,-0.00010859531964779734
1984-07-25,276.4,0.0005790388117778988
1984-08-01,276.3,-0.0003618599641441733
1984-08-08,276.8,0.0018079918141440388
1984-08-15,276.64,-0.0005782018085342955
1984-08-22,276.61,-0.00010845006788784417
1984-08-29,276.33,-0.001012768198838998
1984-09-05,273.13,-0.011647931349807905
1984-09-12,270.87,-0.008308871330948264
1984-09-19,270.77,-0.0003692489518360986
1984-09-26,270.78,3.69310313033111e-05
1984-10-03,269.73,-0.003885224402173648
1984-10-10,269.16,-0.002115460344674247
1984-10-17,269.06,-0.0003715952627203478
1984-10-24,269.09,0.00011149307825331078
1984-10-31,269.19,0.00037155384242648637
1984-11-07,265.53,-0.013689621329181278
1984-11-14,265.79,0.0009786946501293414
1984-11-21,265.88,0.00033855587435649426
1984-11-28,266.04,0.0006015942428394538
1984-12-05,262.43,-0.013662293613086796
1984-12-12,260.14,-0.008764432167539304
1984-12-19,260.18,0.00015375153781871376
1984-12-26,260.19,3.843419106086543e-05
1985-01-02,258.17,-0.007793850703171401
1985-01-09,255.04,-0.012197887059452128
1985-01-16,254.99,-0.00019606689865359073
1985-01-23,255.08,0.00035289274387384495
1985-01-30,255.1,7.840370069533975e-05
1985-02-06,258.07,0.01157524080328276
1985-02-13,258.78,0.0027474139367580364
1985-02-20,258.68,-0.0003865033094143655
1985-02-27,258.42,-0.0010056082843181713
1985-03-06,258.82,0.0015466710994500588
1985-03-13,258.76,-0.00023184821773991615
1985-03-20,258.6,-0.0006185248380274899
1985-03-27,258.55,-0.00019336749552678612
1985-04-03,260.75,0.008472995038651732
1985-04-10,262.23,0.005659887379624529
1985-04-17,262.24,3.813373501326822e-05
1985-04-24,262.13,-0.00041955108649816
1985-05-01,261.72,-0.0015653339074832573
1985-05-08,260.3,-0.005440418001018799
1985-05-15,260.3,0.0
1985-05-22,260.4,0.0003840983338943005
1985-05-29,260.85,0.0017266191339881942
1985-06-05,258.22,-0.010133594721828842
1985-06-12,256.72,-0.005825937944971216
1985-06-19,256.94,0.0008565978018619802
1985-06-26,257.33,0.0015167133014308831
1985-07-03,255.37,-0.007645834009196939
1985-07-10,254.22,-0.0045134400291750865
1985-07-17,254.11,-0.0004327897299667427
1985-07-24,253.92,-0.0007479873584568253
1985-07-31,253.36,-0.0022078545477146605
1985-08-07,249.93,-0.013630523575456799
1985-08-14,249.96,0.00012002640595287772
1985-08-21,249.91,-0.00020005201419071028
1985-08-28,249.71,-0.000800608505195477
1985-09-04,249.77,0.0002402498610099002
1985-09-11,250.0,0.0009204234597417482
1985-09-18,250.05,0.00019998000266685523
1985-09-25,250.32,0.001079201495714166
1985-10-02,250.56,0.0009583134418109651
1985-10-09,251.31,0.0029888240313900027
1985-10-16,251.45,0.0005569257841457897
1985-10-23,251.47,7.953551264794356e-05
1985-10-30,251.51,0.0001590520501189019
1985-11-06,254.17,0.010520584300817148
1985-11-13,254.72,0.0021615681744604487
1985-11-20,254.86,0.0005494721281147363
1985-11-27,255.0,0.0005491703742928067
1985-12-04,250.71,-0.016966652476971156
1985-12-11,247.73,-0.011957449268769516
1985-12-18,247.76,0.00012109225226186737
1985-12-25,247.78,8.07200226455862e-05
1986-01-01,245.53,-0.00912211632611104
1986-01-08,235.92,-0.03992637485446071
1986-01-15,235.76,-0.0006784260775818396
1986-01-22,235.73,-0.00012725614558295462
1986-01-29,235.77,0.00016967126233691232
1986-02-05,225.19,-0.045912263239944906
1986-02-12,218.11,-0.03194496762248722
1986-02-19,217.94,-0.0007797271350211687
1986-02-26,217.6,-0.0015612805669524832
1986-03-05,216.97,-0.002899419846507101
1986-03-12,216.73,-0.001106755934968895
1986-03-19,217.0,0.0012450143401485647
1986-03-26,216.84,-0.0007375991483220545
1986-04-02,217.14,0.0013825524115684829
1986-04-09,217.54,0.0018404348619975863
1986-04-16,217.02,-0.0023932264736421516
1986-04-23,216.57,-0.002075694372882353
1986-04-30,217.29,0.003319046056165398
1986-05-07,223.02,0.026028586661871245
1986-05-14,223.4,0.001702433097884537
1986-05-21,223.25,-0.000671666878491628
1986-05-28,223.45,0.0008954556228513155
1986-06-04,218.96,-0.02029861064703642
1986-06-11,215.95,-0.013842165325713474
1986-06-18,217.4,0.006692075280398946
1986-06-25,217.95,0.0025267039972920458
1986-07-02,214.56,-0.0156762591510331
1986-07-09,210.55,-0.018866264925430976
1986-07-16,209.93,-0.0029490127917064513
1986-07-23,209.54,-0.0018594898914114921
1986-07-30,209.71,0.0008109720182085667
1986-08-06,215.09,0.02533092124531411
1986-08-13,216.76,0.007734205509571268
1986-08-20,217.3,0.0024881365644704445
1986-08-27,217.75,0.0020687284702285424
1986-09-03,219.19,0.006591317862648438
1986-09-10,219.86,0.0030520465554575438
1986-09-17,218.81,-0.004787206808158473
1986-09-24,218.06,-0.0034335190643242086
1986-10-01,217.6,-0.002111739296448256
1986-10-08,218.16,0.002570223555546036
1986-10-15,218.23,0.00032081395357508313
1986-10-22,218.74,0.002334257416171326
1986-10-29,218.45,-0.0013266545096346505
1986-11-05,218.68,0.0010523186293536213
1986-11-12,218.67,-4.572996456708722e-05
1986-11-19,218.87,0.000914202193762037
1986-11-26,218.17,-0.003203370852060239
1986-12-03,219.74,0.007170453868801552
1986-12-10,220.23,0.002227425518064763
1986-12-17,219.36,-0.003958238976795592
1986-12-24,218.9,-0.002099211285186975
1986-12-31,218.51,-0.0017832244500413097
1987-01-07,227.42,0.03996674811780121
1987-01-14,228.54,0.004912721521990626
1987-01-21,229.27,0.0031890986160032497
1987-01-28,230.86,0.0069111178521952255
1987-02-04,232.13,0.005486093372589096
1987-02-11,233.64,0.006483909612753358
1987-02-18,233.44,-0.0008563843976325813
1987-02-25,232.11,-0.005713687545003232
1987-03-04,234.71,0.011139312303978244
1987-03-11,236.01,0.005523467475810229
1987-03-18,235.99,-8.474576276285006e-05
1987-03-25,235.97,-8.475294521570476e-05
1987-04-01,236.2,0.0009742254619791169
1987-04-08,239.86,0.015376516040313426
1987-04-15,240.25,0.001624628046826615
1987-04-22,239.93,-0.001332833718072024
1987-04-29,239.7,-0.0009590726919910253
1987-05-06,245.22,0.022767625363901978
1987-05-13,247.2,0.008041958779294589
1987-05-20,246.21,-0.004012895273805661
1987-05-27,246.06,-0.000609421677706834
1987-06-03,247.83,0.007167618610500526
1987-06-10,249.56,0.006956340000062511
1987-06-17,250.92,0.00543479598595642
1987-06-24,250.9,-7.97098561653442e-05
1987-07-01,251.4,0.0019908427837700415
1987-07-08,255.03,0.014335889141229963
1987-07-15,254.83,-0.0007845291266548315
1987-07-22,253.37,-0.005745785189716024
1987-07-29,252.85,-0.0020544434550142654
1987-08-05,251.51,-0.005313677345251122
1987-08-12,251.34,-0.0006761459937418834
1987-08-19,252.67,0.0052776853123788214
1987-08-26,253.99,0.005210606665396966
1987-09-02,253.03,-0.003786837391861475
1987-09-09,251.33,-0.0067412421204853246
1987-09-16,250.24,-0.004346359295481328
1987-09-23,247.43,-0.011292743634490954
1987-09-30,247.07,-0.0014560164351857807
1987-10-07,252.1,0.02015413690660406
1987-10-14,250.74,-0.005409288505994425
1987-10-21,249.88,-0.0034357430625098218
1987-10-28,249.62,-0.0010410411350614268
1987-11-04,247.74,-0.007559952364253775
1987-11-11,246.45,-0.005220675974667799
1987-11-18,245.77,-0.0027629939157325367
1987-11-25,245.48,-0.0011806617147573917
1987-12-02,246.89,0.005727415782377676
1987-12-09,247.42,0.0021444041314113704
1987-12-16,248.13,0.0028655049372394714
1987-12-23,248.81,0.0027367506114304163
1987-12-30,248.51,-0.0012064668076456897
1988-01-06,253.32,0.019170425472519348
1988-01-13,253.89,0.0022475907018950636
1988-01-20,253.48,-0.0016161778948076133
1988-01-27,253.63,0.000591587641239677
1988-02-03,255.23,0.0062885873239819645
1988-02-10,256.04,0.003168582853264823
1988-02-17,256.12,0.00031240237679863725
1988-02-24,255.58,-0.002110612470044515
1988-03-02,257.31,0.0067461114898828
1988-03-09,261.82,0.01737566108151256
1988-03-16,261.49,-0.0012612028959591015
1988-03-23,261.73,0.0009173961883419679
1988-03-30,261.77,0.00015281757431839793
1988-04-06,268.79,0.026464149957362793
1988-04-13,271.19,0.008889276654049816
1988-04-20,270.94,-0.0009222880774757414
1988-04-27,270.95,3.6907859532142595e-05
1988-05-04,272.59,0.006034532791676206
1988-05-11,273.77,0.004319503018937354
1988-05-18,274.91,0.004155433551155774
1988-05-25,275.93,0.0037034389870518325
1988-06-01,277.75,0.006574218158795553
1988-06-08,282.86,0.018230647072614126
1988-06-15,284.21,0.004761325940005001
1988-06-22,282.95,-0.004443197943825972
1988-06-29,282.81,-0.0004949095123638614
1988-07-06,274.66,-0.02924132497403331
1988-07-13,271.82,-0.010393886574934008
1988-07-20,270.57,-0.004609237681474809
1988-07-27,270.17,-0.0014794543512950398
1988-08-03,269.11,-0.00393117254529507
1988-08-10,268.48,-0.0023437946702955514
1988-08-17,268.4,-0.00029801818131414137
1988-08-24,267.88,-0.0019392860556770586
1988-08-31,267.85,-0.0001119967148808243
1988-09-07,262.12,-0.021624708155672856
1988-09-14,261.76,-0.001374360756914328
1988-09-21,260.94,-0.0031375575767800257
1988-09-28,260.71,-0.0008818173675990693
1988-10-05,261.25,0.002069124809017886
1988-10-12,262.14,0.003400908912379208
1988-10-19,262.35,0.0008007779413210514
1988-10-26,261.92,-0.0016403765098962353
1988-11-02,262.83,0.003468321723557821
1988-11-09,264.11,0.0048582476851501966
1988-11-16,263.93,-0.000681766559246455
1988-11-23,265.08,0.0043477507477396315
1988-11-30,265.16,0.0003017501531648037
1988-12-07,276.06,0.04028481602224154
1988-12-14,276.93,0.003146533274737351
1988-12-21,277.88,0.0034245991545107657
1988-12-28,278.72,0.0030183278394577684
1989-01-04,283.11,0.015627821037213607
1989-01-11,285.36,0.007916026349284344
1989-01-18,287.98,0.00913949222948851
1989-01-25,287.6,-0.0013204074332326954
1989-02-01,283.81,-0.013265625659977687
1989-02-08,282.86,-0.0033529245945604913
1989-02-15,282.76,-0.0003535942896002453
1989-02-22,285.62,0.010063774722033791
1989-03-01,285.34,-0.000980804338118979
1989-03-08,287.05,0.005974964926977577
1989-03-15,284.53,-0.00881772045186846
1989-03-22,286.16,0.005712398788984885
1989-03-29,286.24,0.0002795248096472136
1989-04-05,284.31,-0.006765427610195829
1989-04-12,283.73,-0.0020421104202537066
1989-04-19,286.57,0.00995975267931648
1989-04-26,288.69,0.0073706136271427525
1989-05-03,284.04,-0.016238374722526316
1989-05-10,283.13,-0.003208917188381122
1989-05-17,285.23,0.007389716223431542
1989-05-24,281.58,-0.012879273314561956
1989-05-31,279.5,-0.00741430643922758
1989-06-07,276.6,-0.010429873364495634
1989-06-14,274.24,-0.008568783821242931
1989-06-21,275.69,0.005273410653122035
1989-06-28,275.22,-0.0017062682254014305
1989-07-05,276.92,0.006157877972689185
1989-07-12,276.29,-0.0022776170797556006
1989-07-19,274.51,-0.006463348571540628
1989-07-26,272.86,-0.0060288470238010206
1989-08-02,270.81,-0.007541375156554508
1989-08-09,269.75,-0.003921863839929429
1989-08-16,272.8,0.011243321831063469
1989-08-23,272.91,0.0004031445327727923
1989-08-30,272.78,-0.00047646100335096975
1989-09-06,270.85,-0.0071004473948210745
1989-09-13,269.71,-0.0042178544105286875
1989-09-20,269.94,0.0008524043877562448
1989-09-27,269.12,-0.003042335296552068
1989-10-04,272.26,0.011600115299743585
1989-10-11,272.7,0.0016147977672158476
1989-10-18,274.97,0.008289710955091678
1989-10-25,272.56,-0.00880322745392359
1989-11-01,270.86,-0.006256691125485325
1989-11-08,272.8,0.007136843742081567
1989-11-15,273.07,0.0009892466045711146
1989-11-22,273.29,0.0008053298626924388
1989-11-29,272.53,-0.0027848026498036305
1989-12-06,273.68,0.004210840882581834
1989-12-13,275.38,0.00619242134687692
1989-12-20,278.19,0.010152371464018373
1989-12-27,277.84,-0.0012589250444259292
1990-01-03,279.43,0.005706405565000239
1990-01-10,281.58,0.0076647850335627155
1990-01-17,281.42,-0.0005683836742713666
1990-01-24,277.86,-0.012730825639394538
1990-01-31,276.7,-0.004183502927835647
1990-02-07,276.12,-0.002098332957604754
1990-02-14,275.64,-0.0017398873462681763
1990-02-21,278.51,0.010358298876433025
1990-02-28,276.43,-0.007496341011568042
1990-03-07,275.21,-0.004423181745561777
1990-03-14,273.14,-0.0075499583580311835
1990-03-21,274.14,0.00365444055295594
1990-03-28,274.1,-0.00014592149449477176
1990-04-04,273.64,-0.001679629415942685
1990-04-11,268.05,-0.020639843619250975
1990-04-18,264.52,-0.013256667467084426
1990-04-25,268.36,0.014412499888225128
1990-05-02,269.39,0.003830781067759581
1990-05-09,270.14,0.0027801993701714878
1990-05-16,273.15,0.01108075170910805
1990-05-23,268.77,-0.01616509956412937
1990-05-30,265.67,-0.011601058182762358
1990-06-06,264.34,-0.005018783765174284
1990-06-13,262.84,-0.0056906712999929
1990-06-20,259.81,-0.011594887386896957
1990-06-27,262.68,0.010985966680001624
1990-07-04,261.28,-0.00534393210061701
1990-07-11,260.38,-0.003450526752903471
1990-07-18,265.01,0.017625458654047854
1990-07-25,268.36,0.012561801571387754
1990-08-01,270.71,0.008718774506648153
1990-08-08,284.06,0.04813734625164656
1990-08-15,286.05,0.006981137261556469
1990-08-22,292.0,0.020587181553743505
1990-08-29,290.58,-0.0048748766250890085
1990-09-05,288.05,-0.008744849464800808
1990-09-12,294.73,0.02292560682323863
1990-09-19,297.72,0.010093764490079593
1990-09-26,303.19,0.01820622420226048
1990-10-03,303.63,0.00145018317494916
1990-10-10,307.1,0.011363572577857362
1990-10-17,303.66,-0.011264772992735317
1990-10-24,291.81,-0.039805748904583105
1990-10-31,296.11,0.014628101362011314
1990-11-07,293.37,-0.009296395919176526
1990-11-14,289.28,-0.014039533788482217
1990-11-21,281.31,-0.027937813104167653
1990-11-28,284.96,0.012891555441707503
1990-12-05,277.64,-0.026023509069967865
1990-12-12,271.7,-0.021626794039081076
1990-12-19,274.46,0.0101070144091846
1990-12-26,274.84,0.0013835793213878844
1991-01-02,275.99,0.004175523013826954
1991-01-09,273.99,-0.007273023805004719
1991-01-16,278.36,0.0158236306049524
1991-01-23,261.27,-0.06336088460389178
1991-01-30,260.45,-0.003143451181556678
1991-02-06,258.03,-0.009335046959702886
1991-02-13,261.21,0.012248824277135917
1991-02-20,258.86,-0.00903730649434209
1991-02-27,251.59,-0.028486596605866055
1991-03-06,254.89,0.013031301133077378
1991-03-13,253.64,-0.004916140709672057
1991-03-20,256.46,0.011056768199138922
1991-03-27,256.16,-0.001170457782565748
1991-04-03,254.85,-0.005127112462353978
1991-04-10,256.18,0.005205185616939723
1991-04-17,259.19,0.011681061083979039
1991-04-24,257.53,-0.006425165314972503
1991-05-01,256.87,-0.0025660978311323746
1991-05-08,256.16,-0.002767871092459906
1991-05-15,256.15,-3.9038863192786266e-05
1991-05-22,257.86,0.006653591597480357
1991-05-29,258.45,0.002285449659356509
1991-06-05,257.84,-0.0023630141348656153
1991-06-12,256.49,-0.005249560011121979
1991-06-19,255.81,-0.002654696073992824
1991-06-26,254.88,-0.0036421352603293045
1991-07-03,253.94,-0.0036948275200936465
1991-07-10,253.55,-0.0015369764006170072
1991-07-17,253.98,0.0016944815198591812
1991-07-24,250.79,-0.012639588205340502
1991-07-31,250.47,-0.001276782681527422
1991-08-07,245.42,-0.020368124325617742
1991-08-14,245.07,-0.0014271445265139349
1991-08-21,244.06,-0.004129787318194467
1991-08-28,244.57,0.0020874698041266626
1991-09-04,244.15,-0.0017187760001506902
1991-09-11,242.88,-0.005215296300404404
1991-09-18,242.63,-0.0010298449963759282
1991-09-25,241.58,-0.004336968033756605
1991-10-02,244.19,0.010745929620046724
1991-10-09,247.05,0.01164413449458035
1991-10-16,247.64,0.002385333359272046
1991-10-23,249.32,0.006761133289618471
1991-10-30,247.71,-0.006478504843202337
1991-11-06,249.42,0.006879515395153746
1991-11-13,246.47,-0.011897940270326757
1991-11-20,247.6,0.004574258588166735
1991-11-27,246.48,-0.004533686522028901
1991-12-04,247.72,0.005018221781448062
1991-12-11,244.94,-0.011285793476718986
1991-12-18,243.66,-0.005239471666880213
1991-12-25,241.64,-0.008324795655720862
1992-01-01,241.82,0.0007446324755608913
1992-01-08,241.67,-0.000620488551211551
1992-01-15,241.66,-4.137959572769745e-05
1992-01-22,246.45,0.01962735355222467
1992-01-29,249.05,0.010494546367906032
1992-02-05,248.42,-0.002532817403245069
1992-02-12,248.96,0.002171378873979002
1992-02-19,247.12,-0.007418192379700095
1992-02-26,245.84,-0.005193130788097022
1992-03-04,245.6,-0.000976721549242221
1992-03-11,245.95,0.0014240669683616147
1992-03-18,247.99,0.008260159530011357
1992-03-25,247.55,-0.0017758409639281325
1992-04-01,248.04,0.001977441674244851
1992-04-08,252.18,0.016553094763403386
1992-04-15,252.22,0.0001586042826478007
1992-04-22,252.63,0.0016242451822821025
1992-04-29,252.26,-0.0014656660509633213
1992-05-06,253.4,0.004508966227992239
1992-05-13,254.6,0.004724418236267347
1992-05-20,254.27,-0.0012969915548577404
1992-05-27,254.57,0.0011791527189686235
1992-06-03,257.95,0.013189920403241295
1992-06-10,260.09,0.008261957273602683
1992-06-17,259.7,-0.001500606295558704
1992-06-24,260.62,0.0035362890480570286
1992-07-01,260.19,-0.0016512743522856255
1992-07-08,260.2,3.843271393133563e-05
1992-07-15,255.93,-0.016546596489692256
1992-07-22,255.5,-0.001681559944954003
1992-07-29,255.66,0.0006260270961169212
1992-08-05,254.99,-0.002624108036679118
1992-08-12,254.77,-0.0008631513404697699
1992-08-19,253.76,-0.0039722389162442084
1992-08-26,256.79,0.011869691801141613
1992-09-02,258.91,0.008221880715661989
1992-09-09,261.64,0.010489002129725478
1992-09-16,261.05,-0.0022575532364506046
1992-09-23,257.02,-0.015558056977566181
1992-09-30,254.4,-0.010246071413027913
1992-10-07,255.55,0.004510253748321702
1992-10-14,255.55,0.0
1992-10-21,254.8,-0.0029391615162808193
1992-10-28,252.88,-0.007563855790645668
1992-11-04,252.68,-0.0007912018768623241
1992-11-11,252.42,-0.0010294992000154934
1992-11-18,252.83,0.0016229592874612564
1992-11-25,253.77,0.003711018866087379
1992-12-02,255.13,0.005344874190090998
1992-12-09,252.53,-0.010243165635094087
1992-12-16,253.72,0.004701243226666207
1992-12-23,258.25,0.017696811234051424
1992-12-30,259.2,0.003671856478371538
1993-01-06,256.28,-0.01132936770729831
1993-01-13,257.03,0.0029222128293149296
1993-01-20,256.05,-0.0038200716915763877
1993-01-27,255.18,-0.003403559414961954
1993-02-03,258.79,0.014047743510256616
1993-02-10,263.1,0.016517266042392897
1993-02-17,267.78,0.01763155982298592
1993-02-24,271.95,0.01545247799973648
1993-03-03,275.18,0.011807203130700827
1993-03-10,279.66,0.016149150613034458
1993-03-17,277.68,-0.0071052080591735844
1993-03-24,274.61,-0.011117462276756918
1993-03-31,273.03,-0.0057702300194000244
1993-04-07,270.15,-0.01060431896729952
1993-04-14,266.56,-0.013378001311596499
1993-04-21,265.88,-0.0025542798050972593
1993-04-28,262.24,-0.013784964177861347
1993-05-05,262.76,0.0019809530287524524
1993-05-12,257.86,-0.018824266041580273
1993-05-19,256.37,-0.005795088461945319
1993-05-26,257.25,0.0034266611934121727
1993-06-02,255.13,-0.00827515554003444
1993-06-09,253.19,-0.007633024154804602
1993-06-16,251.69,-0.005942023504408311
1993-06-23,250.87,-0.003263294841164388
1993-06-30,246.4,-0.01797864501438262
1993-07-07,243.88,-0.010279930619748967
1993-07-14,242.4,-0.0060870468444562675
1993-07-21,245.36,0.012137265610837389
1993-07-28,251.94,0.026464444118160735
1993-08-04,251.13,-0.003220230584082273
1993-08-11,249.5,-0.006511818148501547
1993-08-18,247.2,-0.009261189608038123
1993-08-25,246.96,-0.000971345389631395
1993-09-01,250.99,0.016186717506770698
1993-09-08,249.69,-0.005192949274561265
1993-09-15,249.46,-0.0009215667285502604
1993-09-22,249.04,-0.0016850555642102805
1993-09-29,251.45,0.009630636484621036
1993-10-06,247.47,-0.01595480007722383
1993-10-13,248.71,0.004998196547498779
1993-10-20,249.9,0.004773278752657539
1993-10-27,252.45,0.010152371464018373
1993-11-03,253.98,0.006042314455962483
1993-11-10,257.61,0.014191289591615863
1993-11-17,257.0,-0.0023707284572829224
1993-11-24,257.34,0.0013220828616242741
1993-12-01,258.69,0.005232265875497966
1993-12-08,260.05,0.00524348658673901
1993-12-15,258.08,-0.007604305842182413
1993-12-22,260.36,0.00879567432728745
1993-12-29,262.57,0.00845242444492289
1994-01-05,263.4,0.0031560761600717413
1994-01-12,260.89,-0.009574926762700997
1994-01-19,261.54,0.0024883729318760928
1994-01-26,262.21,0.0025584739493007547
1994-02-02,262.25,0.00015253784874946774
1994-02-09,265.54,0.012467241191349565
1994-02-16,262.62,-0.011057368036897053
1994-02-23,263.98,0.005165222269949865
1994-03-02,264.06,0.0003030073502463537
1994-03-09,262.21,-0.007030640623398199
1994-03-16,262.79,0.0022095247084319425
1994-03-23,263.05,0.0009888940407272173
1994-03-30,260.59,-0.009395837207751612
1994-04-06,257.83,-0.010647837955846562
1994-04-13,255.54,-0.008921499850040426
1994-04-20,255.52,-7.826869647509227e-05
1994-04-27,254.12,-0.00549408806837004
1994-05-04,258.57,0.017359853929085567
1994-05-11,263.88,0.020328004027252433
1994-05-18,264.9,0.003857941923353536
1994-05-25,268.99,0.015321807911628404
1994-06-01,268.81,-0.0006693938516963982
1994-06-08,268.16,-0.002420993044237818
1994-06-15,271.3,0.011641402371168397
1994-06-22,271.88,0.0021355728135512564
1994-06-29,264.13,-0.028919386290727545
1994-07-06,264.91,0.002948739472172335
1994-07-13,266.12,0.004557189213804769
1994-07-20,268.85,0.010206268382000339
1994-07-27,266.31,-0.009492559507349618
1994-08-03,264.56,-0.006592975074800833
1994-08-10,266.04,0.005578604742683346
1994-08-17,264.66,-0.005200690071316849
1994-08-24,261.8,-0.010865129869103818
1994-08-31,261.22,-0.00221788932642486
1994-09-07,261.29,0.0002679374573455462
1994-09-14,257.84,-0.013291664099537748
1994-09-21,253.83,-0.015674485902663626
1994-09-28,255.42,0.006244497463597121
1994-10-05,255.03,-0.0015280637707393296
1994-10-12,254.66,-0.0014518631520870073
1994-10-19,256.37,0.00669239137545663
1994-10-26,261.34,0.01920052804025385
1994-11-02,266.9,0.0210518148494776
1994-11-09,269.34,0.009100465611417974
1994-11-16,267.5,-0.006854955685835051
1994-11-23,268.94,0.005368740059663146
1994-11-30,267.43,-0.005630456547425666
1994-12-07,266.49,-0.003521130398579153
1994-12-14,264.75,-0.006550734968203464
1994-12-21,265.49,0.002791190707714719
1994-12-28,269.18,0.013803125616338896
1995-01-04,270.57,0.0051505440401573566
1995-01-11,271.82,0.004609237681474809
1995-01-18,273.26,0.005283640383140664
1995-01-25,275.44,0.007946096119925805
1995-02-01,273.94,-0.005460714723592552
1995-02-08,271.84,-0.007695446383054083
1995-02-15,271.15,-0.002541484636552127
1995-02-22,271.14,-3.688063582618639e-05
1995-03-01,268.8,-0.008667684002248599
1995-03-08,271.55,0.010178675831859607
1995-03-15,269.69,-0.006873133257660591
1995-03-22,270.51,0.0030359149567313892
1995-03-29,271.42,0.0033583704732995656
1995-04-05,271.81,0.001435856145664438
1995-04-12,272.42,0.002241700220306342
1995-04-19,271.78,-0.0023520775268437433
1995-04-26,274.15,0.008682486357705521
1995-05-03,274.49,0.001239428563448719
1995-05-10,274.52,0.00010928762692774541
1995-05-17,272.17,-0.00859724697559372
1995-05-24,273.42,0.004582203439006172
1995-05-31,271.69,-0.006347364048838955
1995-06-07,276.09,0.01606518906386789
1995-06-14,274.02,-0.0075258030939124865
1995-06-21,275.59,0.005713157585996775
1995-06-28,278.24,0.00956979659501389
1995-07-05,278.76,0.0018671459643453403
1995-07-12,280.68,0.006864033813769765
1995-07-19,283.14,0.00872624458226312
1995-07-26,280.49,-0.009403401262984445
1995-08-02,278.82,-0.005971661378424642
1995-08-09,277.32,-0.005394338250652275
1995-08-16,278.86,0.005537789692585449
1995-08-23,283.78,0.017489426312291556
1995-08-30,284.86,0.0037985414272734275
1995-09-06,286.21,0.004727975606479973
1995-09-13,289.55,0.011602186558878458
1995-09-20,291.45,0.00654047081976028
1995-09-27,286.25,-0.018002909623109353
1995-10-04,286.33,0.00027943693639453926
1995-10-11,286.11,-0.0007686395459129969
1995-10-18,284.84,-0.004448733145006933
1995-10-25,283.17,-0.005880195108961317
1995-11-01,286.31,0.011027715885910894
1995-11-08,291.8,0.018993496197811766
1995-11-15,291.86,0.00020559915091400427
1995-11-22,288.15,-0.012793057356923931
1995-11-29,288.16,3.470354497014938e-05
1995-12-06,291.57,0.011764232755843373
1995-12-13,293.68,0.0072106250050900655
1995-12-20,295.28,0.005433319533163505
1995-12-27,296.18,0.0030433188876148876
1996-01-03,294.95,-0.004161527160273515
1996-01-10,291.43,-0.012006010717365179
1996-01-17,287.38,-0.013994457930658122
1996-01-24,288.98,0.005552099764404517
1996-01-31,286.9,-0.007223758578146722
1996-02-07,284.76,-0.007487002751646266
1996-02-14,287.72,0.010341064763482954
1996-02-21,290.94,0.011129275346160483
1996-02-28,292.16,0.004184537061288296
1996-03-06,287.44,-0.016287454601340734
1996-03-13,287.89,0.001564319926880664
1996-03-20,297.02,0.031221013870655234
1996-03-27,297.75,0.0024547316326097857
1996-04-03,295.14,-0.008804388200105429
1996-04-10,297.65,0.008468479564095688
1996-04-17,303.72,0.0201879247456338
1996-04-24,306.2,0.008132258878550402
1996-05-01,300.1,-0.020122730777262454
1996-05-08,297.83,-0.007592898519380498
1996-05-15,301.89,0.01353985868641061
1996-05-22,303.31,0.004692672193780112
1996-05-29,303.12,-0.0006266180967857693
1996-06-05,295.16,-0.02661118452017952
1996-06-12,295.8,0.002165968086533354
1996-06-19,295.41,-0.0013193283488792673
1996-06-26,290.83,-0.01562531790308075
1996-07-03,294.13,0.011282942453306966
1996-07-10,296.32,0.0074181049797683585
1996-07-17,298.58,0.007597952167629707
1996-07-24,295.66,-0.009827758152500365
1996-07-31,293.09,-0.008730416386578455
1996-08-07,294.9,0.006156586734864966
1996-08-14,300.32,0.018212257016967826
1996-08-21,301.4,0.0035897133541968884
1996-08-28,298.95,-0.00816195086548177
1996-09-04,296.35,-0.008735147093066331
1996-09-11,296.47,0.0004048446463986721
1996-09-18,288.15,-0.02846485499757012
1996-09-25,284.71,-0.012010059522882699
1996-10-02,290.26,0.01930595468242391
1996-10-09,293.73,0.01188390499187264
1996-10-16,296.08,0.007968710043811278
1996-10-23,297.13,0.0035400653952404326
1996-10-30,293.76,-0.011406646041015378
1996-11-06,296.46,0.009149194653587323
1996-11-13,304.21,0.025805950308966707
1996-11-20,302.69,-0.005009072921957625
1996-11-27,306.13,0.011300668863447605
1996-12-04,305.44,-0.002256488358732156
1996-12-11,308.45,0.009806395678209512
1996-12-18,309.63,0.0038182805903046457
1996-12-25,317.72,0.025792455518979907
1997-01-01,310.97,-0.021474047261062168
1997-01-08,313.98,0.009632845108302313
1997-01-15,314.8,0.0026082269310760964
1997-01-22,313.0,-0.0057343260030950916
1997-01-29,311.56,-0.004611254488405159
1997-02-05,305.28,-0.020362547791826557
1997-02-12,295.76,-0.031681073631545154
1997-02-19,295.8,0.00013523564832329527
1997-02-26,293.62,-0.007397135965384827
1997-03-05,286.95,-0.022978429756943086
1997-03-12,281.33,-0.019779627037948444
1997-03-19,281.06,-0.0009601878438241229
1997-03-26,282.4,0.004756335946487944
1997-04-02,278.76,-0.012973309048768478
1997-04-09,275.99,-0.009986563393616699
1997-04-16,279.62,0.013066905382976834
1997-04-23,281.02,0.004994302618515967
1997-04-30,281.36,0.0012091469875326055
1997-05-07,282.42,0.003760336475378878
1997-05-14,286.71,0.015075927305091774
1997-05-21,286.97,0.0009064287330975418
1997-05-28,283.28,-0.012941872875646965
1997-06-04,281.62,-0.005877163314482736
1997-06-11,278.03,-0.01282962295172485
1997-06-18,279.82,0.006417517767698833
1997-06-25,279.46,-0.001287369652837711
1997-07-02,279.95,0.0017518461426000442
1997-07-09,276.67,-0.01178555555217553
1997-07-16,275.59,-0.003911206231767217
1997-07-23,274.98,-0.0022158862618715247
1997-07-30,277.93,0.010670915673817838
1997-08-06,279.0,0.0038424983984599592
1997-08-13,277.03,-0.007085978249302904
1997-08-20,276.89,-0.0005054881678985268
1997-08-27,273.25,-0.013233188347515856
1997-09-03,273.95,0.00255848092777633
1997-09-10,273.36,-0.002156000177388151
1997-09-17,271.51,-0.006790636698819519
1997-09-24,270.64,-0.003209446635763946
1997-10-01,273.86,0.011827502431635217
1997-10-08,283.44,0.03438343365312857
1997-10-15,281.39,-0.007258853111069108
1997-10-22,281.76,0.0013140373017481721
1997-10-29,280.27,-0.005302220489166842
1997-11-05,285.24,0.017577506901374385
1997-11-12,285.68,0.001541372126089513
1997-11-19,283.84,-0.0064616041649783185
1997-11-26,279.7,-0.014693098913300062
1997-12-03,273.16,-0.023659896115026058
1997-12-10,266.31,-0.025396660344550348
1997-12-17,264.11,-0.008295360716805256
1997-12-24,262.54,-0.0059622316562713
1997-12-31,259.56,-0.011415561622293957
1998-01-07,252.0,-0.029558802241544058
1998-01-14,249.91,-0.00832823446473352
1998-01-21,251.65,0.006938380175679271
1998-01-28,253.58,0.007640121877432904
1998-02-04,253.96,0.001497419202447503
1998-02-11,252.3,-0.006557918655237138
1998-02-18,251.47,-0.0032951575163906455
1998-02-25,246.81,-0.018704888281672716
1998-03-04,244.78,-0.00825896189475639
1998-03-11,245.2,0.001714356107863857
1998-03-18,242.69,-0.010289295309811486
1998-03-25,248.1,0.022046981945510247
1998-04-01,252.18,0.016311227547324947
1998-04-08,252.12,-0.00023795360017064837
1998-04-15,253.39,0.005024639164300737
1998-04-22,252.91,-0.001896109594348161
1998-04-29,248.63,-0.017067846634595263
1998-05-06,251.61,0.011914422084163157
1998-05-13,249.21,-0.009584355145340062
1998-05-20,244.49,-0.01912150623608344
1998-05-27,243.69,-0.0032774825520345274
1998-06-03,239.84,-0.015924891376684513
1998-06-10,238.54,-0.005435023203764544
1998-06-17,234.31,-0.017891986223181888
1998-06-24,238.66,0.018394920014168648
1998-07-01,239.74,0.00451505783744377
1998-07-08,239.45,-0.001210375990335244
1998-07-15,236.82,-0.011044267885807812
1998-07-22,237.41,0.00248824538476633
1998-07-29,238.41,0.004203276332621186
1998-08-05,235.76,-0.011177542190758949
1998-08-12,233.96,-0.007664177854613818
1998-08-19,233.49,-0.0020109109354189414
1998-08-26,232.28,-0.005195709135557003
1998-09-02,228.47,-0.016538629817457462
1998-09-09,229.08,0.002666376839265183
1998-09-16,228.94,-0.0006113270353269584
1998-09-23,230.74,0.007831575008813374
1998-09-30,231.67,0.004022409783233982
1998-10-07,231.16,-0.002203833832799873
1998-10-14,230.76,-0.0017319020608885793
1998-10-21,229.3,-0.0063470195248296335
1998-10-28,228.47,-0.003626279177467495
1998-11-04,229.91,0.006283017309453243
1998-11-11,231.33,0.006157334517133961
1998-11-18,231.74,0.0017707910559376927
1998-11-25,228.5,-0.014079843234656941
1998-12-02,227.18,-0.005793555530984484
1998-12-09,225.0,-0.009642252598855094
1998-12-16,222.79,-0.009870778461987584
1998-12-23,221.75,-0.004679002552744116
1998-12-30,224.68,0.013126546474543588
1999-01-06,226.49,0.008023626173836895
1999-01-13,230.73,0.018547401899002836
1999-01-20,230.02,-0.0030819340726360167
1999-01-27,233.69,0.01582918906327979
1999-02-03,231.33,-0.010150188214736566
1999-02-10,227.76,-0.015552819543197316
1999-02-17,225.01,-0.012147597308541869
1999-02-24,227.64,0.011620588073683713
1999-03-03,227.21,-0.0018907337720115436
1999-03-10,231.08,0.016889270950152913
1999-03-17,232.76,0.007243908875404159
1999-03-24,235.05,0.00979037768167057
1999-03-31,238.45,0.014361387274093751
1999-04-07,238.75,0.0012573346166062649
1999-04-14,238.68,-0.0002932367069581332
1999-04-21,243.62,0.02048589161793135
1999-04-28,247.09,0.014143008458272988
1999-05-05,254.94,0.0312755806246896
1999-05-12,257.08,0.00835909714831029
1999-05-19,256.12,-0.0037412358524839817
1999-05-26,254.16,-0.007682094689340779
1999-06-02,251.33,-0.011197173308833186
1999-06-09,256.31,0.019620832733677318
1999-06-16,261.22,0.018975314763269857
1999-06-23,261.09,-0.0004977886798434028
1999-06-30,264.79,0.014071883529777729
1999-07-07,268.0,0.012049921511547268
1999-07-14,270.3,0.00854547277154527
1999-07-21,270.14,-0.0005921101497836645
1999-07-28,269.49,-0.002409059223393406
1999-08-04,268.29,-0.00446279888302481
1999-08-11,269.28,0.003683245416295833
1999-08-18,270.01,0.002707264907061635
1999-08-25,266.47,-0.013197328436649336
1999-09-01,269.43,0.01104694943806006
1999-09-08,275.27,0.021443817829197798
1999-09-15,278.57,0.011916940104035767
1999-09-22,278.82,0.0008970380407404832
1999-09-29,278.66,-0.0005740116394967743
1999-10-06,272.92,-0.020813688738222424
1999-10-13,267.12,-0.021480716311823578
1999-10-20,271.47,0.01615364039575251
1999-10-27,271.94,0.0017298176963880252
1999-11-03,276.09,0.015145445791334922
1999-11-10,284.91,0.03144644140409625
1999-11-17,291.1,0.021493509828606427
1999-11-24,296.21,0.017401811484548446
1999-12-01,294.36,-0.006265154177727439
1999-12-08,285.65,-0.030036222887926733
1999-12-15,281.32,-0.015274473730654492
1999-12-22,284.37,0.010783395693242603
1999-12-29,285.5,0.003965821963005212
2000-01-05,284.9,-0.002103787592202977
2000-01-12,284.8,-0.0003510619660413994
2000-01-19,295.11,0.035560988654955494
2000-01-26,302.82,0.025790401387450146
2000-02-02,305.83,0.009890822438431535
2000-02-09,306.74,0.00297109120397554
2000-02-16,309.93,0.010345982306830592
2000-02-23,307.32,-0.008456915530030251
2000-03-01,307.79,0.0015281822485979646
2000-03-08,316.13,0.026735789145289957
2000-03-15,314.21,-0.0060919692163929895
2000-03-22,310.22,-0.012779828980323593
2000-03-29,304.99,-0.017002734011940746
2000-04-05,303.81,-0.0038764831723607784
2000-04-12,301.63,-0.007201405329243293
2000-04-19,305.42,0.012486777841974828
2000-04-26,305.53,0.000360094938010036
2000-05-03,306.18,0.0021251908408901343
2000-05-10,310.02,0.012463647223213137
2000-05-17,319.12,0.028930396070002473
2000-05-24,324.76,0.01751924039709518
2000-05-31,332.39,0.023222530298647293
2000-06-07,332.35,-0.00012034780530267852
2000-06-14,335.05,0.008091143931588718
2000-06-21,340.3,0.015547807087680887
2000-06-28,342.65,0.006881936524972154
2000-07-05,338.72,-0.011535710645277142
2000-07-12,330.3,-0.025172474989811455
2000-07-19,331.32,0.0030833433333192772
2000-07-26,315.74,-0.04816558562648243
2000-08-02,315.07,-0.0021242537434265074
2000-08-09,325.48,0.03250617946830214
2000-08-16,330.33,0.014791138965152939
2000-08-23,333.03,0.008140421219056115
2000-08-30,334.0,0.002908416964035432
2000-09-06,339.31,0.01577315082244546
2000-09-13,343.97,0.013640300468974687
2000-09-20,354.19,0.029279048045135703
2000-09-27,345.55,-0.024696141775852887
2000-10-04,340.92,-0.01348950488330658
2000-10-11,338.67,-0.006621663712532033
2000-10-18,345.14,0.01892394987786794
2000-10-25,338.0,-0.02090423633641425
2000-11-01,327.93,-0.030245724509165406
2000-11-08,331.82,0.011792482241355984
2000-11-15,350.92,0.055965624044973517
2000-11-22,360.9,0.028042634388559584
2000-11-29,362.8,0.005250806592239421
2000-12-06,365.89,0.00848102353916147
2000-12-13,370.35,0.01211576267915504
2000-12-20,366.26,-0.011105040746495654
2000-12-27,373.4,0.01930676739481907
2001-01-03,367.15,-0.016879747210002627
2001-01-10,373.54,0.017254609987841896
2001-01-17,358.33,-0.04157074436065589
2001-01-24,348.96,-0.026497047071486257
2001-01-31,338.62,-0.030078767753233038
2001-02-07,334.58,-0.012002520796951188
2001-02-14,331.03,-0.01066700819203703
2001-02-21,318.2,-0.03952888980741154
2001-02-28,312.12,-0.01929238665512578
2001-03-07,316.37,0.013524685461814734
2001-03-14,314.29,-0.00659628814861879
2001-03-21,313.65,-0.002038412019004454
2001-03-28,319.66,0.01898021639775571
2001-04-04,315.23,-0.013955399820915204
2001-04-11,323.66,0.0263910509691474
2001-04-18,327.22,0.01093914546619068
2001-04-25,321.89,-0.016422855281018833
2001-05-02,324.44,0.007890746928231884
2001-05-09,321.88,-0.007921813924211207
2001-05-16,325.73,0.011890012065493671
2001-05-23,329.08,0.010232064957303777
2001-05-30,322.61,-0.01985671894994212
2001-06-06,314.7,-0.024824359280426478
2001-06-13,311.93,-0.008841000407477928
2001-06-20,311.18,-0.002407280776066223
2001-06-27,297.33,-0.04552888980009051
2001-07-04,281.63,-0.05424848038628305
2001-07-11,284.71,0.01087696565934948
2001-07-18,284.16,-0.001933658555987705
2001-07-25,277.81,-0.02260003301121216
2001-08-01,284.95,0.02537629948841502
2001-08-08,286.63,0.00587845914089602
2001-08-15,287.12,0.001708061417447837
2001-08-22,290.32,0.01108351606546254
2001-08-29,274.85,-0.05475826859814514
2001-09-05,262.42,-0.04627922062910006
2001-09-12,266.99,0.017264930837771253
2001-09-19,263.21,-0.014259011864957039
2001-09-26,241.58,-0.08575151147325144
2001-10-03,231.55,-0.04240484825037072
2001-10-10,236.88,0.022757850866574003
2001-10-17,243.4,0.027152496760091793
2001-10-24,242.75,-0.0026740733819927698
2001-10-31,255.02,0.049309866283961945
2001-11-07,248.7,-0.025094622646037124
2001-11-14,242.12,-0.026813879785872352
2001-11-21,223.53,-0.07988783778974096
2001-11-28,222.7,-0.003720058970423601
2001-12-05,224.64,0.00867354657412367
2001-12-12,228.42,0.01668691878501516
2001-12-19,236.89,0.0364098587475743
2001-12-26,246.86,0.04122547594574755
2002-01-02,246.93,0.00028352133687903347
2002-01-09,244.09,-0.011567885909788522
2002-01-16,238.31,-0.023964662607601106
2002-01-23,234.35,-0.016756622766557427
2002-01-30,235.09,0.0031526951812157478
2002-02-06,239.21,0.01737340767276585
2002-02-13,243.82,0.019088420914303406
2002-02-20,247.98,0.016917849614696223
2002-02-27,250.28,0.009232193378466924
2002-03-06,260.03,0.03821671784445613
2002-03-13,269.34,0.035177513047276676
2002-03-20,276.28,0.025440322198876153
2002-03-27,282.19,0.021165758708985294
2002-04-03,286.33,0.01456438887508682
2002-04-10,283.33,-0.0105326957636791
2002-04-17,274.43,-0.03191607671939867
2002-04-24,281.24,0.024512178009194585
2002-05-01,283.16,0.006803711575027904
2002-05-08,286.62,0.012145187723936246
2002-05-15,292.14,0.01907584279273955
2002-05-22,284.03,-0.028153273037498927
2002-05-29,276.36,-0.027375502764571458
2002-06-05,273.3,-0.011134270686572023
2002-06-12,268.47,-0.017830917071145258
2002-06-19,272.76,0.015853111789574825
2002-06-26,278.1,0.019388473587467203
2002-07-03,280.05,0.006987397415922025
2002-07-10,276.77,-0.011781322288916485
2002-07-17,275.24,-0.005543392032645755
2002-07-24,272.52,-0.00993143842881139
2002-07-31,270.94,-0.005814611752876786
2002-08-07,269.04,-0.007037326720576331
2002-08-14,270.5,0.005412030854522243
2002-08-21,278.7,0.02986383620136568
2002-08-28,282.03,0.011877513770667036
2002-09-04,273.56,-0.030492472028673667
2002-09-11,278.32,0.017250554613791103
2002-09-18,279.81,0.005339270563195164
2002-09-25,286.31,0.02296433848399193
2002-10-02,288.92,0.009074693291772462
2002-10-09,286.32,-0.009039766724876053
2002-10-16,288.78,0.008555086085302754
2002-10-23,290.36,0.005456379873566952
2002-10-30,285.41,-0.017194789445342806
2002-11-06,280.59,-0.017032213856728262
2002-11-13,273.22,-0.026617197655228075
2002-11-20,278.45,0.018961178576336835
2002-11-27,284.52,0.021565039829636312
2002-12-04,285.9,0.004838549462951924
2002-12-11,291.86,0.020632135911333727
2002-12-18,304.88,0.04364402132600542
2002-12-25,307.78,0.00946698547010083
2003-01-01,304.96,-0.009204621569868898
2003-01-08,309.65,0.015262006918232984
2003-01-15,316.03,0.020394518405498552
2003-01-22,327.58,0.03589515426466505
2003-01-29,335.01,0.02242808207157676
2003-02-05,338.09,0.00915175010240965
2003-02-12,346.74,0.025263087329522094
2003-02-19,344.89,-0.005349693946556933
2003-02-26,398.5,0.1444819726190847
2003-03-05,380.78,-0.04548571770073906
2003-03-12,358.96,-0.05901081886180304
2003-03-19,326.69,-0.09419925265069029
2003-03-26,309.18,-0.05508807744884958
2003-04-02,309.5,0.001034460556462946
2003-04-09,310.27,0.0024847940241636834
2003-04-16,316.79,0.02079620763668455
2003-04-23,324.27,0.02333740831072184
2003-04-30,310.25,-0.04419807801150455
2003-05-07,311.23,0.003153764601517395
2003-05-14,325.35,0.04436933725475978
2003-05-21,332.67,0.02224948169224117
2003-05-28,331.51,-0.003493032549780395
2003-06-04,338.33,0.020363775459041555
2003-06-11,346.1,0.02270600009880308
2003-06-18,335.84,-0.030092894568976014
2003-06-25,339.08,0.009601211667882303
2003-07-02,329.16,-0.029692113002693254
2003-07-09,330.13,0.00294256154320216
2003-07-16,329.77,-0.0010910745134511401
2003-07-23,323.79,-0.018300284261898447
2003-07-30,317.86,-0.01848412323669102
2003-08-06,323.53,0.017680811075837966
2003-08-13,330.34,0.020830581748432664
2003-08-20,329.44,-0.0027281838134651792
2003-08-27,336.68,0.02173868106389687
2003-09-03,327.99,-0.02614980422887303
2003-09-10,325.2,-0.008542742440846851
2003-09-17,321.2,-0.012376395601049417
2003-09-24,313.93,-0.022893950953230657
2003-10-01,316.62,0.008532285526255734
2003-10-08,320.07,0.010837405225847974
2003-10-15,331.56,0.035269066851846276
2003-10-22,323.32,-0.02516624385768207
2003-10-29,318.96,-0.013576841792544592
2003-11-05,310.97,-0.025369258569229558
2003-11-12,323.78,0.04036782830949015
2003-11-19,328.18,0.01349796553364424
2003-11-26,326.37,-0.005530531245902637
2003-12-03,338.66,0.03696494713609333
2003-12-10,358.69,0.05746185146247296
2003-12-17,364.89,0.017137432598786972
2003-12-24,359.55,-0.014742688749951327
2003-12-31,352.81,-0.018923581146367496
2004-01-07,369.32,0.04573380850229114
2004-01-14,373.89,0.01229815960196845
2004-01-21,369.24,-0.012514797384444165
2004-01-28,369.81,0.0015425211095863034
2004-02-04,364.52,-0.01440794060361128
2004-02-11,364.57,0.00013715727846541625
2004-02-18,372.0,0.020175277366754507
2004-02-25,371.59,-0.0011027583521814321
2004-03-03,373.21,0.004350167977266395
2004-03-10,376.38,0.00845800743847569
2004-03-17,379.61,0.00854513857157535
2004-03-24,382.66,0.008002456548574344
2004-03-31,375.37,-0.01923466025539433
2004-04-07,383.54,0.02153171164390777
2004-04-14,393.05,0.024492912394395994
2004-04-21,390.29,-0.007046777698364259
2004-04-28,389.23,-0.0027196240079652156
2004-05-05,399.22,0.025342214849300326
2004-05-12,408.6,0.023224039000784735
2004-05-19,415.34,0.01636077953131121
2004-05-26,416.47,0.002716968286340382
2004-06-02,416.43,-9.604994604561767e-05
2004-06-09,405.68,-0.02615370876836387
2004-06-16,400.82,-0.01205222276148099
2004-06-23,407.79,0.017239887289983713
2004-06-30,399.1,-0.021540323960578256
2004-07-07,403.5,0.010964475655315553
2004-07-14,406.14,0.006521440038567583
2004-07-21,407.94,0.004422177017851858
2004-07-28,410.94,0.007327113671445673
2004-08-04,416.75,0.014039303193034591
2004-08-11,414.91,-0.004424892389234714
2004-08-18,414.98,0.0001686970566368018
2004-08-25,415.89,0.002190475920088808
2004-09-01,402.32,-0.033173010354684784
2004-09-08,391.36,-0.027619939364901924
2004-09-15,395.33,0.010093006652001968
2004-09-22,407.87,0.03122763702986031
2004-09-29,418.73,0.026277824623974766
2004-10-06,428.74,0.023624353788345154
2004-10-13,430.28,0.0035854849708147896
2004-10-20,433.3,0.006994169182059196
2004-10-27,453.57,0.04571928391435609
2004-11-03,441.49,-0.026994242929347045
2004-11-10,426.3,-0.03501204595970808
2004-11-17,418.2,-0.019183536776631094
2004-11-24,411.92,-0.01513063125664793
2004-12-01,428.47,0.03939156818040601
2004-12-08,414.84,-0.03232782019675806
2004-12-15,415.01,0.00040971260439359725
2004-12-22,429.83,0.035087165353516525
2004-12-29,422.89,-0.01627768373264704
2005-01-05,410.13,-0.030637915334786214
2005-01-12,422.1,0.028768070176442784
2005-01-19,435.0,0.03010377830023092
2005-01-26,440.72,0.013063722075776774
2005-02-02,438.68,-0.004639535272453088
2005-02-09,431.87,-0.01564560086111566
2005-02-16,436.14,0.009838675693706556
2005-02-23,440.36,0.009629281477603335
2005-03-02,459.33,0.042176331782910914
2005-03-09,472.79,0.02888240929088237
2005-03-16,480.41,0.015988590699861582
2005-03-23,483.21,0.005811435794840669
2005-03-30,475.07,-0.016989180172663154
2005-04-06,491.56,0.03412184581836186
2005-04-13,477.77,-0.028454562273235062
2005-04-20,467.54,-0.021644538577269223
2005-04-27,472.24,0.010002424366541973
2005-05-04,454.21,-0.03892768477062347
2005-05-11,452.83,-0.003042867050603526
2005-05-18,444.77,-0.017959484492586775
2005-05-25,443.68,-0.0024537127511523593
2005-06-01,452.27,0.019175764757919822
2005-06-08,466.23,0.030399727970242374
2005-06-15,475.23,0.01911982277323876
2005-06-22,489.91,0.030422803396378484
2005-06-29,484.3,-0.011517151356064126
2005-07-06,480.59,-0.00769003364746812
2005-07-13,494.74,0.029017856288292343
2005-07-20,493.57,-0.0023676792637452593
2005-07-27,483.83,-0.019931087438152417
2005-08-03,498.44,0.029749615726556655
2005-08-10,518.02,0.038530630478078365
2005-08-17,534.58,0.031467540303736996
2005-08-24,537.83,0.0060611332413706975
2005-08-31,565.84,0.05076882762988166
2005-09-07,575.25,0.01649337618774105
2005-09-14,559.95,-0.026957234886772596
2005-09-21,579.93,0.03505991257300778
2005-09-28,618.73,0.06476158352645989
2005-10-05,628.19,0.015173678352381259
2005-10-12,587.16,-0.06754531339151892
2005-10-19,584.98,-0.0037196964757884032
2005-10-26,580.52,-0.007653405011081915
2005-11-02,561.14,-0.033953824845776026
2005-11-09,528.14,-0.060609028681423815
2005-11-16,523.78,-0.008289651242731289
2005-11-23,543.24,0.0364794624036362
2005-11-30,549.96,0.012294337073165629
2005-12-07,588.48,0.06769739310692291
2005-12-14,610.78,0.03719388745005592
2005-12-21,588.46,-0.0372278738894698
2005-12-28,556.14,-0.05648889386074618
2006-01-04,548.42,-0.013978644362516945
2006-01-11,546.65,-0.0032326728727847254
2006-01-18,547.11,0.0008411352163566477
2006-01-25,547.14,5.4832076778588146e-05
2006-02-01,554.42,0.01321781108745057
2006-02-08,539.77,-0.02677939936089757
2006-02-15,516.81,-0.043467820773795296
2006-02-22,513.59,-0.006250020345170526
2006-03-01,511.55,-0.003979949456267562
2006-03-08,508.84,-0.005311707036939062
2006-03-15,509.26,0.0008250663467750385
2006-03-22,516.72,0.014542450089432002
2006-03-29,528.0,0.021595141982044375
2006-04-05,531.65,0.006889094390833961
2006-04-12,538.28,0.012393492776245019
2006-04-19,556.79,0.03380927821547619
2006-04-26,570.76,0.024780656973558024
2006-05-03,559.37,-0.020157655620689496
2006-05-10,555.86,-0.006294686458834242
2006-05-17,551.11,-0.00858203773116184
2006-05-24,536.16,-0.027501802262689168
2006-05-31,541.98,0.01079647640080772
2006-06-07,542.19,0.00038739312584912255
2006-06-14,530.44,-0.021909642706257948
2006-06-21,539.94,0.017751171464513327
2006-06-28,538.39,-0.002874817667147589
2006-07-05,544.46,0.01121127317615045
2006-07-12,540.46,-0.007373848992614285
2006-07-19,556.04,0.028419605318591223
2006-07-26,553.94,-0.0037838564759260507
2006-08-02,587.56,0.05892199083024785
2006-08-09,578.45,-0.015626255988316018
2006-08-16,568.3,-0.017702664171822313
2006-08-23,559.47,-0.015659541291610957
2006-08-30,557.04,-0.004352856377173531
2006-09-06,528.18,-0.05319991593342088
2006-09-13,514.44,-0.026358204302983523
2006-09-20,489.74,-0.049204292362606594
2006-09-27,475.66,-0.029171324741728455
2006-10-04,463.66,-0.025551788286803934
2006-10-11,481.28,0.03729769631467317
2006-10-18,492.19,0.022415599484811644
2006-10-25,522.44,0.05964532390308808
2006-11-01,529.85,0.014083802911525112
2006-11-08,523.01,-0.012993363279825587
2006-11-15,528.38,0.010215137477266545
2006-11-22,529.06,0.0012861251583693445
2006-11-29,542.36,0.024828140617453087
2006-12-06,554.26,0.021703903139188796
2006-12-13,538.64,-0.02858644649627262
2006-12-20,534.44,-0.007827974516331437
2006-12-27,514.34,-0.03833494434684592
2007-01-03,502.02,-0.024244565838285048
2007-01-10,492.75,-0.018638013502733308
2007-01-17,493.55,0.0016222248310677756
2007-01-24,503.88,0.02071397362020555
2007-01-31,519.18,0.029912499362599654
2007-02-07,538.38,0.03631398669131869
2007-02-14,544.02,0.010421380347998443
2007-02-21,547.72,0.0067781965780131515
2007-02-28,549.38,0.003026162185414627
2007-03-07,544.43,-0.009050993851136724
2007-03-14,532.73,-0.021724646584802443
2007-03-21,528.76,-0.007480086502309469
2007-03-28,547.58,0.03497392702661806
2007-04-04,564.06,0.029652059080698123
2007-04-11,566.77,0.004792948874582592
2007-04-18,568.93,0.003803826018201839
2007-04-25,565.46,-0.00611784452071884
2007-05-02,570.33,0.008575581481064631
2007-05-09,562.53,-0.013770674681907735
2007-05-16,566.56,0.007138522373856482
2007-05-23,576.83,0.01796460735031591
2007-05-30,571.98,-0.008443569980367549
2007-06-06,579.67,0.013354950367379992
2007-06-13,570.72,-0.015560254490340597
2007-06-20,579.05,0.014490108019804993
2007-06-27,566.67,-0.02161170591854855
2007-07-04,563.53,-0.005556552962356243
2007-07-11,567.77,0.007495836388084598
2007-07-18,567.79,3.522491106089376e-05
2007-07-25,565.86,-0.003404934264779058
2007-08-01,565.7,-0.0002827954347379702
2007-08-08,559.25,-0.011467301978870914
2007-08-15,562.7,0.006150026068993952
2007-08-22,547.43,-0.027512026803860223
2007-08-29,536.92,-0.019385492015937977
2007-09-05,542.37,0.010099317742597869
2007-09-12,555.01,0.023037706240097044
2007-09-19,572.91,0.031742504713302644
2007-09-26,580.77,0.013626172968534966
2007-10-03,583.16,0.004106781952653904
2007-10-10,584.9,0.002979301212358898
2007-10-17,602.65,0.02989570458537205
2007-10-24,601.11,-0.0025586509605881602
2007-10-31,613.9,0.02105410235968641
2007-11-07,626.29,0.01998147418136753
2007-11-14,626.79,0.0007980336874506833
2007-11-21,631.96,0.008214544702379811
2007-11-28,629.45,-0.003979678792379815
2007-12-05,612.17,-0.0278364004952687
2007-12-12,612.77,0.0009796398974390996
2007-12-19,615.75,0.004851375386207835
2007-12-26,621.71,0.00963270907370628
2008-01-02,638.91,0.02728985331316025
2008-01-09,653.47,0.022533025966555265
2008-01-16,650.44,-0.004647568396547008
2008-01-23,639.72,-0.016618476334851806
2008-01-30,647.6,0.01224264118081031
2008-02-06,646.42,-0.0018237744811857581
2008-02-13,667.45,0.032015033779447144
2008-02-20,697.97,0.044711640794273144
2008-02-27,713.04,0.02136139792644709
2008-03-05,725.15,0.016841010183797245
2008-03-12,742.18,0.023213271342584996
2008-03-19,736.64,-0.00749249525538076
2008-03-26,709.62,-0.037369690602383265
2008-04-02,724.81,0.021179936052004855
2008-04-09,745.98,0.028789238649816085
2008-04-16,767.8,0.02883049237379609
2008-04-23,783.24,0.01990987986842896
2008-04-30,786.76,0.004484083946565853
2008-05-07,797.93,0.014097627922308398
2008-05-14,827.32,0.03617068662712253
2008-05-21,839.53,0.014650650504852258
2008-05-28,850.71,0.01322908350204699
2008-06-04,838.82,-0.014075152608435282
2008-06-11,876.34,0.04375800115855455
2008-06-18,886.78,0.011842781000143354
2008-06-25,890.37,0.004040182183065788
2008-07-02,911.94,0.023937091765074747
2008-07-09,903.82,-0.008943972914528864
2008-07-16,894.73,-0.010108228738046066
2008-07-23,836.59,-0.0671878909908683
2008-07-30,797.24,-0.04817834309844482
2008-08-06,777.38,-0.02522647138893319
2008-08-13,743.96,-0.04394202135867786
2008-08-20,736.67,-0.009847239226596471
2008-08-27,748.32,0.015690663257246662
2008-09-03,730.37,-0.02427943892479867
2008-09-10,691.92,-0.05408091305452167
2008-09-17,667.52,-0.035900989625902824
2008-09-24,695.44,0.04097538639845588
2008-10-01,666.05,-0.04317999597333699
2008-10-08,611.46,-0.08551520272881508
2008-10-15,559.3,-0.08916353824111489
2008-10-22,520.2,-0.0724726488129912
2008-10-29,488.57,-0.06273059599409603
2008-11-05,504.56,0.03220400533494061
2008-11-12,482.81,-0.044063560836163695
2008-11-19,462.49,-0.04299826642212423
2008-11-26,446.63,-0.034894423742030334
2008-12-03,442.26,-0.009832566925824793
2008-12-10,397.64,-0.10635087108530783
2008-12-17,406.02,0.020855346128244356
2008-12-24,359.78,-0.12090968593764906
2008-12-31,379.57,0.05354629951967116
2009-01-07,426.2,0.1158696866103055
2009-01-14,393.27,-0.0804123207866887
2009-01-21,383.34,-0.02557407503552067
2009-01-28,401.08,0.04523858481341758
2009-02-04,387.23,-0.035142076915828824
2009-02-11,387.96,0.0018834097854458776
2009-02-18,368.69,-0.05094605897473059
2009-02-25,379.95,0.030083482565182784
2009-03-04,394.87,0.03851693169140358
2009-03-11,398.08,0.008096393303562266
2009-03-18,404.97,0.01716000017808561
2009-03-25,429.45,0.05869232992338791
2009-04-01,418.33,-0.026234725473694986
2009-04-08,418.02,-0.000741316468455544
2009-04-15,415.56,-0.0059022700677520135
2009-04-22,407.86,-0.018703029938129667
2009-04-29,412.11,0.010366325741022031
2009-05-06,428.86,0.039840221335861514
2009-05-13,459.18,0.06831176470879985
2009-05-20,459.0,-0.0003920799893393223
2009-05-27,459.99,0.002154540055862242
2009-06-03,484.31,0.05152044743805728
2009-06-10,487.43,0.006421492829852937
2009-06-17,497.37,0.020187525535165562
2009-06-24,491.62,-0.011628155572648069
2009-07-01,491.53,-0.00018308498245733773
2009-07-08,461.97,-0.06202302145594629
2009-07-15,444.71,-0.03807756957467667
2009-07-22,462.14,0.03844549114660545
2009-07-29,471.94,0.0209839833808676
2009-08-05,488.91,0.03532656459477934
2009-08-12,494.23,0.01082257242443152
2009-08-19,480.49,-0.028194579341183967
2009-08-26,480.46,-6.243821220586199e-05
2009-09-02,460.52,-0.042387692521585585
2009-09-09,450.55,-0.021887227124417485
2009-09-16,473.1,0.04883772395605668
2009-09-23,481.81,0.018243062828483758
2009-09-30,469.6,-0.02566857695169933
2009-10-07,469.23,-0.0007882151596270148
2009-10-14,498.8,0.06111216045162138
2009-10-21,523.27,0.047892369436679516
2009-10-28,534.78,0.021757864128120197
2009-11-04,527.0,-0.014654898829318697
2009-11-11,521.88,-0.009762872143815216
2009-11-18,507.7,-0.027546954444198413
2009-11-25,514.4,0.013110450970060583
2009-12-02,530.47,0.030762233107465065
2009-12-09,535.36,0.009176011767584313
2009-12-16,532.26,-0.005807326037908567
2009-12-23,544.29,0.02235010128963122
2009-12-30,566.55,0.04008314477639363
2010-01-06,581.06,0.025288683917085386
2010-01-13,583.2,0.0036761589507881
2010-01-20,567.17,-0.02787109827166301
2010-01-27,552.73,-0.025789446062590038
2010-02-03,549.76,-0.005387817004359974
2010-02-10,542.72,-0.012888286192351828
2010-02-17,557.09,0.026133273603456075
2010-02-24,566.41,0.01659139082394745
2010-03-03,561.74,-0.008279088197026496
2010-03-10,566.67,0.00873801431797716
2010-03-17,563.33,-0.005911521640098449
2010-03-24,559.32,-0.007143841899089232
2010-03-31,558.38,-0.0016820259848291386
2010-04-07,576.11,0.031258880497419206
2010-04-14,574.04,-0.003599534382509262
2010-04-21,572.05,-0.003472680155778285
2010-04-28,574.7,0.004621765366743524
2010-05-05,573.46,-0.002159978543239127
2010-05-12,547.2,-0.04687382066211665
2010-05-19,533.18,-0.025955288084625217
2010-05-26,517.02,-0.030777519743985238
2010-06-02,536.44,0.03687316136300911
2010-06-09,531.74,-0.008800071769031526
2010-06-16,546.52,0.027416255396579103
2010-06-23,552.16,0.010266955879406403
2010-06-30,544.74,-0.01352924273797207
2010-07-07,530.58,-0.026337868796022512
2010-07-14,539.17,0.016060172252353233
2010-07-21,542.2,0.005604016996513472
2010-07-28,551.6,0.01718820885458161
2010-08-04,566.15,0.026035914840901953
2010-08-11,558.22,-0.014105910847876935
2010-08-18,535.54,-0.04147756626873189
2010-08-25,522.7,-0.024267897924564075
2010-09-01,521.2,-0.00287384046818584
2010-09-08,521.21,1.9186308651164552e-05
2010-09-15,524.0,0.005338652761700757
2010-09-22,529.59,0.010611437948259805
2010-09-29,544.7,0.02813206212032693
2010-10-06,561.49,0.03035878019127658
2010-10-13,564.34,0.0050629421634278415
2010-10-20,562.87,-0.0026082111289618126
2010-10-27,558.67,-0.007489736672140701
2010-11-03,566.96,0.014729795558769965
2010-11-10,592.11,0.04340367393212574
2010-11-17,580.0,-0.020664324893661323
2010-11-24,572.92,-0.01228201262880102
2010-12-01,586.33,0.02313668009330172
2010-12-08,610.15,0.039822057572882485
2010-12-15,609.82,-0.0005409969229548395
2010-12-22,609.46,-0.0005905124507261661
2010-12-29,621.04,0.01882217289325805
2011-01-05,625.03,0.006404156487013424
2011-01-12,622.74,-0.0036705523791855654
2011-01-19,627.57,0.007726122363886034
2011-01-26,622.06,-0.008818667459709495
2011-02-02,633.2,0.017749776897427516
2011-02-09,628.35,-0.007688991945703272
2011-02-16,618.17,-0.01633383552512946
2011-02-23,634.88,0.026672504120428542
2011-03-02,665.16,0.0465916085632605
2011-03-09,687.23,0.032641411910733886
2011-03-16,666.23,-0.031034068862691555
2011-03-23,683.51,0.02560633036713078
2011-03-30,702.84,0.02788798325480446
2011-04-06,715.89,0.01839725398354375
2011-04-13,715.83,-8.38152711910567e-05
2011-04-20,714.6,-0.0017197630127343544
2011-04-27,730.26,0.02167768952521154
2011-05-04,730.1,-0.00021912405248070144
2011-05-11,678.86,-0.07276659032952093
2011-05-18,669.3,-0.014182530625922674
2011-05-25,674.1,0.007146077752796742
2011-06-01,688.76,0.021514411558591462
2011-06-08,685.76,-0.004365167132772463
2011-06-15,681.44,-0.006319506110308737
2011-06-22,656.81,-0.036813422817632
2011-06-29,645.46,-0.017431542457717164
2011-07-06,668.18,0.03459435741681993
2011-07-13,678.95,0.015989888828429777
2011-07-20,683.45,0.006606013453858139
2011-07-27,689.93,0.009436642570954668
2011-08-03,674.26,-0.02297434996572978
2011-08-10,628.45,-0.07035932283304103
2011-08-17,641.2,0.020084950364552157
2011-08-24,633.93,-0.011402882488452448
2011-08-31,650.12,0.025218422988029232
2011-09-07,655.19,0.007768308672148727
2011-09-14,653.66,-0.002337931309019936
2011-09-21,641.62,-0.018591110461812832
2011-09-28,610.33,-0.049996433641253724
2011-10-05,595.15,-0.025186319881148833
2011-10-12,615.16,0.03306892195783462
2011-10-19,624.28,0.01471658910262974
2011-10-26,632.21,0.012622631761249004
2011-11-02,646.94,0.023031937061832153
2011-11-09,652.12,0.007975039574019682
2011-11-16,658.35,0.00950811073089941
2011-11-23,643.44,-0.022907922206539588
2011-11-30,647.56,0.006382670777491661
2011-12-07,664.54,0.025883618604126468
2011-12-14,648.38,-0.024618127748942342
2011-12-21,633.11,-0.02383276151014968
2011-12-28,650.01,0.02634356466838561
2012-01-04,649.14,-0.00133933745918835
2012-01-11,646.56,-0.003982408597373421
2012-01-18,637.8,-0.013641246754206193
2012-01-25,633.99,-0.00599157313378651
2012-02-01,633.99,0.0
2012-02-08,621.64,-0.01967203439475984
2012-02-15,632.16,0.0167813796156695
2012-02-22,648.78,0.02595114952242028
2012-02-29,662.75,0.021304168983633964
2012-03-07,650.89,-0.018057188051874284
2012-03-14,645.74,-0.00794371113036263
2012-03-21,648.79,0.004712143625239307
2012-03-28,654.91,0.009388732002087785
2012-04-04,645.73,-0.014116361856197912
2012-04-11,644.05,-0.0026050969159303605
2012-04-18,645.87,0.002821882299250511
2012-04-25,648.86,0.004618731805692278
2012-05-02,665.77,0.025727288602568343
2012-05-09,642.06,-0.036262508282643324
2012-05-16,627.69,-0.02263534324769445
2012-05-23,618.11,-0.015379978873039768
2012-05-30,608.9,-0.015012384531702061
2012-06-06,577.49,-0.0529629243858194
2012-06-13,569.64,-0.013686543877481583
2012-06-20,572.66,0.005287590013562493
2012-06-27,553.36,-0.034283388072460674
2012-07-04,566.92,0.02420941600637594
2012-07-11,572.84,0.010388245311797384
2012-07-18,586.57,0.023685567449795997
2012-07-25,598.68,0.020435218600647787
2012-08-01,596.63,-0.0034300758965049027
2012-08-08,616.8,0.03324766648467836
2012-08-15,627.29,0.01686413139062992
2012-08-22,636.26,0.014198331193808755
2012-08-29,633.55,-0.0042683615886405235
2012-09-05,636.63,0.00484971584615046
2012-09-12,647.26,0.01655942940191668
2012-09-19,651.73,0.006882297236817436
2012-09-26,631.06,-0.032229420545854204
2012-10-03,635.95,0.007718998713545311
2012-10-10,632.04,-0.006167260614194703
2012-10-17,636.27,0.006670318272066211
2012-10-24,616.98,-0.030786393086210673
2012-10-31,591.96,-0.04139754343550717
2012-11-07,586.31,-0.009590405094314747
2012-11-14,588.29,0.0033713636564023375
2012-11-21,593.68,0.009120430066143825
2012-11-28,599.83,0.01030582807446212
2012-12-05,604.76,0.008185403375660094
2012-12-12,589.66,-0.025285585506734876
2012-12-19,589.81,0.000254351532143815
2012-12-26,596.51,0.011295554719385592
2013-01-02,602.01,0.009178050609740751
2013-01-09,591.57,-0.017494036854831307
2013-01-16,593.88,0.0038972591400900924
2013-01-23,605.86,0.019971657525261755
2013-01-30,615.18,0.015265971632998365
2013-02-06,624.53,0.0150844589325132
2013-02-13,629.83,0.00845057485946299
2013-02-20,625.28,-0.007250392287668106
2013-02-27,611.01,-0.023086223764587466
2013-03-06,603.12,-0.012997143746328987
2013-03-13,614.97,0.019457304225459993
2013-03-20,624.33,0.015105588604522602
2013-03-27,638.04,0.021721902570818408
2013-04-03,645.78,0.012057911200014537
2013-04-10,635.74,-0.015669213779143654
2013-04-17,618.64,-0.027266154424338218
2013-04-24,612.52,-0.009941925353773584
2013-05-01,624.28,0.019017390727346317
2013-05-08,623.72,-0.0008974359576683355
2013-05-15,621.57,-0.0034530143761832832
2013-05-22,623.12,0.0024905812711919495
2013-05-29,617.42,-0.009189611158360478
2013-06-05,617.76,0.0005505270625931757
2013-06-12,628.37,0.017029132433129313
2013-06-19,631.67,0.00523794093029295
2013-06-26,615.18,-0.026452197969293323
2013-07-03,626.69,0.018537092595213522
2013-07-10,642.02,0.02416745534743381
2013-07-17,650.68,0.013398514045550591
2013-07-24,649.87,-0.0012456270112366497
2013-07-31,635.93,-0.021683848497340286
2013-08-07,635.51,-0.0006606682427436894
2013-08-14,636.67,0.001823641814022281
2013-08-21,640.37,0.005794666342885613
2013-08-28,644.54,0.006490749764741288
2013-09-04,646.85,0.0035775442953296377
2013-09-11,644.37,-0.0038413330796291945
2013-09-18,635.08,-0.014522120074970779
2013-09-25,619.71,-0.024499348531040077
2013-10-02,609.51,-0.016596271000642204
2013-10-09,609.12,-0.0006400630434413301
2013-10-16,610.53,0.0023121397583789616
2013-10-23,605.07,-0.008983278575401599
2013-10-30,594.49,-0.0176402586856641
2013-11-06,570.41,-0.041348494628287824
2013-11-13,569.29,-0.0019654301316816003
2013-11-20,573.73,0.007768932007856222
2013-11-27,585.65,0.020563439136496164
2013-12-04,585.66,1.7074899044899894e-05
2013-12-11,601.5,0.02668711899980547
2013-12-18,605.45,0.006545447785641478
2013-12-25,616.87,0.01868632158471417
2014-01-01,617.03,0.00025934030455765367
2014-01-08,603.89,-0.021525582945846722
2014-01-15,600.16,-0.006195775810223125
2014-01-22,614.27,0.023238284570204826
2014-01-29,628.1,0.022264818556553045
2014-02-05,628.05,-7.96083270735437e-05
2014-02-12,644.44,0.02576194148952382
2014-02-19,637.23,-0.011251064715882109
2014-02-26,643.11,0.009185124794250932
2014-03-05,647.41,0.006664005072683388
2014-03-12,633.16,-0.022256632956300315
2014-03-19,625.88,-0.01156449538368065
2014-03-26,631.11,0.008321514380190465
2014-04-02,637.35,0.009838781414883258
2014-04-09,643.32,0.009323312398516137
2014-04-16,651.54,0.012696523829417217
2014-04-23,652.17,0.0009664726803331192
2014-04-30,644.68,-0.011551194482679605
2014-05-07,642.14,-0.003947721202218091
2014-05-14,643.35,0.0018825511787001759
2014-05-21,647.47,0.006383560822999179
2014-05-28,651.88,0.006788035453789476
2014-06-04,644.34,-0.01163395880960838
2014-06-11,647.57,0.005000358740360866
2014-06-18,660.72,0.02010325366392074
2014-06-25,664.14,0.005162821123126271
2014-07-02,658.34,-0.008771455427470265
2014-07-09,650.13,-0.012549172305768685
2014-07-16,636.19,-0.021675082028409065
2014-07-23,638.68,0.003906285607561344
2014-07-30,629.89,-0.013858345505434855
2014-08-06,619.99,-0.015841852089261366
2014-08-13,624.01,0.006463045005239643
2014-08-20,614.85,-0.014788058263587978
2014-08-27,611.12,-0.006084996385352426
2014-09-03,618.51,0.01202002061748253
2014-09-10,611.12,-0.01202002061748253
2014-09-17,609.78,-0.0021951028553734986
2014-09-24,597.98,-0.0195409278024421
2014-10-01,600.66,0.004471742084159125
2014-10-08,591.99,-0.014539307810003343
2014-10-15,573.49,-0.0317492432236719
2014-10-22,560.81,-0.02235833239533047
2014-10-29,557.21,-0.006439978608590913
2014-11-05,548.99,-0.014861962214461677
2014-11-12,545.03,-0.0072393873875542525
2014-11-19,533.18,-0.021981760796119687
2014-11-26,535.95,0.00518179491381332
2014-12-03,504.93,-0.05962106733134398
2014-12-10,481.31,-0.047908252650837646
2014-12-17,450.31,-0.06657531867712496
2014-12-24,438.19,-0.027283628207099397
2014-12-31,427.03,-0.02579833789920727
2015-01-07,409.49,-0.04194178540138527
2015-01-14,399.11,-0.02567541485289926
2015-01-21,399.13,5.011024254386598e-05
2015-01-28,388.79,-0.026247826269268693
2015-02-04,400.21,0.028950057252790984
2015-02-11,406.65,0.01596345526908749
2015-02-18,413.87,0.017599050239336833
2015-02-25,404.75,-0.022282322294376655
2015-03-04,402.57,-0.005400597776768379
2015-03-11,398.27,-0.01073882754054889
2015-03-18,378.51,-0.05088767463266741
2015-03-25,390.75,0.03182547669382618
2015-04-01,399.07,0.021068870797217976
2015-04-08,406.58,0.018643871494114173
2015-04-15,410.31,0.00913225996865119
2015-04-22,421.84,0.027713123660644712
2015-04-29,428.18,0.014917572696361958
2015-05-06,443.07,0.034184103187752335
2015-05-13,443.43,0.0008121827857623387
2015-05-20,444.17,0.0016674181420706091
2015-05-27,441.69,-0.005599093488734219
2015-06-03,443.5,0.004089523204206635
2015-06-10,444.07,0.0012844059135863617
2015-06-17,445.57,0.0033721537283106784
2015-06-24,441.96,-0.008134981146556974
2015-07-01,436.96,-0.011377722519578803
2015-07-08,418.98,-0.04201847163939654
2015-07-15,411.69,-0.01755254713634713
2015-07-22,395.39,-0.04039801937766807
2015-07-29,380.33,-0.038833322658316405
2015-08-05,369.38,-0.029213372465902054
2015-08-12,356.46,-0.03560389285205989
2015-08-19,346.71,-0.02773333594024585
2015-08-26,340.89,-0.016928851057431693
2015-09-02,363.71,0.06479700220527196
2015-09-09,364.4,0.0018953185825036911
2015-09-16,364.16,-0.0006588338878916744
2015-09-23,361.72,-0.006722899625631662
2015-09-30,357.99,-0.010365378822605464
2015-10-07,361.44,0.009590999670018974
2015-10-14,369.11,0.020998649877998155
2015-10-21,362.56,-0.017904724758049717
2015-10-28,354.87,-0.02143845261388666
2015-11-04,361.14,0.01751416956197893
2015-11-11,350.34,-0.03036158326423255
2015-11-18,335.41,-0.04355044743276171
2015-11-25,334.84,-0.0017008582988840004
2015-12-02,335.27,0.0012833715629341214
2015-12-09,323.55,-0.03558251585151506
2015-12-16,310.24,-0.04200747000893301
2015-12-23,308.13,-0.006824419648519431
2015-12-30,318.25,0.03231546559169374
2016-01-06,311.59,-0.021149016382083552
2016-01-13,293.98,-0.05817648324159119
2016-01-20,278.38,-0.05452465101458692
2016-01-27,288.88,0.03702429016994824
2016-02-03,293.49,0.01583219016824433
2016-02-10,284.35,-0.03163769338463851
2016-02-17,283.31,-0.0036641692689221017
2016-02-24,297.25,0.048031831087004484
2016-03-02,307.43,0.033673883484823364
2016-03-09,321.48,0.044687914288803476
2016-03-16,327.8,0.019468332965211665
2016-03-23,340.14,0.03695363125453799
2016-03-30,333.96,-0.018336072238467338
2016-04-06,325.46,-0.025781659093332188
2016-04-13,338.69,0.03984566850231186
2016-04-20,343.19,0.0131989949253839
2016-04-27,358.08,0.042472195463396645
2016-05-04,362.88,0.013315775975772048
2016-05-11,363.24,0.000991571722295248
2016-05-18,373.45,0.02772035398144812
2016-05-25,373.56,0.0002945074384417268
2016-06-01,377.17,0.00961737995080636
2016-06-08,383.2,0.015861031904381484
2016-06-15,383.99,0.002059464485264506
2016-06-22,379.31,-0.012262697879258155
2016-06-29,377.84,-0.003882987114850245
2016-07-06,379.94,0.0055425199290422
2016-07-13,368.53,-0.030491226075031186
2016-07-20,368.09,-0.0011946459567475642
2016-07-27,358.13,-0.027431424507998514
2016-08-03,346.82,-0.03209013560672336
2016-08-10,352.57,0.016443270727496184
2016-08-17,365.09,0.03489471443235459
2016-08-24,373.64,0.02314886847439457
2016-08-31,365.98,-0.02071407990510732
2016-09-07,356.66,-0.025795740075174045
2016-09-14,360.97,0.012011905362236064
2016-09-21,354.2,-0.018933127037869646
2016-09-28,364.39,0.028362997289500314
2016-10-05,373.97,0.025950857655248072
2016-10-12,380.33,0.016863716620185265
2016-10-19,379.87,-0.0012102079877482907
2016-10-26,374.76,-0.01354326784293125
2016-11-02,366.75,-0.02160540405989675
2016-11-09,355.73,-0.03050840088858564
2016-11-16,354.9,-0.00233595648205398
2016-11-23,365.9,0.03052401237270974
2016-11-30,370.4,0.012223430746863606
2016-12-07,387.29,0.04459026363739582
2016-12-14,389.76,0.006357398672057535
2016-12-21,385.84,-0.01010838932076119
2016-12-28,390.61,0.012286843992650454
2017-01-04,393.76,0.008031966889379127
2017-01-11,394.69,0.00235906000710262
2017-01-18,398.65,0.009983192298655297
2017-01-25,400.28,0.0040804632737510005
2017-02-01,404.62,0.010784052827013113
2017-02-08,408.43,0.009372185938091526
2017-02-15,410.86,0.0059319828770050265
2017-02-22,409.13,-0.004219569913909815
2017-03-01,411.09,0.004779214675764365
2017-03-08,401.82,-0.022807941476205684
2017-03-15,385.21,-0.04221558702303252
2017-03-22,389.08,0.009996337874258465
2017-03-29,391.1,0.005178303760229319
2017-04-05,404.76,0.03433101710009012
2017-04-12,415.93,0.02722267801008016
2017-04-19,414.13,-0.0043370426752042945
2017-04-26,404.15,-0.02439383801658135
2017-05-03,402.38,-0.004389180418763239
2017-05-10,392.15,-0.025752496102414923
2017-05-17,402.01,0.02483254427284276
2017-05-24,408.94,0.017091482083389842
2017-05-31,403.43,-0.01356545538687115
2017-06-07,395.46,-0.019953346335353395
2017-06-14,391.05,-0.011214215245062498
2017-06-21,382.92,-0.02100933896946877
2017-06-28,383.29,0.0009657927428774471
2017-07-05,395.37,0.031030152502878217
2017-07-12,392.18,-0.008101117252537371
2017-07-19,399.7,0.018993347645907654
2017-07-26,401.3,0.003995011555592676
2017-08-02,409.72,0.020764722295463223
2017-08-09,409.0,-0.0017588435255317947
2017-08-16,404.59,-0.010840947383257138
2017-08-23,404.07,-0.0012860783807120413
2017-08-30,400.9,-0.007876110630371969
2017-09-06,404.01,0.007727610481599534
2017-09-13,406.09,0.005135179782274513
2017-09-20,410.34,0.010411274425724315
2017-09-27,415.11,0.011557461011343584
2017-10-04,412.26,-0.0068893270783636495
2017-10-11,411.78,-0.0011649921224412552
2017-10-18,419.63,0.018884144481268628
2017-10-25,420.59,0.002285116797364317
2017-11-01,428.16,0.01783847007257844
2017-11-08,439.01,0.025025234359203452
2017-11-15,440.24,0.0027978408924909104
2017-11-22,433.04,-0.01648993026278145
2017-11-29,434.86,0.00419403771819038
2017-12-06,430.51,-0.01005358780519483
2017-12-13,420.86,-0.022670315591240886
2017-12-20,413.1,-0.0186105424077585
2017-12-27,417.79,0.011289219536222639
2018-01-03,432.84,0.03538923076450651
2018-01-10,441.43,0.019651312373747842
2018-01-17,451.84,0.02330867778762702
2018-01-24,449.6,-0.004969836285341422
2018-01-31,451.89,0.00508048880335199
2018-02-07,439.12,-0.02866606314119924
2018-02-14,426.24,-0.029770156329663955
2018-02-21,435.38,0.02121664506082066
2018-02-28,444.29,0.020258289400901575
2018-03-07,441.37,-0.006593976424934311
2018-03-14,437.99,-0.007687446883172022
2018-03-21,443.52,0.012546817495898033
2018-03-28,455.39,0.026411298109448644
2018-04-04,458.59,0.007002370020143367
2018-04-11,468.27,0.02088848794735565
2018-04-18,484.24,0.03353559894499991
2018-04-25,488.73,0.009229538162756512
2018-05-02,488.74,2.0460986015713445e-05
2018-05-09,497.03,0.01681973571574069
2018-05-16,504.53,0.014976916394407347
2018-05-23,503.03,-0.002977492374017565
2018-05-30,485.02,-0.036459683267675125
2018-06-06,476.15,-0.01845719656060396
2018-06-13,482.37,0.012978523784374474
2018-06-20,469.54,-0.02695796238706727
2018-06-27,480.27,0.022594953720750155
2018-07-04,497.39,0.035025980865466266
2018-07-11,494.03,-0.006778182534632471
2018-07-18,472.78,-0.04396608007621161
2018-07-25,459.46,-0.028578277148709752
2018-08-01,454.3,-0.011294114098666874
2018-08-08,446.88,-0.016467670568490966
2018-08-15,442.68,-0.009442940800282074
2018-08-22,446.92,0.009532446282552343
2018-08-29,453.12,0.013777383386162967
2018-09-05,456.88,0.008263783291306837
2018-09-12,445.35,-0.025560284478728157
2018-09-19,441.71,-0.008206931730905254
2018-09-26,446.27,0.010270591869752543
2018-10-03,450.21,0.008789990559281868
2018-10-10,436.52,-0.030879947331118984
2018-10-17,418.84,-0.04134520782562756
2018-10-24,404.63,-0.034515916128411206
2018-10-31,400.22,-0.010958673377432504
2018-11-07,384.99,-0.03879703598893869
2018-11-14,365.52,-0.051896362669463514
2018-11-21,371.48,0.016174029652791688
2018-11-28,363.81,-0.020863273570997265
2018-12-05,390.12,0.06982263076700423
2018-12-12,403.96,0.034861479054542066
2018-12-19,393.39,-0.026514376946913387
2018-12-26,372.36,-0.05494035796315355
2019-01-02,374.96,0.006958225366161308
2019-01-09,400.91,0.06691760959919613
2019-01-16,418.46,0.042844342697458515
2019-01-23,421.6,0.007475691316047417
2019-01-30,427.61,0.014154567992656908
2019-02-06,433.54,0.013772498946967637
2019-02-13,425.57,-0.01855461734559416
2019-02-20,428.53,0.006931300434560583
2019-02-27,435.96,0.017189748765367163
2019-03-06,437.18,0.0027945135807456722
2019-03-13,439.68,0.00570217999207312
2019-03-20,451.61,0.026771785926228198
2019-03-27,454.5,0.006378938097375553
2019-04-03,461.68,0.015674096785177838
2019-04-10,470.33,0.018562565584661073
2019-04-17,467.74,-0.0055219900034488845
2019-04-24,466.53,-0.002590259082567492
2019-05-01,459.81,-0.014508966222430253
2019-05-08,449.04,-0.023701390044982062
2019-05-15,447.73,-0.0029215984741188805
2019-05-22,446.83,-0.002012163082766527
2019-05-29,428.4,-0.04212087050346458
2019-06-05,411.15,-0.04109922715668901
2019-06-12,410.49,-0.0016065433570764398
2019-06-19,414.68,0.010155570395083302
2019-06-26,436.66,0.05164772178005883
2019-07-03,436.67,2.290085076772641e-05
2019-07-10,437.96,0.002949820919486257
2019-07-17,440.65,0.006123327540445089
2019-07-24,424.36,-0.037668757954598675
2019-07-31,429.49,0.01201630667511111
2019-08-07,417.21,-0.029008766107552653
2019-08-14,421.97,0.011344529302972362
2019-08-21,424.12,0.005082212595995728
2019-08-28,421.4,-0.006433932687508914
2019-09-04,424.97,0.008436076827567973
2019-09-11,430.73,0.013462865488222064
2019-09-18,435.08,0.010048478539770755
2019-09-25,435.0,-0.00018389113696493098
2019-10-02,418.75,-0.03807194794940827
2019-10-09,406.84,-0.028854095381880107
2019-10-16,410.68,0.009394334673368476
2019-10-23,410.91,0.0005598899840748572
2019-10-30,419.63,0.020999158215027514
2019-11-06,413.12,-0.015635262971589015
2019-11-13,415.67,0.006153568567685674
2019-11-20,418.67,0.007191343885815549
2019-11-27,423.6,0.01170659361547255
2019-12-04,412.83,-0.025753727781951063
2019-12-11,421.89,0.021708730604965254
2019-12-18,428.18,0.0147990513683105
2019-12-25,429.6,0.003310875276079095
2020-01-01,431.22,0.0037638575137508568
2020-01-08,428.8,-0.005627790951813871
2020-01-15,417.81,-0.025963826023481573
2020-01-22,417.47,-0.0008140983114124367
2020-01-29,403.87,-0.03311964142176027
2020-02-05,393.66,-0.025605451415096958
2020-02-12,395.35,0.004283855932095015
2020-02-19,403.46,0.0203059016892686
2020-02-26,404.79,0.0032910639046015433
2020-03-04,385.74,-0.04820484672915537
2020-03-11,349.97,-0.0973161308575845
2020-03-18,296.99,-0.16414896832188486
2020-03-25,267.36,-0.10510240335509735
2020-04-01,241.27,-0.10267942650972817
2020-04-08,265.48,0.09562286994036828
2020-04-15,234.15,-0.12557757264817315
2020-04-22,212.53,-0.09687878075895107
2020-04-29,236.61,0.10733006120740907
2020-05-06,295.65,0.22276310618882977
2020-05-13,314.02,0.06028035588053715
2020-05-20,336.95,0.07047787324485011
2020-05-27,347.47,0.03074377895063929
2020-06-03,359.63,0.03439739480376325
2020-06-10,368.85,0.025314332183683064
2020-06-17,362.04,-0.018635354371341784
2020-06-24,373.51,0.0311900750172045
2020-07-01,371.07,-0.0065540539211461635
2020-07-08,385.92,0.03923937004373812
2020-07-15,391.7,0.014866146573019101
2020-07-22,390.97,-0.0018654099727468676
2020-07-29,396.78,0.0147511402155871
2020-08-05,400.87,0.010255214304974558
2020-08-12,407.87,0.017311310961069637
2020-08-19,417.09,0.022353529668891703
2020-08-26,422.05,0.011821764580167482
2020-09-02,429.84,0.01828925599083675
2020-09-09,417.53,-0.029056648423769538
2020-09-16,413.43,-0.009868184441632621
2020-09-23,401.48,-0.02933049460956383
2020-09-30,403.57,0.005192235750354435
2020-10-07,405.29,0.004252905552255548
2020-10-14,412.81,0.0183845784319292
2020-10-21,414.07,0.0030476029780075464
2020-10-28,406.57,-0.018278925773278942
2020-11-04,399.52,-0.01749228935340419
2020-11-11,415.35,0.038857711753617075
2020-11-18,419.7,0.01041863205446436
2020-11-25,427.51,0.018437509576551214
2020-12-02,437.09,0.022161443631525835
2020-12-09,439.66,0.0058625773843488105
2020-12-16,449.94,0.02311253960938231
2020-12-23,455.4,0.01206191308828597
2020-12-30,453.47,-0.004247038412542814
2021-01-06,469.07,0.03382289582329623
2021-01-13,489.49,0.04261202171230494
2021-01-20,488.67,-0.0016766177150735473
2021-01-27,491.5,0.00577452454959726
2021-02-03,504.84,0.026779607803208982
2021-02-10,530.61,0.049785740724382244
2021-02-17,545.73,0.028097059827421944
2021-02-24,556.79,0.02006380114658235
2021-03-03,556.22,-0.0010242496470507234
2021-03-10,567.38,0.0198653738098038
2021-03-17,568.34,0.0016905579344177468
2021-03-24,546.97,-0.03832587487497374
2021-03-31,550.29,0.0060514556833553
2021-04-07,556.79,0.01174273709444762
2021-04-14,565.21,0.015009194417126892
2021-04-21,584.05,0.032789252095761334
2021-04-28,589.53,0.009339013666080476
2021-05-05,613.68,0.04014801038325544
2021-05-12,623.16,0.015329687993187235
2021-05-19,612.22,-0.017711612604140115
2021-05-26,603.4,-0.014511368315127449
2021-06-02,617.9,0.023746305341973084
2021-06-09,630.25,0.01978993400109541
2021-06-16,630.22,-4.760129159020465e-05
2021-06-23,624.05,-0.009838471411976357
2021-06-30,626.57,0.004030006573699119
2021-07-07,640.82,0.022488106315202927
2021-07-14,634.19,-0.010400012169994532
2021-07-21,609.72,-0.0393487586897292
2021-07-28,628.56,0.030431653473925735
2021-08-04,630.82,0.0035890714891495534
2021-08-11,608.31,-0.03633593990823414
2021-08-18,599.61,-0.014405176573921707
2021-08-25,589.93,-0.016275558081355612
2021-09-01,609.75,0.03304515130282493
2021-09-08,620.1,0.016831718259802564
2021-09-15,624.38,0.006878402022929997
2021-09-22,636.49,0.019209549576192586
2021-09-29,654.69,0.028193134204063774
2021-10-06,671.27,0.025009599378475578
2021-10-13,691.06,0.029055210140784382
2021-10-20,704.37,0.019077135598997152
2021-10-27,703.89,-0.0006816923275358988
2021-11-03,694.18,-0.013890801078243697
2021-11-10,685.1,-0.013166479862642078
2021-11-17,681.08,-0.005885039456410723
2021-11-24,683.54,0.003605403210828584
2021-12-01,645.54,-0.05719800092939842
2021-12-08,629.65,-0.024923066382017467
2021-12-15,643.56,0.02185115333097798
2021-12-22,643.9,0.0005281717613039305
2021-12-29,666.22,0.03407651177953053
2022-01-05,682.15,0.023629628685214676
2022-01-12,712.03,0.04287047034690694
2022-01-19,735.12,0.031913705836839945
2022-01-26,737.87,0.003733906129781417
2022-02-02,761.29,0.03124670547724051
2022-02-09,778.08,0.021814983855824366
2022-02-16,794.3,0.02063187698361002
2022-02-23,797.07,0.003481280654456853
2022-03-02,838.1,0.05019492081131727
2022-03-09,923.77,0.09732569780274147
2022-03-16,863.9,-0.06700610154276276
2022-03-23,893.3,0.03346544934295448
2022-03-30,896.12,0.003151861870935413
2022-04-06,868.58,-0.031214638301468867
2022-04-13,870.02,0.0016565056128854394
2022-04-20,909.9,0.044818503472499494
2022-04-27,890.91,-0.02109129109470942
2022-05-04,908.3,0.01933130824023266
2022-05-11,905.43,-0.003164751529070031
2022-05-18,922.62,0.018807479776558722
2022-05-25,922.17,-0.0004878604165519107
2022-06-01,934.44,0.013217831037790617
2022-06-08,939.23,0.005112971265163857
2022-06-15,927.7,-0.012351985982833824
2022-06-22,878.12,-0.05492514610350341
2022-06-29,858.47,-0.022631523499708983
2022-07-06,819.37,-0.04661598276871892
2022-07-13,808.19,-0.013738572894426149
2022-07-20,814.99,0.008378663834068156
2022-07-27,801.53,-0.016653442058717438
2022-08-03,795.53,-0.007513841970726354
2022-08-10,772.39,-0.02951895538670346
2022-08-17,784.01,0.014932171560314345
2022-08-24,787.72,0.004720921392892485
2022-08-31,789.62,0.0024091203151437313
2022-09-07,737.42,-0.06839420932522788
2022-09-14,742.38,0.006703633700027467
2022-09-21,724.52,-0.02435187482922352
2022-09-28,684.92,-0.056207323503945084
2022-10-05,696.94,0.017397280720607533
2022-10-12,721.27,0.034314223232520646
2022-10-19,693.11,-0.03982483032156381
2022-10-26,688.79,-0.006252281746523813
2022-11-02,697.09,0.011978092239480986
2022-11-09,705.59,0.012119805011260532
2022-11-16,696.96,-0.012306311952011484
2022-11-23,671.0,-0.03795888333285902
2022-11-30,660.05,-0.016453547244913658
2022-12-07,641.06,-0.029192533442505386
2022-12-14,632.01,-0.014217839477774774
2022-12-21,639.54,0.011843951122612495
2022-12-28,647.47,0.012323292524897944
2023-01-04,631.31,-0.02527543487639683
2023-01-11,609.66,-0.03489560085175647
2023-01-18,634.39,0.0397624825449574
2023-01-25,643.07,0.013589675738219675
2023-02-01,632.86,-0.0160043543626589
2023-02-08,618.23,-0.02338867214132101
2023-02-15,634.0,0.025188397932183193
2023-02-22,617.13,-0.026969255804733194
2023-03-01,624.73,0.01223985776502623
2023-03-08,634.04,0.014792487532172771
2023-03-15,604.84,-0.04714808368522316
2023-03-22,589.45,-0.02577406150633177
2023-03-29,600.31,0.0182562897184102
2023-04-05,628.41,0.045746631229238055
2023-04-12,636.14,0.012225845216375042
2023-04-19,641.42,0.0082658036605876
2023-04-26,622.91,-0.029282422490267912
2023-05-03,601.22,-0.035441121947253684
2023-05-10,595.7,-0.00922373949058386
2023-05-17,595.98,0.0004699248206776474
2023-05-24,603.69,0.01285371169106675
2023-05-31,590.32,-0.02239605839627501
2023-06-07,590.98,0.0011174131358222539
2023-06-14,588.56,-0.004103300261924403
2023-06-21,606.42,0.029893939690617266
2023-06-28,596.68,-0.01619185902889697
2023-07-05,600.89,0.007030933211567891
2023-07-12,617.74,0.027655767462171355
2023-07-19,626.21,0.013618121144197026
2023-07-26,630.82,0.007334782253050065
2023-08-02,637.52,0.010565088732776395
2023-08-09,641.72,0.006566422393382787
2023-08-16,633.67,-0.012623757287122395
2023-08-23,622.22,-0.018234586243680795
2023-08-30,621.94,-0.00045010288825686473
2023-09-06,642.74,0.03289666281257464
2023-09-13,645.96,0.004997294484476278
2023-09-20,657.07,0.017052975349304944
2023-09-27,654.25,-0.004301016299915972
2023-10-04,646.84,-0.01139057270051147
2023-10-11,630.01,-0.02636327643426739
2023-10-18,636.48,0.010217303390131605
2023-10-25,625.89,-0.016778358855715325
2023-11-01,613.15,-0.020565032601857602
2023-11-08,596.98,-0.026725992214118754
2023-11-15,587.03,-0.016807686146370848
2023-11-22,587.66,0.0010726235183788901
2023-11-29,586.03,-0.002777566560057565
2023-12-06,575.97,-0.017315406799692568
2023-12-13,562.45,-0.023753334767339318
2023-12-20,573.77,0.019926377916180016
2023-12-27,585.04,0.01945160180768113
2024-01-03,573.46,-0.01999203399223859
2024-01-10,576.73,0.005686032412354436
2024-01-17,578.94,0.003824625877536292
2024-01-24,582.16,0.005546478778483355
2024-01-31,598.32,0.027380403844580847
2024-02-07,571.76,-0.04540640497168891
2024-02-14,579.89,0.014119107469511505
2024-02-21,586.22,0.010856715361997615
2024-02-28,588.34,0.003609866336613976
2024-03-06,601.73,0.022503827637142315
2024-03-13,603.44,0.002837775828386846
2024-03-20,622.21,0.030631040791579522
2024-03-27,621.13,-0.0017372565374325077
2024-04-03,637.93,0.026688159657482835
2024-04-10,649.08,0.017327416214330427
2024-04-17,640.7,-0.012994647026359551
2024-04-24,636.5,-0.006576910647514644
2024-05-01,635.86,-0.0010060046747399909
2024-05-08,627.96,-0.012501943150605044
2024-05-15,630.74,0.004417263081477607
2024-05-22,643.99,0.020789464779888966
2024-05-29,638.34,-0.008812141277153351
2024-06-05,621.62,-0.026542083188322074
2024-06-12,628.33,0.010736532592134473
2024-06-19,636.84,0.013452940467661989
2024-06-26,636.97,0.00020411207393777886
2024-07-03,636.88,-0.00014130392141886716
2024-07-10,637.79,0.0014278207765130446
2024-07-17,630.42,-0.011622811628097196
2024-07-24,621.28,-0.01460439794538182
2024-07-31,603.99,-0.02822422447698969
2024-08-07,594.21,-0.016324849269084396
2024-08-14,613.67,0.03222453214345933
2024-08-21,603.84,-0.01614806220055698
2024-08-28,600.33,-0.0058297581586037595
2024-09-04,591.85,-0.01422627962167855
2024-09-11,569.34,-0.03877542918618104
2024-09-18,583.39,0.02437812117480931
2024-09-25,594.72,0.019234790160410853
2024-10-02,592.72,-0.0033685944405403845
2024-10-09,620.21,0.0453360182589817
2024-10-16,612.2,-0.01299910385607106
2024-10-23,597.28,-0.02467301134503863
2024-10-30,594.34,-0.004934468984237661
2024-11-06,604.29,0.0166026689764065
2024-11-13,599.89,-0.007307910083238944
2024-11-20,597.08,-0.004695197310164545
2024-11-27,603.61,0.01087718625450762
2024-12-04,599.55,-0.00674892019410489
2024-12-11,599.78,0.00038354748537905436
2024-12-18,606.33,0.010861470997967082
2024-12-25,606.12,-0.0003464060408262526
2025-01-01,611.13,0.008231716229614605
2025-01-08,621.63,0.017035357939525042
2025-01-15,642.67,0.03328631277382055
2025-01-22,643.84,0.0018188748203433747
2025-01-29,630.48,-0.02096881398587147
2025-02-05,619.93,-0.016874865606111733
2025-02-12,624.79,0.007809024836471501
2025-02-19,630.63,0.009303726442908555
2025-02-26,631.08,0.0007133176705913513
2025-03-05,623.03,-0.012837965668073714
2025-03-12,623.81,0.0012511631031273396
2025-03-19,627.36,0.005674703719714458
2025-03-26,633.39,0.00956580762407988
2025-04-02,646.04,0.01977507520221078
2025-04-09,603.48,-0.06814852139843808
2025-04-16,598.2,-0.008787753776026364
2025-04-23,607.13,0.01481778997248906
2025-04-30,600.22,-0.011446681491318778
2025-05-07,594.66,-0.009306441030346058
2025-05-14,611.04,0.027172609830533823
2025-05-21,607.22,-0.006271259861815537
2025-05-28,605.03,-0.0036131200370732586
2025-06-04,613.34,0.013641387862748822
2025-06-11,628.1,0.023779958019269465
2025-06-18,658.35,0.04703731534201783
2025-06-25,643.37,-0.023016718377022016
2025-07-02,626.14,-0.027145998156891338
2025-07-09,632.76,0.010517215061939034
2025-07-16,630.19,-0.004069842111521282
2025-07-23,629.91,-0.00044440918119015294
2025-07-30,628.73,-0.0018750402747693684
2025-08-06,622.04,-0.010697512409761245
2025-08-13,606.63,-0.02508534933738904
2025-08-20,601.01,-0.009307476683857452
2025-08-27,605.03,0.006666470246426748
2025-09-03,611.69,0.010947574653624947
2025-09-10,607.23,-0.0073179862563881315
2025-09-17,612.11,0.008004372947823413
2025-09-24,609.32,-0.004568423654876419
2025-10-01,617.7,0.013659321433352467
2025-10-08,614.92,-0.004510724657454723
2025-10-15,605.23,-0.01588362696881518
2025-10-22,600.64,-0.007612797677439609
2025-10-29,611.32,0.01762480026149227
2025-11-05,616.69,0.008745912866629624
2025-11-12,618.47,0.0028822196836575387
2025-11-19,618.87,0.0006465482631030639
2025-11-26,610.47,-0.013666082178819039
2025-12-03,615.4,0.008043310593734532
2025-12-10,617.79,0.003876130997424454
2025-12-17,601.85,-0.026140349059621926
2025-12-24,608.38,0.010791441909264954
2025-12-31,611.29,0.004771791585792329
2026-01-07,602.85,-0.013903068757481485
2026-01-14,616.32,0.022097899606386306
2026-01-21,623.87,0.012175704161984768
2026-01-28,658.01,0.053278115446532937
2026-02-04,649.84,-0.012493950035525891
2026-02-11,641.48,-0.01294817210208965
2026-02-18,636.9,-0.007165349263288157
2026-02-25,653.9,0.026341777189910154
2026-03-04,679.96,0.03907953834333888
2026-03-11,753.08,0.1021374909459416
2026-03-18,785.22,0.04179246943893311
2026-03-25,764.78,-0.02637572252780096
2026-04-01,784.14,0.024999365069356294
2026-04-08,794.47,0.013087649829628845
2026-04-15,757.71,-0.04737449898083668
2026-04-22,750.5,-0.00956107561227526
2026-04-29,776.99,0.03468782919844138
2026-05-06,792.86,0.02021918101031961
2026-05-13,783.1,-0.012386259525385412
2026-05-20,799.32,0.02050096445619687
2026-05-27,770.5,-0.036721711452918804
2026-06-03,765.15,-0.0069677617231249656
2026-06-10,760.05,-0.006687672447016624
2026-06-17,719.87,-0.05431358043759982
2026-06-24,687.4,-0.04615427573669528
