Date,V39079,V39050,V39078,Canadian Overnight Repo Rate Average (CORRA) (%),V39076,V39077,OR,ORR,TARGET,ACTUAL,TERMREPOS,SEC_LEND,V39068,V39071,V39072,V39073,V39074
2026-06-29, , , , , , , 13280.0, 0.0, Not available, 77740, 0.0, 2829.0, , , , , 
2026-06-26, 2.25, , 2.50, 2.3200, 2.20, 2.50, 0.0, 0.0, Not available, 64645, 0.0, 2732.0, , , , , 
2026-06-25, 2.25, 2.2868, 2.50, 2.3100, 2.20, 2.50, 0.0, 0.0, Not available, 63115, 15125.0, 2950.0, , , , , 
2026-06-24, 2.25, 2.2915, 2.50, 2.3000, 2.20, 2.50, 0.0, 0.0, Not available, 60189, 0.0, 2795.0, , , , , 
2026-06-23, 2.25, 2.2988, 2.50, 2.3000, 2.20, 2.50, 0.0, 0.0, Not available, 61167, 0.0, 2195.0, , , , , 
2026-06-22, 2.25, 2.2864, 2.50, 2.3000, 2.20, 2.50, 7230.0, 0.0, Not available, 67498, 0.0, 2113.0, , , , , 
2026-06-19, 2.25, 2.2835, 2.50, 2.3300, 2.20, 2.50, 12000.0, 0.0, Not available, 72174, 0.0, 2668.0, , , , , 
2026-06-18, 2.25, 2.2856, 2.50, 2.3000, 2.20, 2.50, 8000.0, 0.0, Not available, 68906, 12000.0, 2368.0, , , , , 
2026-06-17, 2.25, 2.2758, 2.50, 2.2900, 2.20, 2.50, 8000.0, 0.0, Not available, 68367, 0.0, 2217.0, , , , , 
2026-06-16, 2.25, 2.2677, 2.50, 2.2800, 2.20, 2.50, 0.0, 0.0, Not available, 60333, 0.0, 2158.0, , , , , 
2026-06-15, 2.25, 2.2536, 2.50, 2.2700, 2.20, 2.50, 0.0, 0.0, Not available, 61440, 0.0, 2664.0, , , , , 
2026-06-12, 2.25, 2.2539, 2.50, 2.2700, 2.20, 2.50, 0.0, 0.0, Not available, 62729, 0.0, 2768.0, , , , , 
2026-06-11, 2.25, 2.2544, 2.50, 2.2700, 2.20, 2.50, 0.0, 0.0, Not available, 62295, 17225.0, 2482.0, , , , , 
2026-06-10, 2.25, 2.2468, 2.50, 2.2500, 2.20, 2.50, 0.0, 0.0, Not available, 62451, 0.0, 2658.0, , , , , 
2026-06-09, 2.25, 2.2454, 2.50, 2.2600, 2.20, 2.50, 0.0, 0.0, Not available, 63665, 0.0, 2685.0, , , , , 
2026-06-08, 2.25, 2.2493, 2.50, 2.2600, 2.20, 2.50, 0.0, 0.0, Not available, 61251, 0.0, 2823.0, , , , , 
2026-06-05, 2.25, 2.2573, 2.50, 2.2600, 2.20, 2.50, 0.0, 0.0, Not available, 61144, 0.0, 2473.0, , , , , 
2026-06-04, 2.25, 2.2456, 2.50, 2.2600, 2.20, 2.50, 0.0, 0.0, Not available, 58037, 12000.0, 2493.0, , , , , 
2026-06-03, 2.25, 2.2600, 2.50, 2.2800, 2.20, 2.50, 0.0, 0.0, Not available, 64251, 0.0, 3522.0, , , , , 
2026-06-02, 2.25, 2.2509, 2.50, 2.2600, 2.20, 2.50, 0.0, 0.0, Not available, 64367, 0.0, 2462.0, , , , , 
2026-06-01, 2.25, 2.2537, 2.50, 2.2600, 2.20, 2.50, 0.0, 0.0, Not available, 63872, 0.0, 1939.0, , , , , 
2026-05-29, 2.25, 2.2345, 2.50, 2.2500, 2.20, 2.50, 0.0, 0.0, Not available, 70946, 0.0, 2482.0, , , , , 
2026-05-28, 2.25, 2.2404, 2.50, 2.2500, 2.20, 2.50, 0.0, 0.0, Not available, 69482, 14590.0, 2358.0, , , , , 
2026-05-27, 2.25, 2.2403, 2.50, 2.2500, 2.20, 2.50, 0.0, 0.0, Not available, 70700, 0.0, 2169.0, , , , , 
2026-05-26, 2.25, 2.2397, 2.50, 2.2700, 2.20, 2.50, 0.0, 0.0, Not available, 68175, 0.0, 2076.0, , , , , 
2026-05-25, 2.25, 2.2380, 2.50, 2.2700, 2.20, 2.50, 0.0, 0.0, Not available, 66666, 0.0, 1932.0, , , , , 
2026-05-22, 2.25, 2.2411, 2.50, 2.2600, 2.20, 2.50, 0.0, 0.0, Not available, 69743, 0.0, 2144.0, , , , , 
2026-05-21, 2.25, 2.2543, 2.50, 2.2600, 2.20, 2.50, Bank holiday, Bank holiday, Not available, 70674, 15000.0, 2405.0, , , , , 
2026-05-20, 2.25, 2.2534, 2.50, 2.2600, 2.20, 2.50, 0.0, 0.0, Not available, 63673, 0.0, 2341.0, , , , , 
2026-05-19, 2.25, 2.2392, 2.50, 2.2500, 2.20, 2.50, 0.0, 0.0, Not available, 69641, 0.0, 2909.0, , , , , 
2026-05-18, 2.25, Bank holiday, Bank holiday, Bank holiday, Bank holiday, Bank holiday, Bank holiday, Bank holiday, Bank holiday, , Bank holiday, Bank holiday, , , , , 
2026-05-15, 2.25, 2.2443, 2.50, 2.2500, 2.20, 2.50, 0.0, 0.0, Not available, 68762, 0.0, 2332.0, , , , , 
2026-05-14, 2.25, 2.2455, 2.50, 2.2500, 2.20, 2.50, 0.0, 0.0, Not available, 69147, 12200.0, 2077.0, , , , , 
2026-05-13, 2.25, 2.2438, 2.50, 2.2500, 2.20, 2.50, 0.0, 0.0, Not available, 68240, 0.0, 2153.0, , , , , 
2026-05-12, 2.25, 2.2336, 2.50, 2.2500, 2.20, 2.50, 0.0, 0.0, Not available, 71262, 0.0, 2188.0, , , , , 
2026-05-11, 2.25, 2.2451, 2.50, 2.2500, 2.20, 2.50, 0.0, 0.0, Not available, 70415, 0.0, 2199.0, , , , , 
2026-05-08, 2.25, 2.2360, 2.50, 2.2600, 2.20, 2.50, 0.0, 0.0, Not available, 71596, 0.0, 1909.0, , , , , 
2026-05-07, 2.25, 2.2470, 2.50, 2.2700, 2.20, 2.50, 0.0, 0.0, Not available, 71811, 12000.0, 2092.0, , , , , 
2026-05-06, 2.25, 2.2580, 2.50, 2.2800, 2.20, 2.50, 0.0, 0.0, Not available, 63916, 0.0, 2713.0, , , , , 
2026-05-05, 2.25, 2.2431, 2.50, 2.2800, 2.20, 2.50, 0.0, 0.0, Not available, 65698, 0.0, 2104.0, , , , , 
2026-05-04, 2.25, 2.2605, 2.50, 2.3000, 2.20, 2.50, 12000.0, 0.0, Not available, 74913, 0.0, 2060.0, , , , , 
2026-05-01, 2.25, 2.2583, 2.50, 2.2800, 2.20, 2.50, 16000.0, 0.0, Not available, 80881, 0.0, 2163.0, , , , , 
2026-04-30, 2.25, 2.2760, 2.50, 2.3000, 2.20, 2.50, 13500.0, 0.0, Not available, 70905, 11000.0, 2050.0, , , , , 
2026-04-29, 2.25, 2.0413, 2.50, 2.3000, 2.20, 2.50, 13787.0, 0.0, Not available, 71499, 0.0, 1967.0, , , , , 
2026-04-28, 2.25, 2.2558, 2.50, 2.3000, 2.20, 2.50, 15120.0, 0.0, Not available, 76419, 0.0, 2141.0, , , , , 
2026-04-27, 2.25, 2.2610, 2.50, 2.3200, 2.20, 2.50, 14300.0, 0.0, Not available, 75883, 0.0, 2674.0, , , , , 
2026-04-24, 2.25, 2.2714, 2.50, 2.3300, 2.20, 2.50, 13643.0, 0.0, Not available, 76472, 0.0, 2664.0, , , , , 
2026-04-23, Bank holiday, 2.2735, 2.50, 2.3000, 2.20, 2.50, 0.0, 0.0, Not available, 62975, 6500.0, 2073.0, , , , , 
2026-04-22, 2.25, 2.2804, 2.50, 2.3000, 2.20, 2.50, 0.0, 0.0, Not available, 61671, 0.0, 1900.0, , , , , 
2026-04-21, 2.25, 2.2597, 2.50, 2.2800, 2.20, 2.50, 0.0, 0.0, Not available, 61739, 0.0, 2065.0, , , , , 
2026-04-20, 2.25, 2.2476, 2.50, 2.2800, 2.20, 2.50, 12693.0, 0.0, Not available, 73421, 0.0, 2861.0, , , , , 
2026-04-17, 2.25, 2.2540, 2.50, 2.3000, 2.20, 2.50, 10000.0, 0.0, Not available, 70515, 0.0, 1968.0, , , , , 
2026-04-16, 2.25, 2.2610, 2.50, 2.3100, 2.20, 2.50, 11486.0, 0.0, Not available, 71271, 8350.0, 2312.0, , , , , 
2026-04-15, 2.25, 2.2730, 2.50, 2.3300, 2.20, 2.50, 10000.0, 0.0, Not available, 74041, 0.0, 2844.0, , , , , 
2026-04-14, 2.25, 2.2723, 2.50, 2.3000, 2.20, 2.50, 0.0, 0.0, Not available, 63689, 0.0, 2493.0, , , , , 
2026-04-13, 2.25, 2.2759, 2.50, 2.3000, 2.20, 2.50, 0.0, 0.0, Not available, 64186, 0.0, 2795.0, , , , , 
2026-04-10, 2.25, 2.2674, 2.50, 2.3000, 2.20, 2.50, 0.0, 0.0, Not available, 64102, 0.0, 2459.0, , , , , 
2026-04-09, 2.25, 2.2477, 2.50, 2.2700, 2.20, 2.50, 0.0, 0.0, Not available, 64713, 4500.0, 2369.0, , , , , 
2026-04-08, 2.25, 2.2500, 2.50, 2.2600, 2.20, 2.50, 0.0, 0.0, Not available, 67580, 0.0, 2226.0, , , , , 
2026-04-07, 2.25, 2.2483, 2.50, 2.2600, 2.20, 2.50, 0.0, 0.0, Not available, 67349, 0.0, 2260.0, , , , , 
2026-04-06, 2.25, 2.2506, 2.50, 2.2600, 2.20, 2.50, 9008.0, 0.0, Not available, 79227, 0.0, 1840.0, , , , , 
2026-04-03, 2.25, Bank holiday, Bank holiday, Bank holiday, Bank holiday, Bank holiday, Bank holiday, Bank holiday, Bank holiday, , Bank holiday, Bank holiday, , , , , 
2026-04-02, 2.25, 2.2522, 2.50, 2.2700, 2.20, 2.50, 13996.0, 0.0, Not available, 79565, 8600.0, 2048.0, , , , , 
2026-04-01, 2.25, 2.2584, 2.50, 2.2700, 2.20, 2.50, 14328.0, 0.0, Not available, 79183, 0.0, 1977.0, , , , , 
2026-03-31, 2.25, 2.2387, 2.50, 2.2700, 2.20, 2.50, 9075.0, 0.0, Not available, 74446, 0.0, 1640.0, , , , , 
2026-03-30, 2.25, 2.2524, 2.50, 2.2700, 2.20, 2.50, 14374.0, 0.0, Not available, 84692, 0.0, 2385.0, , , , , 
2026-03-27, 2.25, 2.2494, 2.50, 2.2900, 2.20, 2.50, 15320.0, 0.0, Not available, 83452, 0.0, 1629.0, , , , , 
2026-03-26, 2.25, 2.2960, 2.50, 2.3200, 2.20, 2.50, 16000.0, 0.0, Not available, 80559, 8000.0, 1361.0, , , , , 
2026-03-25, 2.25, 2.2640, 2.50, 2.3300, 2.20, 2.50, 15000.0, 0.0, Not available, 78678, 0.0, 1193.0, , , , , 
2026-03-24, 2.25, 2.2738, 2.50, 2.3000, 2.20, 2.50, 9521.0, 0.0, Not available, 68289, 0.0, 2318.0, , , , , 
2026-03-23, 2.25, 2.2730, 2.50, 2.2900, 2.20, 2.50, 0.0, 0.0, Not available, 64389, 0.0, 2020.0, , , , , 
2026-03-20, 2.25, 2.2619, 2.50, 2.3000, 2.20, 2.50, 0.0, 0.0, Not available, 63677, 0.0, 2296.0, , , , , 
2026-03-19, 2.25, 2.2576, 2.50, 2.2900, 2.20, 2.50, 0.0, 0.0, Not available, 62569, 9000.0, 1658.0, , , , , 
2026-03-18, 2.25, 2.2607, 2.50, 2.2900, 2.20, 2.50, 0.0, 0.0, Not available, 60319, 0.0, 1392.0, , , , , 
2026-03-17, 2.25, 2.2591, 2.50, 2.2800, 2.20, 2.50, 0.0, 0.0, Not available, 56141, 0.0, 1614.0, , , , , 
2026-03-16, 2.25, 2.2525, 2.50, 2.2600, 2.20, 2.50, 0.0, 0.0, Not available, 59618, 0.0, 1062.0, , , , , 
2026-03-13, 2.25, 2.2458, 2.50, 2.2600, 2.20, 2.50, 0.0, 0.0, Not available, 58423, 0.0, 1104.0, , , , , 
2026-03-12, 2.25, 2.2493, 2.50, 2.2600, 2.20, 2.50, 0.0, 0.0, Not available, 60807, 5000.0, 1325.0, , , , , 
2026-03-11, 2.25, 2.2375, 2.50, 2.2600, 2.20, 2.50, 0.0, 0.0, Not available, 65938, 0.0, 991.0, , , , , 
2026-03-10, 2.25, 2.2479, 2.50, 2.2600, 2.20, 2.50, 0.0, 0.0, Not available, 61992, 0.0, 869.0, , , , , 
2026-03-09, 2.25, 2.2483, 2.50, 2.2600, 2.20, 2.50, 0.0, 0.0, Not available, 63765, 0.0, 1182.0, , , , , 
2026-03-06, 2.25, 2.2447, 2.50, 2.2600, 2.20, 2.50, 0.0, 0.0, Not available, 61061, 0.0, 1350.0, , , , , 
2026-03-05, 2.25, 2.2378, 2.50, 2.2700, 2.20, 2.50, 0.0, 0.0, Not available, 62124, 10062.0, 1157.0, , , , , 
2026-03-04, 2.25, 2.2557, 2.50, 2.2800, 2.20, 2.50, 12000.0, 0.0, Not available, 75382, 0.0, 1279.0, , , , , 
2026-03-03, 2.25, 2.2624, 2.50, 2.3000, 2.20, 2.50, 15599.0, 0.0, Not available, 78635, 0.0, 1089.0, , , , , 
2026-03-02, 2.25, 2.2588, 2.50, 2.2900, 2.20, 2.50, 15000.0, 0.0, Not available, 79248, 0.0, 818.0, , , , , 
2026-02-27, 2.25, 2.2660, 2.50, 2.2900, 2.20, 2.50, 0.0, 0.0, Not available, 65200, 0.0, 1132.0, , , , , 
2026-02-26, 2.25, 2.2531, 2.50, 2.2800, 2.20, 2.50, 0.0, 0.0, Not available, 70182, 5000.0, 663.0, , , , , 
2026-02-25, 2.25, 2.2588, 2.50, 2.2800, 2.20, 2.50, 0.0, 0.0, Not available, 72225, 0.0, 1251.0, , , , , 
2026-02-24, 2.25, 2.2547, 2.50, 2.2700, 2.20, 2.50, 0.0, 0.0, Not available, 65581, 0.0, 1332.0, , , , , 
2026-02-23, 2.25, 2.2477, 2.50, 2.2600, 2.20, 2.50, 0.0, 0.0, Not available, 62882, 0.0, 758.0, , , , , 
2026-02-20, 2.25, 2.2466, 2.50, 2.2600, 2.20, 2.50, 0.0, 0.0, Not available, 66485, 0.0, 765.0, , , , , 
2026-02-19, 2.25, 2.2431, 2.50, 2.2500, 2.20, 2.50, 0.0, 0.0, Not available, 61525, 8300.0, 625.0, , , , , 
2026-02-18, 2.25, 2.2403, 2.50, 2.2500, 2.20, 2.50, 0.0, 0.0, Not available, 66321, 0.0, 714.0, , , , , 
2026-02-17, 2.25, 2.2386, 2.50, 2.2500, 2.20, 2.50, 0.0, 0.0, Not available, 68572, 0.0, 791.0, , , , , 
2026-02-16, 2.25, Bank holiday, Bank holiday, Bank holiday, Bank holiday, Bank holiday, Bank holiday, Bank holiday, Bank holiday, 74453, Bank holiday, Bank holiday, , , , , 
2026-02-13, 2.25, 2.2473, 2.50, 2.2500, 2.20, 2.50, 0.0, 0.0, Not available, 68866, 0.0, 824.0, , , , , 
2026-02-12, 2.25, 2.2538, 2.50, 2.2700, 2.20, 2.50, 0.0, 0.0, Not available, 67331, 3000.0, 1250.0, , , , , 
2026-02-11, 2.25, 2.2512, 2.50, 2.2900, 2.20, 2.50, 0.0, 0.0, Not available, 70040, 0.0, 761.0, , , , , 
2026-02-10, 2.25, 2.2619, 2.50, 2.2900, 2.20, 2.50, 0.0, 0.0, Not available, 66599, 0.0, 1557.0, , , , , 
2026-02-09, 2.25, 2.2676, 2.50, 2.2900, 2.20, 2.50, 0.0, 0.0, Not available, 69328, 0.0, 1126.0, , , , , 
2026-02-06, 2.25, 2.2639, 2.50, 2.2900, 2.20, 2.50, 0.0, 0.0, Not available, 68692, 0.0, 977.0, , , , , 
2026-02-05, 2.25, 2.2593, 2.50, 2.2900, 2.20, 2.50, 0.0, 0.0, Not available, 68740, 6062.0, 777.0, , , , , 
2026-02-04, 2.25, 2.2543, 2.50, 2.2900, 2.20, 2.50, 0.0, 0.0, Not available, 70709, 0.0, 512.0, , , , , 
2026-02-03, 2.25, 2.2536, 2.50, 2.2800, 2.20, 2.50, 0.0, 0.0, Not available, 74244, 0.0, 720.0, , , , , 
2026-02-02, 2.25, 2.2584, 2.50, 2.2800, 2.20, 2.50, 0.0, 0.0, Not available, 80661, 0.0, 1291.0, , , , , 
2026-01-30, 2.25, 2.2573, 2.50, 2.3000, 2.20, 2.50, 6472.0, 0.0, Not available, 67544, 0.0, 1694.0, , , , , 
2026-01-29, 2.25, 2.2575, 2.50, 2.2700, 2.20, 2.50, 0.0, 0.0, Not available, 65802, 3000.0, 731.0, , , , , 
2026-01-28, 2.25, 2.2578, 2.50, 2.2700, 2.20, 2.50, 0.0, 0.0, Not available, 70128, 0.0, 614.0, , , , , 
2026-01-27, 2.25, 2.2557, 2.50, 2.2700, 2.20, 2.50, 0.0, 0.0, Not available, 57677, 0.0, 551.0, , , , , 
2026-01-26, 2.25, 2.2452, 2.50, 2.2600, 2.20, 2.50, 0.0, 0.0, Not available, 57593, 0.0, 399.0, , , , , 
2026-01-23, 2.25, 2.2478, 2.50, 2.2600, 2.20, 2.50, 0.0, 0.0, Not available, 58218, 0.0, 577.0, , , , , 
2026-01-22, 2.25, 2.2419, 2.50, 2.2500, 2.20, 2.50, 0.0, 0.0, Not available, 63330, 6500.0, 604.0, , , , , 
2026-01-21, 2.25, 2.2424, 2.50, 2.2500, 2.20, 2.50, 0.0, 0.0, Not available, 74895, 0.0, 620.0, , , , , 
2026-01-20, 2.25, 2.2452, 2.50, 2.2500, 2.20, 2.50, 0.0, 0.0, Not available, 72079, 0.0, 612.0, , , , , 
2026-01-19, 2.25, 2.2522, 2.50, 2.2700, 2.20, 2.50, 0.0, 0.0, Not available, 65079, 0.0, 574.0, , , , , 
2026-01-16, 2.25, 2.2560, 2.50, 2.2800, 2.20, 2.50, 0.0, 0.0, Not available, 66700, 0.0, 753.0, , , , , 
2026-01-15, 2.25, 2.2507, 2.50, 2.2700, 2.20, 2.50, 6950.0, 0.0, Not available, 69569, 3500.0, 704.0, , , , , 
2026-01-14, 2.25, 2.2434, 2.50, 2.2500, 2.20, 2.50, 0.0, 0.0, Not available, 71099, 0.0, 662.0, , , , , 
2026-01-13, 2.25, 2.2447, 2.50, 2.2500, 2.20, 2.50, 0.0, 0.0, Not available, 63368, 0.0, 614.0, , , , , 
2026-01-12, 2.25, 2.2490, 2.50, 2.2500, 2.20, 2.50, 0.0, 0.0, Not available, 62323, 0.0, 583.0, , , , , 
2026-01-09, 2.25, 2.2403, 2.50, 2.2500, 2.20, 2.50, 0.0, 0.0, Not available, 63557, 0.0, 838.0, , , , , 
2026-01-08, 2.25, 2.2402, 2.50, 2.2500, 2.20, 2.50, 0.0, 0.0, Not available, 63594, 8550.0, 1174.0, , , , , 
2026-01-07, 2.25, 2.2501, 2.50, 2.2500, 2.20, 2.50, 0.0, 0.0, Not available, 69393, 0.0, 1335.0, , , , , 
2026-01-06, 2.25, 2.2569, 2.50, 2.2800, 2.20, 2.50, 0.0, 0.0, Not available, 68223, 0.0, 851.0, , , , , 
2026-01-05, 2.25, 2.2621, 2.50, 2.2800, 2.20, 2.50, 0.0, 0.0, Not available, 76908, 0.0, 1056.0, , , , , 
2026-01-02, 2.25, 2.2678, 2.50, 2.2900, 2.20, 2.50, 0.0, 0.0, Not available, 75576, 0.0, 1047.0, , , , , 
2026-01-01, 2.25, Bank holiday, Bank holiday, Bank holiday, Bank holiday, Bank holiday, Bank holiday, Bank holiday, Bank holiday, Bank holiday, 0.0, Bank holiday, , , , , 
2025-12-31, 2.25, 2.2786, 2.50, 2.3000, 2.20, 2.50, 0.0, 0.0, Not available, 71758, 0.0, 1534.0, , , , , 
2025-12-30, 2.25, 2.2679, 2.50, 2.2900, 2.20, 2.50, 0.0, 0.0, Not available, 69326, 6000.0, 1443.0, , , , , 
2025-12-29, 2.25, 2.2724, 2.50, 2.3000, 2.20, 2.50, 10900.0, 0.0, Not available, 80610, 0.0, 1309.0, , , , , 
2025-12-26, Bank holiday, Bank holiday, Bank holiday, Bank holiday, Bank holiday, Bank holiday, Bank holiday, Bank holiday, Bank holiday, Bank holiday, Bank holiday, Bank holiday, , , , , 
2025-12-25, Bank holiday, Bank holiday, Bank holiday, Bank holiday, Bank holiday, Bank holiday, Bank holiday, Bank holiday, Bank holiday, Bank holiday, Bank holiday, Bank holiday, , , , , 
2025-12-24, 2.25, 2.2697, 2.50, 2.3000, 2.20, 2.50, 12000.0, 0.0, Not available, 89469, 0.0, 1500.0, , , , , 
2025-12-23, 2.25, 2.2721, 2.50, 2.3000, 2.20, 2.50, 0.0, 0.0, Not available, 74839, 14000.0, 733.0, , , , , 
2025-12-22, 2.25, 2.2639, 2.50, 2.2800, 2.20, 2.50, 5751.0, 0.0, Not available, 75604, 0.0, 1115.0, , , , , 
2025-12-19, 2.25, 2.2553, 2.50, 2.2700, 2.20, 2.50, 0.0, 0.0, Not available, 68746, 0.0, 660.0, , , , , 
2025-12-18, 2.25, 2.2530, 2.50, 2.2700, 2.20, 2.50, 0.0, 0.0, Not available, 67869, 6000.0, 581.0, , , , , 
2025-12-17, 2.25, 2.2496, 2.50, 2.2600, 2.20, 2.50, 0.0, 0.0, Not available, 69317, 0.0, 454.0, , , , , 
2025-12-16, 2.25, 2.2524, 2.50, 2.2600, 2.20, 2.50, 0.0, 0.0, Not available, 65196, 0.0, 207.0, , , , , 
2025-12-15, 2.25, 2.2530, 2.50, 2.2600, 2.20, 2.50, 8000.0, 0.0, Not available, 74114, 0.0, 395.0, , , , , 
2025-12-12, 2.25, 2.2492, 2.50, 2.2600, 2.20, 2.50, 0.0, 0.0, Not available, 64456, 0.0, 498.0, , , , , 
2025-12-11, 2.25, 2.2441, 2.50, 2.2500, 2.20, 2.50, 0.0, 0.0, Not available, 65213, 10670.0, 360.0, , , , , 
2025-12-10, 2.25, 2.2390, 2.50, 2.2500, 2.20, 2.50, 0.0, 0.0, Not available, 66940, 0.0, 272.0, , , , , 
2025-12-09, 2.25, 2.2416, 2.50, 2.2500, 2.20, 2.50, 0.0, 0.0, Not available, 69990, 0.0, 257.0, , , , , 
2025-12-08, 2.25, 2.2407, 2.50, 2.2500, 2.20, 2.50, 0.0, 0.0, Not available, 71393, 0.0, 247.0, , , , , 
2025-12-05, 2.25, 2.2344, 2.50, 2.2500, 2.20, 2.50, 0.0, 0.0, Not available, 68457, 0.0, 237.0, , , , , 
2025-12-04, 2.25, 2.2342, 2.50, 2.2500, 2.20, 2.50, 0.0, 0.0, Not available, 68306, 4900.0, 360.0, , , , , 
2025-12-03, 2.25, 2.2381, 2.50, 2.2400, 2.20, 2.50, 0.0, 0.0, Not available, 75019, 0.0, 595.0, , , , , 
2025-12-02, 2.25, 2.2359, 2.50, 2.2400, 2.20, 2.50, 0.0, 0.0, Not available, 72624, 0.0, 561.0, , , , , 
2025-12-01, 2.25, 2.2347, 2.50, 2.2500, 2.20, 2.50, 0.0, 0.0, Not available, 76077, 0.0, 547.0, , , , , 
2025-11-28, 2.25, 2.2375, 2.50, 2.2500, 2.20, 2.50, 0.0, 0.0, Not available, 72449, 0.0, 524.0, , , , , 
2025-11-27, 2.25, 2.2285, 2.50, 2.2400, 2.20, 2.50, 0.0, 0.0, Not available, 74101, 12300.0, 520.0, , , , , 
2025-11-26, 2.25, 2.2269, 2.50, 2.2400, 2.20, 2.50, 0.0, 0.0, Not available, 82910, 0.0, 552.0, , , , , 
2025-11-25, 2.25, 2.2302, 2.50, 2.2400, 2.20, 2.50, 0.0, 0.0, Not available, 72376, 0.0, 305.0, , , , , 
2025-11-24, 2.25, 2.2201, 2.50, 2.2400, 2.20, 2.50, 0.0, 0.0, Not available, 71546, 0.0, 350.0, , , , , 
2025-11-21, 2.25, 2.2418, 2.50, 2.2400, 2.20, 2.50, 0.0, 0.0, Not available, 72518, 0.0, 577.0, , , , , 
2025-11-20, 2.25, 2.2348, 2.50, 2.2500, 2.20, 2.50, 0.0, 0.0, Not available, 71750, 6000.0, 1033.0, , , , , 
2025-11-19, 2.25, 2.2422, 2.50, 2.2500, 2.20, 2.50, 0.0, 0.0, Not available, 77614, 0.0, 990.0, , , , , 
2025-11-18, 2.25, 2.2405, 2.50, 2.2500, 2.20, 2.50, 0.0, 0.0, Not available, 67978, 0.0, 1027.0, , , , , 
2025-11-17, 2.25, 2.2422, 2.50, 2.2600, 2.20, 2.50, 0.0, 0.0, Not available, 73069, 0.0, 757.0, , , , , 
2025-11-14, 2.25, 2.2431, 2.50, 2.2500, 2.20, 2.50, 0.0, 0.0, Not available, 66894, 0.0, 528.0, , , , , 
2025-11-13, 2.25, 2.2473, 2.50, 2.2600, 2.20, 2.50, 0.0, 0.0, Not available, 72998, 12050.0, 530.0, , , , , 
2025-11-12, 2.25, 2.2451, 2.50, 2.2700, 2.20, 2.50, 0.0, 0.0, Not available, 73794, 0.0, 576.0, , , , , 
2025-11-11, 2.25, Bank holiday, Bank holiday, Bank holiday, Bank holiday, Bank holiday, Bank holiday, Bank holiday, Bank holiday, Bank holiday, Bank holiday, Bank holiday, , , , , 
2025-11-10, 2.25, 2.2476, 2.50, 2.2700, 2.20, 2.50, 0.0, 0.0, Not available, 73452, 0.0, 405.0, , , , , 
2025-11-07, 2.25, 2.2508, 2.50, 2.2700, 2.20, 2.50, 0.0, 0.0, Not available, 70339, 0.0, 716.0, , , , , 
2025-11-06, 2.25, 2.2480, 2.50, 2.2700, 2.20, 2.50, 0.0, 0.0, Not available, 74295, 4500.0, 1001.0, , , , , 
2025-11-05, 2.25, 2.2469, 2.50, 2.2700, 2.20, 2.50, 0.0, 0.0, Not available, 83138, 0.0, 1122.0, , , , , 
2025-11-04, 2.25, 2.2528, 2.50, 2.2900, 2.20, 2.50, 12000.0, 0.0, Not available, 92875, 0.0, 1272.0, , , , , 
2025-11-03, 2.25, 2.2744, 2.50, 2.3500, 2.20, 2.50, 14000.0, 0.0, Not available, 98443, 0.0, 1321.0, , , , , 
2025-10-31, 2.25, 2.2852, 2.50, 2.3500, 2.20, 2.50, 2750.0, 0.0, Not available, 79317, 0.0, 1741.0, , , , , 
2025-10-30, 2.25, 2.2570, 2.50, 2.2800, 2.20, 2.50, 0.0, 0.0, Not available, 79060, 12350.0, 1824.0, , , , , 
2025-10-29, 2.50, 2.4933, 2.75, 2.5200, 2.45, 2.75, 0.0, 0.0, Not available, 76661, 0.0, 1070.0, , , , , 
2025-10-28, 2.50, 2.4974, 2.75, 2.5200, 2.45, 2.75, 0.0, 0.0, Not available, 77950, 0.0, 836.0, , , , , 
2025-10-27, 2.50, 2.4966, 2.75, 2.5200, 2.45, 2.75, 0.0, 0.0, Not available, 75944, 0.0, 1105.0, , , , , 
2025-10-24, 2.50, 2.5031, 2.75, 2.5100, 2.45, 2.75, 0.0, 0.0, Not available, 78472, 0.0, 777.0, , , , , 
2025-10-23, 2.50, 2.5039, 2.75, 2.5200, 2.45, 2.75, 0.0, 0.0, Not available, 80102, 4000.0, 1052.0, , , , , 
2025-10-22, 2.50, 2.4948, 2.75, 2.5200, 2.45, 2.75, 0.0, 0.0, Not available, 81924, 0.0, 1108.0, , , , , 
2025-10-21, 2.50, 2.5011, 2.75, 2.5200, 2.45, 2.75, 0.0, 0.0, Not available, 81789, 0.0, 1361.0, , , , , 
2025-10-20, 2.50, 2.5019, 2.75, 2.5200, 2.45, 2.75, 0.0, 0.0, Not available, 79506, 0.0, 1319.0, , , , , 
2025-10-17, 2.50, 2.4995, 2.75, 2.5300, 2.45, 2.75, 0.0, 0.0, Not available, 79162, 0.0, 1199.0, , , , , 
2025-10-16, 2.50, 2.5051, 2.75, 2.5300, 2.45, 2.75, 0.0, 0.0, Not available, 81533, 6710.0, 188.0, , , , , 
2025-10-15, 2.50, 2.5026, 2.75, 2.5300, 2.45, 2.75, 0.0, 0.0, Not available, 79022, 0.0, 1129.0, , , , , 
2025-10-14, 2.50, 2.5033, 2.75, 2.5200, 2.45, 2.75, 0.0, 0.0, Not available, 78746, 0.0, 673.0, , , , , 
2025-10-13, Bank holiday, Bank holiday, Bank holiday, Bank holiday, Bank holiday, Bank holiday, Bank holiday, Bank holiday, Bank holiday, Bank holiday, Bank holiday, Bank holiday, , , , , 
2025-10-10, 2.50, 2.5037, 2.75, 2.5200, 2.45, 2.75, 0.0, 0.0, Not available, 76390, 0.0, 581.0, , , , , 
2025-10-09, 2.50, 2.5045, 2.75, 2.5200, 2.45, 2.75, 0.0, 0.0, Not available, 76660, 0.0, 539.0, , , , , 
2025-10-08, 2.50, 2.5036, 2.75, 2.5200, 2.45, 2.75, 0.0, 0.0, Not available, 78653, 0.0, 520.0, , , , , 
2025-10-07, 2.50, 2.5122, 2.75, 2.5300, 2.45, 2.75, 0.0, 0.0, Not available, 78731, 0.0, 887.0, , , , , 
2025-10-06, 2.50, 2.5265, 2.75, 2.5400, 2.45, 2.75, 0.0, 0.0, Not available, 75979, 0.0, 1042.0, , , , , 
2025-10-03, 2.50, 2.5284, 2.75, 2.5600, 2.45, 2.75, 0.0, 0.0, Not available, 76696, 0.0, 733.0, , , , , 
2025-10-02, 2.50, 2.5285, 2.75, 2.5600, 2.45, 2.75, 0.0, 0.0, Not available, 75119, 10150.0, 878.0, , , , , 
2025-10-01, 2.50, 2.5277, 2.75, 2.5600, 2.45, 2.75, 0.0, 0.0, Not available, 73290, 0.0, 583.0, , , , , 
2025-09-30, 2.50, Bank holiday, Bank holiday, Bank holiday, Bank holiday, Bank holiday, Bank holiday, Bank holiday, Bank holiday, Bank holiday, Bank holiday, Bank holiday, , , , , 
2025-09-29, 2.50, 2.5300, 2.75, 2.5600, 2.45, 2.75, 12000.0, 0.0, Not available, 84500, 0.0, 1130.0, , , , , 
2025-09-26, 2.50, 2.5336, 2.75, 2.5600, 2.45, 2.75, 9940.0, 0.0, Not available, 85130, 0.0, 1053.0, , , , , 
2025-09-25, 2.50, 2.5253, 2.75, 2.5500, 2.45, 2.75, 0.0, 0.0, Not available, 73324, 0.0, 800.0, , , , , 
2025-09-24, 2.50, 2.5292, 2.75, 2.5500, 2.45, 2.75, 0.0, 0.0, Not available, 74434, 0.0, 570.0, , , , , 
2025-09-23, 2.50, 2.5296, 2.75, 2.5500, 2.45, 2.75, 0.0, 0.0, Not available, 73328, 0.0, 551.0, , , , , 
2025-09-22, 2.50, 2.1805, 2.75, 2.5500, 2.45, 2.75, 0.0, 0.0, Not available, 73248, 0.0, 472.0, , , , , 
2025-09-19, 2.50, 2.5302, 2.75, 2.5600, 2.45, 2.75, 0.0, 0.0, Not available, 72784, 0.0, 522.0, , , , , 
2025-09-18, 2.50, 2.5234, 2.75, 2.5500, 2.45, 2.75, 0.0, 0.0, Not available, 72440, 4815.0, 693.0, , , , , 
2025-09-17, 2.75, 2.7759, 3.00, 2.8000, 2.70, 3.00, 0.0, 0.0, Not available, 70309, 0.0, 483.0, , , , , 
2025-09-16, 2.75, 2.7738, 3.00, 2.8200, 2.70, 3.00, 0.0, 0.0, Not available, 70574, 0.0, 603.0, , , , , 
2025-09-15, 2.75, 2.7791, 3.00, 2.8200, 2.70, 3.00, 0.0, 0.0, Not available, 66021, 0.0, 457.0, , , , , 
2025-09-12, 2.75, 2.7697, 3.00, 2.7900, 2.70, 3.00, 0.0, 0.0, Not available, 69022, 0.0, 336.0, , , , , 
2025-09-11, 2.75, 2.7696, 3.00, 2.8100, 2.70, 3.00, 0.0, 0.0, Not available, 72052, 0.0, 442.0, , , , , 
2025-09-10, 2.75, 2.7885, 3.00, 2.8100, 2.70, 3.00, 0.0, 0.0, Not available, 72397, 0.0, 561.0, , , , , 
2025-09-09, 2.75, 2.7673, 3.00, 2.8000, 2.70, 3.00, 0.0, 0.0, Not available, 72104, 0.0, 428.0, , , , , 
2025-09-08, 2.75, 2.7618, 3.00, 2.8000, 2.70, 3.00, 0.0, 0.0, Not available, 72263, 0.0, 639.0, , , , , 
2025-09-05, 2.75, 2.7794, 3.00, 2.8000, 2.70, 3.00, 0.0, 0.0, Not available, 73203, 0.0, 821.0, , , , , 
2025-09-04, 2.75, 2.7677, 3.00, 2.7900, 2.70, 3.00, 0.0, 0.0, Not available, 71775, 5900.0, 824.0, , , , , 
2025-09-03, 2.75, 2.7685, 3.00, 2.8000, 2.70, 3.00, 0.0, 0.0, Not available, 70707, 0.0, 849.0, , , , , 
2025-09-02, 2.75, 2.7620, 3.00, 2.8000, 2.70, 3.00, 12000.0, 0.0, Not available, 80421, 0.0, 406.0, , , , , 
2025-09-01, 2.75, Bank holiday, Bank holiday, Bank holiday, Bank holiday, Bank holiday, Bank holiday, Bank holiday, Bank holiday, Bank holiday, Bank holiday, Bank holiday, , , , , 
2025-08-29, 2.75, 2.7508, 3.00, 2.7700, 2.70, 3.00, 0.0, 0.0, Not available, 68138, 0.0, 647.0, , , , , 
2025-08-28, 2.75, 2.7526, 3.00, 2.7600, 2.70, 3.00, 0.0, 0.0, Not available, 85326, 0.0, 272.0, , , , , 
2025-08-27, 2.75, 2.7683, 3.00, 2.7600, 2.70, 3.00, 0.0, 0.0, Not available, 91935, 0.0, 239.0, , , , , 
2025-08-26, 2.75, 2.7628, 3.00, 2.7700, 2.70, 3.00, 0.0, 0.0, Not available, 76654, 0.0, 36.0, , , , , 
2025-08-25, 2.75, 2.7559, 3.00, 2.7700, 2.70, 3.00, 0.0, 0.0, Not available, 83578, 0.0, 453.0, , , , , 
2025-08-22, 2.75, 2.7604, 3.00, 2.7700, 2.70, 3.00, 0.0, 0.0, Not available, 77415, 0.0, 212.0, , , , , 
2025-08-21, 2.75, 2.7505, 3.00, 2.7600, 2.70, 3.00, 0.0, 0.0, Not available, 79489, 3090.0, 256.0, , , , , 
2025-08-20, 2.75, 2.7494, 3.00, 2.7600, 2.70, 3.00, 0.0, 0.0, Not available, 81352, 0.0, 211.0, , , , , 
2025-08-19, 2.75, 2.7475, 3.00, 2.7600, 2.70, 3.00, 0.0, 0.0, Not available, 73415, 0.0, 451.0, , , , , 
2025-08-18, 2.75, 2.7515, 3.00, 2.7700, 2.70, 3.00, 0.0, 0.0, Not available, 77622, 0.0, 910.0, , , , , 
2025-08-15, 2.75, 2.7614, 3.00, 2.7700, 2.70, 3.00, 0.0, 0.0, Not available, 72746, 0.0, 746.0, , , , , 
2025-08-14, 2.75, 2.7495, 3.00, 2.7600, 2.70, 3.00, 0.0, 0.0, Not available, 78117, 0.0, 402.0, , , , , 
2025-08-13, 2.75, 2.7506, 3.00, 2.7600, 2.70, 3.00, 0.0, 0.0, Not available, 79165, 0.0, 435.0, , , , , 
2025-08-12, 2.75, 2.7455, 3.00, 2.7700, 2.70, 3.00, 0.0, 0.0, Not available, 75920, 0.0, 287.0, , , , , 
2025-08-11, 2.75, 2.7429, 3.00, 2.7600, 2.70, 3.00, 0.0, 0.0, Not available, 75887, 0.0, 405.0, , , , , 
2025-08-08, 2.75, 2.7527, 3.00, 2.7600, 2.70, 3.00, 0.0, 0.0, Not available, 69525, 0.0, 543.0, , , , , 
2025-08-07, 2.75, 2.7522, 3.00, 2.7600, 2.70, 3.00, 0.0, 0.0, Not available, 69084, 1700.0, 599.0, , , , , 
2025-08-06, 2.75, 2.7482, 3.00, 2.7500, 2.70, 3.00, 0.0, 0.0, Not available, 72593, 0.0, 1019.0, , , , , 
2025-08-05, 2.75, 2.7482, 3.00, 2.7500, 2.70, 3.00, 0.0, 0.0, Not available, 74472, 0.0, 1145.0, , , , , 
2025-08-04, 2.75, Bank holiday, Bank holiday, Bank holiday, Bank holiday, Bank holiday, Bank holiday, Bank holiday, Bank holiday, 88005, Bank holiday, Bank holiday, , , , , 
2025-08-01, 2.75, 2.7541, 3.00, 2.7600, 2.70, 3.00, 0.0, 0.0, Not available, 87581, 0.0, 1006.0, , , , , 
2025-07-31, 2.75, 2.7651, 3.00, 2.7600, 2.70, 3.00, 0.0, 0.0, Not available, 80199, 0.0, 1143.0, , , , , 
2025-07-30, 2.75, 2.7514, 3.00, 2.7700, 2.70, 3.00, 0.0, 0.0, Not available, 79563, 0.0, 764.0, , , , , 
2025-07-29, 2.75, 2.7472, 3.00, 2.7600, 2.70, 3.00, 0.0, 0.0, Not available, 75695, 0.0, 633.0, , , , , 
2025-07-28, 2.75, 2.7447, 3.00, 2.7500, 2.70, 3.00, 0.0, 0.0, Not available, 69172, 0.0, 561.0, , , , , 
2025-07-25, 2.75, 2.7470, 3.00, 2.7500, 2.70, 3.00, 0.0, 0.0, Not available, 72257, 0.0, 547.0, , , , , 
2025-07-24, 2.75, 2.7449, 3.00, 2.7500, 2.70, 3.00, 0.0, 0.0, Not available, 66442, 2080.0, 580.0, , , , , 
2025-07-23, 2.75, 2.7461, 3.00, 2.7500, 2.70, 3.00, 0.0, 0.0, Not available, 71736, 0.0, 750.0, , , , , 
2025-07-22, 2.75, 2.7466, 3.00, 2.7500, 2.70, 3.00, 0.0, 0.0, Not available, 76538, 0.0, 738.0, , , , , 
2025-07-21, 2.75, 2.7489, 3.00, 2.7600, 2.70, 3.00, 0.0, 0.0, Not available, 84212, 0.0, 1528.0, , , , , 
2025-07-18, 2.75, 2.7470, 3.00, 2.7600, 2.70, 3.00, 0.0, 0.0, Not available, 82305, 0.0, 1312.0, , , , , 
2025-07-17, 2.75, 2.7508, 3.00, 2.7600, 2.70, 3.00, 0.0, 0.0, Not available, 80688, 0.0, 1617.0, , , , , 
2025-07-16, 2.75, 2.7559, 3.00, 2.7600, 2.70, 3.00, 0.0, 0.0, Not available, 86234, 0.0, 1207.0, , , , , 
2025-07-15, 2.75, 2.7582, 3.00, 2.7600, 2.70, 3.00, 0.0, 0.0, Not available, 71592, 0.0, 1007.0, , , , , 
2025-07-14, 2.75, 2.7441, 3.00, 2.7500, 2.70, 3.00, 0.0, 0.0, Not available, 68560, 0.0, 1089.0, , , , , 
2025-07-11, 2.75, 2.7504, 3.00, 2.7500, 2.70, 3.00, 0.0, 0.0, Not available, 62280, 0.0, 1306.0, , , , , 
2025-07-10, 2.75, 2.7458, 3.00, 2.7500, 2.70, 3.00, 0.0, 0.0, Not available, 69377, 3000.0, 1417.0, , , , , 
2025-07-09, 2.75, 2.7463, 3.00, 2.7500, 2.70, 3.00, 0.0, 0.0, Not available, 77128, 0.0, 1203.0, , , , , 
2025-07-08, 2.75, 2.7465, 3.00, 2.7500, 2.70, 3.00, 0.0, 0.0, Not available, 69919, 0.0, 989.0, , , , , 
2025-07-07, 2.75, 2.7490, 3.00, 2.7500, 2.70, 3.00, 0.0, 0.0, Not available, 72753, 0.0, 1514.0, , , , , 
2025-07-04, 2.75, 2.7397, 3.00, 2.7500, 2.70, 3.00, 0.0, 0.0, Not available, 69160, 0.0, 1522.0, , , , , 
2025-07-03, 2.75, 2.7335, 3.00, 2.7500, 2.70, 3.00, 0.0, 0.0, Not available, 78865, 0.0, 1559.0, , , , , 
2025-07-02, 2.75, 2.7476, 3.00, 2.7500, 2.70, 3.00, 0.0, 0.0, Not available, 90158, 0.0, 2315.0, , , , , 
2025-07-01, 2.75, Bank holiday, Bank holiday, Bank holiday, Bank holiday, Bank holiday, Bank holiday, Bank holiday, Bank holiday, Bank holiday, Bank holiday, Bank holiday, , , , , 
2025-06-30, 2.75, 2.7471, 3.00, 2.7500, 2.70, 3.00, 0.0, 0.0, Not available, 80660, 0.0, 2214.0, , , , , 
2025-06-27, 2.75, 2.7412, 3.00, 2.7500, 2.70, 3.00, 0.0, 0.0, Not available, 85304, 0.0, 1931.0, , , , , 
2025-06-26, 2.75, 2.7437, 3.00, 2.7500, 2.70, 3.00, 0.0, 0.0, Not available, 83820, 2980.0, 2009.0, , , , , 
2025-06-25, 2.75, 2.7407, 3.00, 2.7500, 2.70, 3.00, 0.0, 0.0, Not available, 89381, 0.0, 2066.0, , , , , 
2025-06-24, 2.75, 2.7467, 3.00, 2.7500, 2.70, 3.00, 0.0, 0.0, Not available, 93939, 0.0, 1810.0, , , , , 
2025-06-23, 2.75, 2.7447, 3.00, 2.7500, 2.70, 3.00, 0.0, 0.0, Not available, 90654, 0.0, 1822.0, , , , , 
2025-06-20, 2.75, 2.7456, 3.00, 2.7500, 2.70, 3.00, 0.0, 0.0, Not available, 90300, 0.0, 1903.0, , , , , 
2025-06-19, 2.75, 2.7397, 3.00, 2.7500, 2.70, 3.00, 0.0, 0.0, Not available, 79234, 0.0, 1848.0, , , , , 
2025-06-18, 2.75, 2.7443, 3.00, 2.7500, 2.70, 3.00, 0.0, 0.0, Not available, 84835, 0.0, 1729.0, , , , , 
2025-06-17, 2.75, 2.7440, 3.00, 2.7500, 2.70, 3.00, 0.0, 0.0, Not available, 82377, 0.0, 2114.0, , , , , 
2025-06-16, 2.75, 2.7440, 3.00, 2.7500, 2.70, 3.00, 0.0, 0.0, Not available, 87509, 0.0, 1661.0, , , , , 
2025-06-13, 2.75, 2.7425, 3.00, 2.7500, 2.70, 3.00, 0.0, 0.0, Not available, 80970, 0.0, 1616.0, , , , , 
2025-06-12, 2.75, 2.7412, 3.00, 2.7500, 2.70, 3.00, 0.0, 0.0, Not available, 76839, 3390.0, 1666.0, , , , , 
2025-06-11, 2.75, 2.7380, 3.00, 2.7500, 2.70, 3.00, 0.0, 0.0, Not available, 89803, 0.0, 1480.0, , , , , 
2025-06-10, 2.75, 2.7411, 3.00, 2.7500, 2.70, 3.00, 0.0, 0.0, Not available, 88845, 0.0, 1674.0, , , , , 
2025-06-09, 2.75, 2.7408, 3.00, 2.7500, 2.70, 3.00, 0.0, 0.0, Not available, 88824, 0.0, 1401.0, , , , , 
2025-06-06, 2.75, 2.7417, 3.00, 2.7500, 2.70, 3.00, 0.0, 0.0, Not available, 86939, 0.0, 3037.0, , , , , 
2025-06-05, 2.75, 2.7466, 3.00, 2.7600, 2.70, 3.00, 0.0, 0.0, Not available, 91571, 0.0, 2527.0, , , , , 
2025-06-04, 2.75, 2.7471, 3.00, 2.7600, 2.70, 3.00, 0.0, 0.0, Not available, 91161, 0.0, 2155.0, , , , , 
2025-06-03, 2.75, 2.7500, 3.00, 2.7600, 2.70, 3.00, 0.0, 0.0, Not available, 95430, 0.0, 1860.0, , , , , 
2025-06-02, 2.75, 2.7589, 3.00, 2.7800, 2.70, 3.00, 0.0, 0.0, Not available, 95107, 0.0, 1248.0, , , , , 
2025-05-30, 2.75, 2.7501, 3.00, 2.7600, 2.70, 3.00, 0.0, 0.0, Not available, 82379, 0.0, 1235.0, , , , , 
2025-05-29, 2.75, 2.7442, 3.00, 2.7500, 2.70, 3.00, 0.0, 0.0, Not available, 83275, 2650.0, 1076.0, , , , , 
2025-05-28, 2.75, 2.7438, 3.00, 2.7500, 2.70, 3.00, 0.0, 0.0, Not available, 87318, 0.0, 1195.0, , , , , 
2025-05-27, 2.75, 2.7403, 3.00, 2.7500, 2.70, 3.00, 0.0, 0.0, Not available, 87931, 0.0, 720.0, , , , , 
2025-05-26, 2.75, 2.7346, 3.00, 2.7500, 2.70, 3.00, 0.0, 0.0, Not available, 89146, 0.0, 900.0, , , , , 
2025-05-23, 2.75, 2.7447, 3.00, 2.7600, 2.70, 3.00, 0.0, 0.0, Not available, 88087, 0.0, 1195.0, , , , , 
2025-05-22, 2.75, 2.7509, 3.00, 2.7600, 2.70, 3.00, 0.0, 0.0, Not available, 96575, 0.0, 1203.0, , , , , 
2025-05-21, 2.75, 2.7717, 3.00, 2.7700, 2.70, 3.00, 0.0, 0.0, Not available, 71048, 0.0, 1135.0, , , , , 
2025-05-20, 2.75, 2.7428, 3.00, 2.7500, 2.70, 3.00, 0.0, 0.0, Not available, 90997, 0.0, 1089.0, , , , , 
2025-05-19, 2.75, Bank holiday, Bank holiday, Bank holiday, Bank holiday, Bank holiday, Bank holiday, Bank holiday, Bank holiday, Bank holiday, Bank holiday, Bank holiday, , , , , 
2025-05-16, 2.75, 2.7602, 3.00, 2.7600, 2.70, 3.00, 0.0, 0.0, Not available, 84872, 0.0, 1299.0, , , , , 
2025-05-15, 2.75, 2.7357, 3.00, 2.7400, 2.70, 3.00, 0.0, 0.0, Not available, 79548, 2800.0, 961.0, , , , , 
2025-05-14, 2.75, 2.7323, 3.00, 2.7400, 2.70, 3.00, 0.0, 0.0, Not available, 86540, 0.0, 874.0, , , , , 
2025-05-13, 2.75, 2.7352, 3.00, 2.7500, 2.70, 3.00, 0.0, 0.0, Not available, 88331, 0.0, 829.0, , , , , 
2025-05-12, 2.75, 2.7357, 3.00, 2.7500, 2.70, 3.00, 0.0, 0.0, Not available, 86474, 0.0, 854.0, , , , , 
2025-05-09, 2.75, 2.7408, 3.00, 2.7500, 2.70, 3.00, 0.0, 0.0, Not available, 87420, 0.0, 844.0, , , , , 
2025-05-08, 2.75, 2.7388, 3.00, 2.7500, 2.70, 3.00, 0.0, 0.0, Not available, 89815, 0.0, 900.0, , , , , 
2025-05-07, 2.75, 2.7406, 3.00, 2.7500, 2.70, 3.00, 0.0, 0.0, Not available, 81168, 0.0, 885.0, , , , , 
2025-05-06, 2.75, 2.7394, 3.00, 2.7500, 2.70, 3.00, 0.0, 0.0, Not available, 82086, 0.0, 1168.0, , , , , 
2025-05-05, 2.75, 2.7397, 3.00, 2.7500, 2.70, 3.00, 0.0, 0.0, Not available, 83948, 0.0, 926.0, , , , , 
2025-05-02, 2.75, 2.7331, 3.00, 2.7500, 2.70, 3.00, 0.0, 0.0, Not available, 84833, 0.0, 1287.0, , , , , 
2025-05-01, 2.75, 2.7348, 3.00, 2.7500, 2.70, 3.00, 0.0, 0.0, Not available, 98454, 1850.0, 981.0, , , , , 
2025-04-30, 2.75, 2.7469, 3.00, 2.7700, 2.70, 3.00, 0.0, 0.0, Not available, 94150, 0.0, 783.0, , , , , 
2025-04-29, 2.75, 2.7384, 3.00, 2.7500, 2.70, 3.00, 0.0, 0.0, Not available, 99460, 0.0, 1030.0, , , , , 
2025-04-28, 2.75, 2.7367, 3.00, 2.7500, 2.70, 3.00, 0.0, 0.0, Not available, 98909, 0.0, 788.0, , , , , 
2025-04-25, 2.75, 2.7378, 3.00, 2.7500, 2.70, 3.00, 0.0, 0.0, Not available, 93910, 0.0, 1068.0, , , , , 
2025-04-24, 2.75, 2.7283, 3.00, 2.7500, 2.70, 3.00, 0.0, 0.0, Not available, 100150, 0.0, 1259.0, , , , , 
2025-04-23, 2.75, 2.7498, 3.00, 2.7600, 2.70, 3.00, 0.0, 0.0, Not available, 79554, 0.0, 1428.0, , , , , 
2025-04-22, 2.75, 2.7414, 3.00, 2.7500, 2.70, 3.00, 0.0, 0.0, Not available, 100564, 0.0, 1407.0, , , , , 
2025-04-21, 2.75, 2.7139, 3.00, 2.7500, 2.70, 3.00, 0.0, 0.0, Not available, 98761, 0.0, 1523.0, , , , , 
2025-04-18, 2.75, Bank holiday, Bank holiday, Bank holiday, Bank holiday, Bank holiday, Bank holiday, Bank holiday, Bank holiday, Bank holiday, Bank holiday, Bank holiday, , , , , 
2025-04-17, 2.75, 2.7380, 3.00, 2.7600, 2.70, 3.00, 0.0, 0.0, Not available, 101120, 2525.0, 1067.0, , , , , 
2025-04-16, 2.75, 2.7261, 3.00, 2.7600, 2.70, 3.00, 0.0, 0.0, Not available, 97245, 0.0, 951.0, , , , , 
2025-04-15, 2.75, 2.7422, 3.00, 2.7600, 2.70, 3.00, 0.0, 0.0, Not available, 97523, 0.0, 1466.0, , , , , 
2025-04-14, 2.75, 2.7336, 3.00, 2.7500, 2.70, 3.00, 0.0, 0.0, Not available, 99267, 0.0, 1197.0, , , , , 
2025-04-11, 2.75, 2.7372, 3.00, 2.7700, 2.70, 3.00, 0.0, 0.0, Not available, 97997, 0.0, 1472.0, , , , , 
2025-04-10, 2.75, 2.7454, 3.00, 2.7600, 2.70, 3.00, 0.0, 0.0, Not available, 102424, 0.0, 1514.0, , , , , 
2025-04-09, 2.75, 2.7450, 3.00, 2.7500, 2.70, 3.00, 0.0, 0.0, Not available, 102176, 0.0, 1057.0, , , , , 
2025-04-08, 2.75, 2.7360, 3.00, 2.7500, 2.70, 3.00, 0.0, 0.0, Not available, 102056, 0.0, 803.0, , , , , 
2025-04-07, 2.75, 2.7287, 3.00, 2.7600, 2.70, 3.00, 0.0, 0.0, Not available, 100543, 0.0, 790.0, , , , , 
2025-04-04, 2.75, 2.7446, 3.00, 2.7700, 2.70, 3.00, 0.0, 0.0, Not available, 99727, 0.0, 706.0, , , , , 
2025-04-03, 2.75, 2.7437, 3.00, 2.7700, 2.70, 3.00, 0.0, 0.0, Not available, 100429, 1600.0, 740.0, , , , , 
2025-04-02, 2.75, 2.7592, 3.00, 2.7800, 2.70, 3.00, 0.0, 0.0, Not available, 101557, 0.0, 734.0, , , , , 
2025-04-01, 2.75, 2.7495, 3.00, 2.7700, 2.70, 3.00, 0.0, 0.0, Not available, 99766, 0.0, 847.0, , , , , 
2025-03-31, 2.75, 2.7369, 3.00, 2.7700, 2.70, 3.00, 0.0, 0.0, Not available, 103560, 0.0, 1229.0, , , , , 
2025-03-28, 2.75, 2.7486, 3.00, 2.7700, 2.70, 3.00, 0.0, 0.0, Not available, 100210, 0.0, 1094.0, , , , , 
2025-03-27, 2.75, 2.7463, 3.00, 2.7700, 2.70, 3.00, 0.0, 0.0, Not available, 104115, 0.0, 823.0, , , , , 
2025-03-26, 2.75, 2.7514, 3.00, 2.7600, 2.70, 3.00, 0.0, 0.0, Not available, 68919, 0.0, 753.0, , , , , 
2025-03-25, 2.75, 2.7326, 3.00, 2.7500, 2.70, 3.00, 0.0, 0.0, Not available, 87868, 0.0, 822.0, , , , , 
2025-03-24, 2.75, 2.7312, 3.00, 2.7500, 2.70, 3.00, 0.0, 0.0, Not available, 89666, 0.0, 848.0, , , , , 
2025-03-21, 2.75, 2.7362, 3.00, 2.7500, 2.70, 3.00, 0.0, 0.0, Not available, 96450, 0.0, 846.0, , , , , 
2025-03-20, 2.75, 2.7459, 3.00, 2.7600, 2.70, 3.00, 0.0, 0.0, Not available, 94858, 2300.0, 944.0, , , , , 
2025-03-19, 2.75, 2.7455, 3.00, 2.7600, 2.70, 3.00, 0.0, 0.0, Not available, 89354, 0.0, 958.0, , , , , 
2025-03-18, 2.75, 2.7571, 3.00, 2.7700, 2.70, 3.00, 0.0, 0.0, Not available, 94738, 0.0, 1058.0, , , , , 
2025-03-17, 2.75, 2.7557, 3.00, 2.7800, 2.70, 3.00, 0.0, 0.0, Not available, 99551, 0.0, 1099.0, , , , , 
2025-03-14, 2.75, 2.7492, 3.00, 2.7700, 2.70, 3.00, 0.0, 0.0, Not available, 96386, 0.0, 1295.0, , , , , 
2025-03-13, 2.75, 2.7516, 3.00, 2.7800, 2.70, 3.00, 0.0, 0.0, Not available, 101352, 0.0, 1590.0, , , , , 
2025-03-12, 3.00, 2.9991, 3.25, 3.0500, 2.95, 3.25, 6610.0, 0.0, Not available, 108405, 0.0, 1286.0, , , , , 
2025-03-11, 3.00, 2.9858, 3.25, 3.0100, 2.95, 3.25, 0.0, 0.0, Not available, 99164, 0.0, 2094.0, , , , , 
2025-03-10, 3.00, 2.9907, 3.25, 3.0100, 2.95, 3.25, 0.0, 0.0, Not available, 98744, 0.0, 2142.0, , , , , 
2025-03-07, 3.00, 2.9876, 3.25, 3.0000, 2.95, 3.25, 0.0, 0.0, Not available, 94640, 0.0, 1973.0, , , , , 
2025-03-06, 3.00, 2.9956, 3.25, 3.0200, 2.95, 3.25, 0.0, 0.0, Not available, 100029, 1710.0, 1884.0, , , , , 
2025-03-05, 3.00, 3.0010, 3.25, 3.0200, 2.95, 3.25, 0.0, 0.0, Not available, 97564, 0.0, 2262.0, , , , , 
2025-03-04, 3.00, 3.0036, 3.25, 3.0300, 2.95, 3.25, 0.0, 0.0, Not available, 98605, 0.0, 2189.0, , , , , 
2025-03-03, 3.00, 3.0030, 3.25, 3.0100, 2.95, 3.25, 0.0, 0.0, Not available, 98705, 0.0, 1954.0, , , , , 
2025-02-28, 3.00, 2.9900, 3.25, 3.0000, 2.95, 3.25, 0.0, 0.0, Not available, 103143, 0.0, 2557.0, , , , , 
2025-02-27, 3.00, 2.9799, 3.25, 2.9900, 2.95, 3.25, 0.0, 0.0, Not available, 111934, 0.0, 2311.0, , , , , 
2025-02-26, 3.00, 2.9978, 3.25, 2.9900, 2.95, 3.25, 0.0, 0.0, Not available, 87143, 0.0, 2050.0, , , , , 
2025-02-25, 3.00, 2.9809, 3.25, 2.9900, 2.95, 3.25, 0.0, 0.0, Not available, 104487, 0.0, 1763.0, , , , , 
2025-02-24, 3.00, 2.9783, 3.25, 2.9900, 2.95, 3.25, 0.0, 0.0, Not available, 106061, 0.0, 2233.0, , , , , 
2025-02-21, 3.00, 2.9812, 3.25, 2.9900, 2.95, 3.25, 0.0, 0.0, Not available, 109276, 0.0, 2351.0, , , , , 
2025-02-20, 3.00, 2.9802, 3.25, 3.0000, 2.95, 3.25, 0.0, 0.0, Not available, 108651, 0.0, 2267.0, , , , , 
2025-02-19, 3.00, 2.9907, 3.25, 3.0000, 2.95, 3.25, 0.0, 0.0, Not available, 110109, 0.0, 2603.0, , , , , 
2025-02-18, 3.00, 2.9940, 3.25, 3.0100, 2.95, 3.25, 0.0, 0.0, Not available, 107609, 0.0, 1890.0, , , , , 
2025-02-17, 3.00, Bank holiday, Bank holiday, Bank holiday, Bank holiday, Bank holiday, Bank holiday, Bank holiday, Bank holiday, 109972, Bank holiday, Bank holiday, , , , , 
2025-02-14, 3.00, 2.9972, 3.25, 3.0100, 2.95, 3.25, 0.0, 0.0, Not available, 104805, 0.0, 2734.0, , , , , 
2025-02-13, 3.00, 2.9992, 3.25, 3.0100, 2.95, 3.25, 0.0, 0.0, Not available, 113242, 0.0, 3230.0, , , , , 
2025-02-12, 3.00, 2.9966, 3.25, 3.0100, 2.95, 3.25, 0.0, 0.0, Not available, 111724, 0.0, 3045.0, , , , , 
2025-02-11, 3.00, 3.0003, 3.25, 3.0200, 2.95, 3.25, 0.0, 0.0, Not available, 104816, 0.0, 2988.0, , , , , 
2025-02-10, 3.00, 2.9950, 3.25, 3.0200, 2.95, 3.25, 0.0, 0.0, Not available, 103710, 0.0, 3524.0, , , , , 
2025-02-07, 3.00, 2.9866, 3.25, 3.0200, 2.95, 3.25, 0.0, 0.0, Not available, 102458, 0.0, 3822.0, , , , , 
2025-02-06, 3.00, 3.0036, 3.25, 3.0200, 2.95, 3.25, 0.0, 0.0, Not available, 103759, 0.0, 4277.0, , , , , 
2025-02-05, 3.00, 3.0112, 3.25, 3.0300, 2.95, 3.25, 0.0, 0.0, Not available, 105867, 0.0, 3877.0, , , , , 
2025-02-04, 3.00, 3.0071, 3.25, 3.0300, 2.95, 3.25, 0.0, 0.0, Not available, 111926, 0.0, 4228.0, , , , , 
2025-02-03, 3.00, 3.0051, 3.25, 3.0300, 2.95, 3.25, 12000.0, 0.0, Not available, 123965, 0.0, 4411.0, , , , , 
2025-01-31, 3.00, 3.0080, 3.25, 3.0500, 2.95, 3.25, 21764.0, 0.0, Not available, 131087, 0.0, 4496.0, , , , , 
2025-01-30, 3.00, 3.0188, 3.25, 3.0300, 2.95, 3.25, 24000.0, 0.0, Not available, 128608, 0.0, 4242.0, , , , , 
2025-01-29, 3.25, 3.2724, 3.50, 3.3000, 3.25, 3.50, 29065.0, 0.0, Not available, 102690, 0.0, 4498.0, , , , , 
2025-01-28, 3.25, 3.2685, 3.50, 3.2900, 3.25, 3.50, 21122.0, 0.0, Not available, 113542, 0.0, 3921.0, , , , , 
2025-01-27, 3.25, 3.2630, 3.50, 3.2900, 3.25, 3.50, 24000.0, 0.0, Not available, 118240, 0.0, 3994.0, , , , , 
2025-01-24, 3.25, 3.2758, 3.50, 3.2900, 3.25, 3.50, 22616.0, 0.0, Not available, 115273, 0.0, 3754.0, , , , , 
2025-01-23, 3.25, 3.2747, 3.50, 3.2900, 3.25, 3.50, 16519.0, 0.0, Not available, 117268, 0.0, 4277.0, , , , , 
2025-01-22, 3.25, 3.2662, 3.50, 3.2900, 3.25, 3.50, 22278.0, 0.0, Not available, 121019, 0.0, 4128.0, , , , , 
2025-01-21, 3.25, 3.2530, 3.50, 3.2900, 3.25, 3.50, 24000.0, 0.0, Not available, 129456, 0.0, 3979.0, , , , , 
2025-01-20, 3.25, 3.2553, 3.50, 3.3000, 3.25, 3.50, 24000.0, 0.0, Not available, 129879, 0.0, 3821.0, , , , , 
2025-01-17, 3.25, 3.2639, 3.50, 3.3000, 3.25, 3.50, 28000.0, 0.0, Not available, 127093, 0.0, 4418.0, , , , , 
2025-01-16, 3.25, 3.2692, 3.50, 3.3000, 3.25, 3.50, 30250.0, 0.0, Not available, 129801, 0.0, 4133.0, , , , , 
2025-01-15, 3.25, 3.2792, 3.50, 3.3000, 3.25, 3.50, 29327.0, 0.0, Not available, 130782, 0.0, 3592.0, , , , , 
2025-01-14, 3.25, 3.2577, 3.50, 3.2900, 3.25, 3.50, 14730.0, 0.0, Not available, 111791, 0.0, 3018.0, , , , , 
2025-01-13, 3.25, 3.2607, 3.50, 3.2900, 3.25, 3.50, 24000.0, 0.0, Not available, 121993, 0.0, 2897.0, , , , , 
2025-01-10, 3.25, 3.2757, 3.50, 3.2900, 3.25, 3.50, 24000.0, 0.0, Not available, 123014, 0.0, 2778.0, , , , , 
2025-01-09, 3.25, 3.2644, 3.50, 3.2800, 3.25, 3.50, 14000.0, 0.0, Not available, 114681, 0.0, 3116.0, , , , , 
2025-01-08, 3.25, 3.2706, 3.50, 3.2800, 3.25, 3.50, 14036.0, 0.0, Not available, 115373, 0.0, 2333.0, , , , , 
2025-01-07, 3.25, 3.2791, 3.50, 3.2900, 3.25, 3.50, 20703.0, 0.0, Not available, 124646, 0.0, 1656.0, , , , , 
2025-01-06, 3.25, 3.2727, 3.50, 3.2900, 3.25, 3.50, 24000.0, 0.0, Not available, 125229, 0.0, 1921.0, , , , , 
2025-01-03, 3.25, 3.2585, 3.50, 3.2900, 3.25, 3.50, 24000.0, 0.0, Not available, 133839, 0.0, 2114.0, , , , , 
2025-01-02, 3.25, 3.2724, 3.50, 3.3000, 3.25, 3.50, 24000.0, 0.0, Not available, 131843, 0.0, 2626.0, , , , , 
2025-01-01, 3.25, Bank holiday, Bank holiday, Bank holiday, Bank holiday, Bank holiday, Bank holiday, Bank holiday, Bank holiday, , Bank holiday, Bank holiday, , , , , 
2024-12-31, 3.25, 3.2987, 3.50, 3.3200, 3.25, 3.50, 19456.0, 0.0, Not available, 124419, 0.0, 2727.0, , , , , 
2024-12-30, 3.25, 3.2725, 3.50, 3.3100, 3.25, 3.50, 24000.0, 0.0, Not available, 130028, 0.0, 2673.0, , , , , 
2024-12-27, 3.25, 3.2675, 3.50, 3.3100, 3.25, 3.50, 24000.0, 0.0, Not available, 129414, 0.0, 3361.0, , , , , 
2024-12-26, 3.25, Bank holiday, Bank holiday, Bank holiday, Bank holiday, Bank holiday, Bank holiday, Bank holiday, Bank holiday, , Bank holiday, Bank holiday, , , , , 
2024-12-25, 3.25, Bank holiday, Bank holiday, Bank holiday, Bank holiday, Bank holiday, Bank holiday, Bank holiday, Bank holiday, Not available, Bank holiday, Bank holiday, , , , , 
2024-12-24, 3.25, 3.2621, 3.50, 3.2900, 3.25, 3.50, 23060.0, 0.0, Not available, 131380, 0.0, 3540.0, , , , , 
2024-12-23, 3.25, 3.2633, 3.50, 3.3200, 3.25, 3.50, 24000.0, 0.0, Not available, 134305, 0.0, 3460.0, , , , , 
2024-12-20, 3.25, 3.2864, 3.50, 3.3300, 3.25, 3.50, 26000.0, 0.0, Not available, 135362, 0.0, 3355.0, , , , , 
2024-12-19, 3.25, 3.2915, 3.50, 3.3300, 3.25, 3.50, 25900.0, 0.0, Not available, 135512, 0.0, 3731.0, , , , , 
2024-12-18, 3.25, 3.2935, 3.50, 3.3300, 3.25, 3.50, 24000.0, 0.0, Not available, 133653, 0.0, 2949.0, , , , , 
2024-12-17, 3.25, 3.2764, 3.50, 3.3000, 3.25, 3.50, 15504.0, 0.0, Not available, 125333, 0.0, 2692.0, , , , , 
2024-12-16, 3.25, 3.2700, 3.50, 3.3000, 3.25, 3.50, 14000.0, 0.0, Not available, 118045, 0.0, 3429.0, , , , , 
2024-12-13, 3.25, 3.2642, 3.50, 3.2900, 3.25, 3.50, 14000.0, 0.0, Not available, 107749, 0.0, 3590.0, , , , , 
2024-12-12, 3.25, 3.2649, 3.50, 3.2900, 3.25, 3.50, 14000.0, 0.0, Not available, 108762, 0.0, 3968.0, , , , , 
2024-12-11, 3.75, 3.7550, 4.00, 3.7800, 3.75, 4.00, 13023.0, 0.0, Not available, 103789, 0.0, 3268.0, , , , , 
2024-12-10, 3.75, 3.7570, 4.00, 3.7900, 3.75, 4.00, 12379.0, 0.0, Not available, 107049, 0.0, 2774.0, , , , , 
2024-12-09, 3.75, 3.7494, 4.00, 3.7900, 3.75, 4.00, 14000.0, 0.0, Not available, 112696, 0.0, 3044.0, , , , , 
2024-12-06, 3.75, 3.7665, 4.00, 3.7900, 3.75, 4.00, 14000.0, 0.0, Not available, 112850, 0.0, 2698.0, , , , , 
2024-12-05, 3.75, 3.7581, 4.00, 3.7800, 3.75, 4.00, 14000.0, 0.0, Not available, 115440, 0.0, 3374.0, , , , , 
2024-12-04, 3.75, 3.7654, 4.00, 3.7900, 3.75, 4.00, 16000.0, 0.0, Not available, 99003, 0.0, 2702.0, , , , , 
2024-12-03, 3.75, 3.7482, 4.00, 3.7800, 3.75, 4.00, 14000.0, 0.0, Not available, 123611, 0.0, 2741.0, , , , , 
2024-12-02, 3.75, 3.7598, 4.00, 3.7800, 3.75, 4.00, 12000.0, 0.0, Not available, 124878, 0.0, 2164.0, , , , , 
2024-11-29, 3.75, 3.7512, 4.00, 3.7800, 3.75, 4.00, 12000.0, 0.0, Not available, 124355, 0.0, 1955.0, , , , , 
2024-11-28, 3.75, 3.7517, 4.00, 3.7800, 3.75, 4.00, 11442.0, 0.0, Not available, 122893, 0.0, 1601.0, , , , , 
2024-11-27, 3.75, 3.7504, 4.00, 3.7800, 3.75, 4.00, 12000.0, 0.0, Not available, 122777, 0.0, 2200.0, , , , , 
2024-11-26, 3.75, 3.7545, 4.00, 3.7800, 3.75, 4.00, 12000.0, 0.0, Not available, 118997, 0.0, 1718.0, , , , , 
2024-11-25, 3.75, 3.7670, 4.00, 3.7800, 3.75, 4.00, 13088.0, 0.0, Not available, 122002, 0.0, 2064.0, , , , , 
2024-11-22, 3.75, 3.7600, 4.00, 3.7800, 3.75, 4.00, 14000.0, 0.0, Not available, 121179, 0.0, 2061.0, , , , , 
2024-11-21, 3.75, 3.7555, 4.00, 3.7900, 3.75, 4.00, 14000.0, 0.0, Not available, 128215, 0.0, 3041.0, , , , , 
2024-11-20, 3.75, 3.7687, 4.00, 3.7900, 3.75, 4.00, 15354.0, 0.0, Not available, 105699, 0.0, 1714.0, , , , , 
2024-11-19, 3.75, 3.7580, 4.00, 3.7800, 3.75, 4.00, 13315.0, 0.0, Not available, 120714, 0.0, 1330.0, , , , , 
2024-11-18, 3.75, 3.7630, 4.00, 3.7900, 3.75, 4.00, 14348.0, 0.0, Not available, 122939, 0.0, 1840.0, , , , , 
2024-11-15, 3.75, 3.7608, 4.00, 3.7900, 3.75, 4.00, 15986.0, 0.0, Not available, 121887, 0.0, 2114.0, , , , , 
2024-11-14, 3.75, 3.7673, 4.00, 3.7900, 3.75, 4.00, 14470.0, 0.0, Not available, 124260, 0.0, 2588.0, , , , , 
2024-11-13, 3.75, 3.7620, 4.00, 3.8000, 3.75, 4.00, 16000.0, 0.0, Not available, 125581, 0.0, 2124.0, , , , , 
2024-11-12, 3.75, 3.7715, 4.00, 3.8000, 3.75, 4.00, 15625.0, 0.0, Not available, 123129, 0.0, 2285.0, , , , , 
2024-11-11, 3.75, Bank holiday, Bank holiday, Bank holiday, Bank holiday, Bank holiday, Bank holiday, Bank holiday, Bank holiday, , Bank holiday, Bank holiday, , , , , 
2024-11-08, 3.75, 3.7768, 4.00, 3.8000, 3.75, 4.00, 19385.0, 0.0, Not available, 124884, 0.0, 2531.0, , , , , 
2024-11-07, 3.75, 3.7708, 4.00, 3.8000, 3.75, 4.00, 18871.0, 0.0, Not available, 131598, 0.0, 2789.0, , , , , 
2024-11-06, 3.75, 3.7766, 4.00, 3.8100, 3.75, 4.00, 20548.0, 0.0, Not available, 106350, 0.0, 3687.0, , , , , 
2024-11-05, 3.75, 3.7721, 4.00, 3.8000, 3.75, 4.00, 24000.0, 0.0, Not available, 127493, 0.0, 3584.0, , , , , 
2024-11-04, 3.75, 3.7747, 4.00, 3.8100, 3.75, 4.00, 24000.0, 0.0, Not available, 133967, 0.0, 3059.0, , , , , 
2024-11-01, 3.75, 3.7850, 4.00, 3.8200, 3.75, 4.00, 21733.0, 0.0, Not available, 135758, 0.0, 2630.0, , , , , 
2024-10-31, 3.75, 3.7950, 4.00, 3.8400, 3.75, 4.00, 20450.0, 0.0, Not available, 134534, 0.0, 3154.0, , , , , 
2024-10-30, 3.75, 3.7809, 4.00, 3.8100, 3.75, 4.00, 21531.0, 0.0, Not available, 133478, 0.0, 3088.0, , , , , 
2024-10-29, 3.75, 3.7824, 4.00, 3.8100, 3.75, 4.00, 17550.0, 0.0, Not available, 123827, 0.0, 2916.0, , , , , 
2024-10-28, 3.75, 3.7779, 4.00, 3.8100, 3.75, 4.00, 17330.0, 0.0, Not available, 120414, 0.0, 2653.0, , , , , 
2024-10-25, 3.75, 3.7710, 4.00, 3.8100, 3.75, 4.00, 18520.0, 0.0, Not available, 124451, 0.0, 3119.0, , , , , 
2024-10-24, 3.75, 3.7878, 4.00, 3.8100, 3.75, 4.00, 15500.0, 0.0, Not available, 124275, 0.0, 3631.0, , , , , 
2024-10-23, 4.25, 4.2702, 4.50, 4.3200, 4.25, 4.50, 14318.0, 0.0, Not available, 97552, 0.0, 3354.0, , , , , 
2024-10-22, 4.25, 4.2678, 4.50, 4.3000, 4.25, 4.50, 11717.0, 0.0, Not available, 121157, 0.0, 2707.0, , , , , 
2024-10-21, 4.25, 4.2706, 4.50, 4.3000, 4.25, 4.50, 12627.0, 0.0, Not available, 123134, 0.0, 2845.0, , , , , 
2024-10-18, 4.25, 4.2742, 4.50, 4.3000, 4.25, 4.50, 14883.0, 0.0, Not available, 124042, 0.0, 3138.0, , , , , 
2024-10-17, 4.25, 4.2645, 4.50, 4.3000, 4.25, 4.50, 13802.0, 0.0, Not available, 119836, 0.0, 2709.0, , , , , 
2024-10-16, 4.25, 4.2748, 4.50, 4.3000, 4.25, 4.50, 16000.0, 0.0, Not available, 127233, 0.0, 2065.0, , , , , 
2024-10-15, 4.25, 4.2844, 4.50, 4.3200, 4.25, 4.50, 21422.0, 0.0, Not available, 129201, 0.0, 2880.0, , , , , 
2024-10-14, 4.25, Bank holiday, Bank holiday, Bank holiday, Bank holiday, Bank holiday, Bank holiday, Bank holiday, Bank holiday, , Bank holiday, Bank holiday, , , , , 
2024-10-11, 4.25, 4.2707, 4.50, 4.3100, 4.25, 4.50, 14339.0, 0.0, Not available, 116571, 0.0, 3229.0, , , , , 
2024-10-10, 4.25, 4.2875, 4.50, 4.3000, 4.25, 4.50, 16000.0, 0.0, Not available, 125959, 0.0, 2640.0, , , , , 
2024-10-09, 4.25, 4.2794, 4.50, 4.3300, 4.25, 4.50, 18500.0, 0.0, Not available, 107735, 0.0, 2635.0, , , , , 
2024-10-08, 4.25, 4.2668, 4.50, 4.3000, 4.25, 4.50, 16000.0, 0.0, Not available, 121929, 0.0, 2461.0, , , , , 
2024-10-07, 4.25, 4.2690, 4.50, 4.3000, 4.25, 4.50, 15160.0, 0.0, Not available, 120879, 0.0, 3049.0, , , , , 
2024-10-04, 4.25, 4.2740, 4.50, 4.3000, 4.25, 4.50, 14657.0, 0.0, Not available, 114518, 0.0, 3386.0, , , , , 
2024-10-03, 4.25, 4.2630, 4.50, 4.3000, 4.25, 4.50, 16000.0, 0.0, Not available, 116118, 0.0, 2982.0, , , , , 
2024-10-02, 4.25, 4.2636, 4.50, 4.3000, 4.25, 4.50, 14333.0, 0.0, Not available, 124092, 0.0, 2789.0, , , , , 
2024-10-01, 4.25, 4.2682, 4.50, 4.2900, 4.25, 4.50, 15770.0, 0.0, Not available, 126164, 0.0, 0.0, , , , , 
2024-09-30, 4.25, Bank holiday, Bank holiday, Bank holiday, Bank holiday, Bank holiday, Bank holiday, Bank holiday, Bank holiday, , Bank holiday, Bank holiday, , , , , 
2024-09-27, 4.25, 4.2688, 4.50, 4.3000, 4.25, 4.50, 16000.0, 0.0, Not available, 123813, 0.0, 0.0, , , , , 
2024-09-26, 4.25, 4.2783, 4.50, 4.3000, 4.25, 4.50, 16000.0, 0.0, Not available, 126756, 0.0, 0.0, , , , , 
2024-09-25, 4.25, 4.2737, 4.50, 4.3000, 4.25, 4.50, 15778.0, 0.0, Not available, 102218, 0.0, 20.0, , , , , 
2024-09-24, 4.25, 4.2669, 4.50, 4.2900, 4.25, 4.50, 16000.0, 0.0, Not available, 121270, 0.0, 0.0, , , , , 
2024-09-23, 4.25, 4.2584, 4.50, 4.2900, 4.25, 4.50, 16000.0, 0.0, Not available, 118866, 0.0, 0.0, , , , , 
2024-09-20, 4.25, 4.2666, 4.50, 4.2900, 4.25, 4.50, 15090.0, 0.0, Not available, 121900, 0.0, 0.0, , , , , 
2024-09-19, 4.25, 4.2649, 4.50, 4.2900, 4.25, 4.50, 15623.0, 0.0, Not available, 121293, 0.0, 0.0, , , , , 
2024-09-18, 4.25, 4.2668, 4.50, 4.2900, 4.25, 4.50, 16000.0, 0.0, Not available, 121839, 0.0, 0.0, , , , , 
2024-09-17, 4.25, 4.2710, 4.50, 4.2900, 4.25, 4.50, 16000.0, 0.0, Not available, 117395, 0.0, 0.0, , , , , 
2024-09-16, 4.25, 4.2720, 4.50, 4.2900, 4.25, 4.50, 15672.0, 0.0, Not available, 118827, 0.0, 0.0, , , , , 
2024-09-13, 4.25, 4.2741, 4.50, 4.2900, 4.25, 4.50, 13925.0, 0.0, Not available, 116912, 0.0, 0.0, , , , , 
2024-09-12, 4.25, 4.2715, 4.50, 4.2900, 4.25, 4.50, 16000.0, 0.0, Not available, 122170, 0.0, 0.0, , , , , 
2024-09-11, 4.25, 4.2759, 4.50, 4.3000, 4.25, 4.50, 21608.0, 0.0, Not available, 107786, 0.0, 0.0, , , , , 
2024-09-10, 4.25, 4.2743, 4.50, 4.2900, 4.25, 4.50, 10015.0, 0.0, Not available, 122882, 0.0, 0.0, , , , , 
2024-09-09, 4.25, 4.2711, 4.50, 4.2900, 4.25, 4.50, 16000.0, 0.0, Not available, 127689, 0.0, 0.0, , , , , 
2024-09-06, 4.25, 4.2670, 4.50, 4.2900, 4.25, 4.50, 16000.0, 0.0, Not available, 125113, 0.0, 0.0, , , , , 
2024-09-05, 4.25, 4.2700, 4.50, 4.2900, 4.25, 4.50, 16000.0, 0.0, Not available, 123707, 0.0, 0.0, , , , , 
2024-09-04, 4.50, 4.5103, 4.75, 4.5400, 4.50, 4.75, 16000.0, 0.0, Not available, 126623, 0.0, 0.0, , , , , 
2024-09-03, 4.50, 4.5208, 4.75, 4.5400, 4.50, 4.75, 16000.0, 0.0, Not available, 128104, 0.0, 0.0, , , , , 
2024-09-02, 4.50, Bank holiday, Bank holiday, Bank holiday, Bank holiday, Bank holiday, Bank holiday, Bank holiday, Bank holiday, , Bank holiday, Bank holiday, , , , , 
2024-08-30, 4.50, 4.5242, 4.75, 4.5300, 4.50, 4.75, 16000.0, 0.0, Not available, 123966, 0.0, 0.0, , , , , 
2024-08-29, 4.50, 4.5185, 4.75, 4.5300, 4.50, 4.75, 14644.0, 0.0, Not available, 123234, 0.0, 0.0, , , , , 
2024-08-28, 4.50, 4.5154, 4.75, 4.5300, 4.50, 4.75, 16000.0, 0.0, Not available, 101987, 0.0, 0.0, , , , , 
2024-08-27, 4.50, 4.5189, 4.75, 4.5300, 4.50, 4.75, 10770.0, 0.0, Not available, 118339, 0.0, 0.0, , , , , 
2024-08-26, 4.50, 4.5140, 4.75, 4.5300, 4.50, 4.75, 8000.0, 0.0, Not available, 116225, 0.0, 0.0, , , , , 
2024-08-23, 4.50, 4.5165, 4.75, 4.5300, 4.50, 4.75, 8000.0, 0.0, Not available, 116390, 0.0, 0.0, , , , , 
2024-08-22, 4.50, 4.5063, 4.75, 4.5200, 4.50, 4.75, 13735.0, 0.0, Not available, 122858, 0.0, 0.0, , , , , 
2024-08-21, 4.50, 4.5096, 4.75, 4.5200, 4.50, 4.75, 11489.0, 0.0, Not available, 122953, 0.0, 0.0, , , , , 
2024-08-20, 4.50, 4.5140, 4.75, 4.5300, 4.50, 4.75, 13950.0, 0.0, Not available, 123758, 0.0, 0.0, , , , , 
2024-08-19, 4.50, 4.5119, 4.75, 4.5300, 4.50, 4.75, 14999.0, 0.0, Not available, 120398, 0.0, 0.0, , , , , 
2024-08-16, 4.50, 4.5146, 4.75, 4.5300, 4.50, 4.75, 16000.0, 0.0, Not available, 124079, 0.0, 0.0, , , , , 
2024-08-15, 4.50, 4.5133, 4.75, 4.5300, 4.50, 4.75, 16000.0, 0.0, Not available, 124540, 0.0, 0.0, , , , , 
2024-08-14, 4.50, 4.5117, 4.75, 4.5300, 4.50, 4.75, 16000.0, 0.0, Not available, 96549, 0.0, 0.0, , , , , 
2024-08-13, 4.50, 4.5147, 4.75, 4.5300, 4.50, 4.75, 16000.0, 0.0, Not available, 120212, 0.0, 0.0, , , , , 
2024-08-12, 4.50, 4.5127, 4.75, 4.5300, 4.50, 4.75, 16000.0, 0.0, Not available, 122978, 0.0, 0.0, , , , , 
2024-08-09, 4.50, 4.5104, 4.75, 4.5500, 4.50, 4.75, 16000.0, 0.0, Not available, 125400, 0.0, 0.0, , , , , 
2024-08-08, 4.50, 4.5106, 4.75, 4.5600, 4.50, 4.75, 14540.0, 0.0, Not available, 114361, 0.0, 0.0, , , , , 
2024-08-07, 4.50, 4.5155, 4.75, 4.5300, 4.50, 4.75, 16000.0, 0.0, Not available, 121764, 0.0, 0.0, , , , , 
2024-08-06, 4.50, 4.5116, 4.75, 4.5300, 4.50, 4.75, 16000.0, 0.0, Not available, 121789, 0.0, 0.0, , , , , 
2024-08-05, 4.50, Bank holiday, Bank holiday, Bank holiday, Bank holiday, Bank holiday, Bank holiday, Bank holiday, Bank holiday, 129208, Bank holiday, Bank holiday, , , , , 
2024-08-02, 4.50, 4.5123, 4.75, 4.5300, 4.50, 4.75, 16000.0, 0.0, Not available, 128905, 0.0, 0.0, , , , , 
2024-08-01, 4.50, 4.5071, 4.75, 4.5300, 4.50, 4.75, 16000.0, 0.0, Not available, 138467, 0.0, 0.0, , , , , 
2024-07-31, 4.50, 4.5106, 4.75, 4.5300, 4.50, 4.75, 16000.0, 0.0, Not available, 105604, 0.0, 0.0, , , , , 
2024-07-30, 4.50, 4.5023, 4.75, 4.5200, 4.50, 4.75, 13885.0, 0.0, Not available, 131967, 0.0, 0.0, , , , , 
2024-07-29, 4.50, 4.5090, 4.75, 4.5200, 4.50, 4.75, 11980.0, 0.0, Not available, 129994, 0.0, 0.0, , , , , 
2024-07-26, 4.50, 4.5083, 4.75, 4.5200, 4.50, 4.75, 16000.0, 0.0, Not available, 132609, 0.0, 0.0, , , , , 
2024-07-25, 4.50, 4.5089, 4.75, 4.5300, 4.50, 4.75, 16000.0, 0.0, Not available, 133088, 0.0, 0.0, , , , , 
2024-07-24, 4.75, 4.7577, 5.00, 4.7800, 4.75, 5.00, 16000.0, 0.0, Not available, 132454, 0.0, 0.0, , , , , 
2024-07-23, 4.75, 4.7552, 5.00, 4.7800, 4.75, 5.00, 16000.0, 0.0, Not available, 130316, 0.0, 0.0, , , , , 
2024-07-22, 4.75, 4.7635, 5.00, 4.7900, 4.75, 5.00, 13350.0, 0.0, Not available, 132981, 0.0, 0.0, , , , , 
2024-07-19, 4.75, 4.7656, 5.00, 4.8000, 4.75, 5.00, 12650.0, 0.0, Not available, 135994, 0.0, 0.0, , , , , 
2024-07-18, 4.75, 4.7746, 5.00, 4.8000, 4.75, 5.00, 9650.0, 0.0, Not available, 130812, 0.0, 0.0, , , , , 
2024-07-17, 4.75, 4.7654, 5.00, 4.8000, 4.75, 5.00, 9240.0, 0.0, Not available, 105241, 0.0, 0.0, , , , , 
2024-07-16, 4.75, 4.7736, 5.00, 4.8000, 4.75, 5.00, 0.0, 0.0, Not available, 116087, 0.0, 0.0, , , , , 
2024-07-15, 4.75, 4.7802, 5.00, 4.8000, 4.75, 5.00, 0.0, 0.0, Not available, 112569, 0.0, 0.0, , , , , 
2024-07-12, 4.75, 4.7714, 5.00, 4.8000, 4.75, 5.00, 0.0, 0.0, Not available, 112309, 0.0, 0.0, , , , , 
2024-07-11, 4.75, 4.7706, 5.00, 4.8000, 4.75, 5.00, 0.0, 0.0, Not available, 113079, 0.0, 0.0, , , , , 
2024-07-10, 4.75, 4.7717, 5.00, 4.8000, 4.75, 5.00, 0.0, 0.0, Not available, 113641, 0.0, 0.0, , , , , 
2024-07-09, 4.75, 4.7739, 5.00, 4.8000, 4.75, 5.00, 0.0, 0.0, Not available, 112920, 0.0, 0.0, , , , , 
2024-07-08, 4.75, 4.7725, 5.00, 4.8000, 4.75, 5.00, 0.0, 0.0, Not available, 115451, 0.0, 0.0, , , , , 
2024-07-05, 4.75, 4.7719, 5.00, 4.8000, 4.75, 5.00, 0.0, 0.0, Not available, 119521, 0.0, 0.0, , , , , 
2024-07-04, 4.75, 4.7751, 5.00, 4.8000, 4.75, 5.00, 0.0, 0.0, Not available, 115999, 0.0, 0.0, , , , , 
2024-07-03, 4.75, 4.7852, 5.00, 4.8000, 4.75, 5.00, 0.0, 0.0, Not available, 99706, 0.0, 0.0, , , , , 
2024-07-02, 4.75, 4.7699, 5.00, 4.7900, 4.75, 5.00, 0.0, 0.0, Not available, 120624, 0.0, 0.0, , , , , 
2024-07-01, 4.75, Bank holiday, Bank holiday, Bank holiday, Bank holiday, Bank holiday, Bank holiday, Bank holiday, Bank holiday, , Bank holiday, Bank holiday, , , , , 
2024-06-28, 4.75, 4.7715, 5.00, 4.8000, 4.75, 5.00, 0.0, 0.0, Not available, 120150, 0.0, 0.0, , , , , 
2024-06-27, 4.75, 4.7622, 5.00, 4.7800, 4.75, 5.00, 0.0, 0.0, Not available, 128858, 0.0, 0.0, , , , , 
2024-06-26, 4.75, 4.7598, 5.00, 4.7800, 4.75, 5.00, 0.0, 0.0, Not available, 130245, 0.0, 0.0, , , , , 
2024-06-25, 4.75, 4.7720, 5.00, 4.7800, 4.75, 5.00, 0.0, 0.0, Not available, 120093, 0.0, 0.0, , , , , 
2024-06-24, 4.75, 4.7673, 5.00, 4.7800, 4.75, 5.00, 0.0, 0.0, Not available, 111200, 0.0, 0.0, , , , , 
2024-06-21, 4.75, 4.7595, 5.00, 4.7800, 4.75, 5.00, 0.0, 0.0, Not available, 108672, 0.0, 0.0, , , , , 
2024-06-20, 4.75, 4.7666, 5.00, 4.7800, 4.75, 5.00, 0.0, 0.0, Not available, 111460, 0.0, 0.0, , , , , 
2024-06-19, 4.75, 4.7733, 5.00, 4.7800, 4.75, 5.00, 3255.0, 0.0, Not available, 94850, 0.0, 0.0, , , , , 
2024-06-18, 4.75, 4.7664, 5.00, 4.7800, 4.75, 5.00, 0.0, 0.0, Not available, 106348, 0.0, 0.0, , , , , 
2024-06-17, 4.75, 4.7605, 5.00, 4.7800, 4.75, 5.00, 0.0, 0.0, Not available, 103952, 0.0, 0.0, , , , , 
2024-06-14, 4.75, 4.7674, 5.00, 4.7800, 4.75, 5.00, 0.0, 0.0, Not available, 101199, 0.0, 0.0, , , , , 
2024-06-13, 4.75, 4.7649, 5.00, 4.7800, 4.75, 5.00, 0.0, 0.0, Not available, 101543, 0.0, 0.0, , , , , 
2024-06-12, 4.75, 4.7629, 5.00, 4.7800, 4.75, 5.00, 0.0, 0.0, Not available, 102983, 0.0, 0.0, , , , , 
2024-06-11, 4.75, 4.7614, 5.00, 4.7800, 4.75, 5.00, 0.0, 0.0, Not available, 109318, 0.0, 0.0, , , , , 
2024-06-10, 4.75, 4.7625, 5.00, 4.7800, 4.75, 5.00, 0.0, 0.0, Not available, 112591, 0.0, 0.0, , , , , 
2024-06-07, 4.75, 4.7597, 5.00, 4.7700, 4.75, 5.00, 0.0, 0.0, Not available, 112588, 0.0, 0.0, , , , , 
2024-06-06, 4.75, 4.7566, 5.00, 4.7700, 4.75, 5.00, 0.0, 0.0, Not available, 117842, 0.0, 0.0, , , , , 
2024-06-05, 5.00, 5.0098, 5.25, 5.0300, 5.00, 5.25, 0.0, 0.0, Not available, 99903, 0.0, 0.0, , , , , 
2024-06-04, 5.00, 5.0139, 5.25, 5.0300, 5.00, 5.25, 0.0, 0.0, Not available, 118532, 0.0, 0.0, , , , , 
2024-06-03, 5.00, 5.0082, 5.25, 5.0200, 5.00, 5.25, 0.0, 0.0, Not available, 123201, 0.0, 0.0, , , , , 
2024-05-31, 5.00, 5.0087, 5.25, 5.0200, 5.00, 5.25, 0.0, 0.0, Not available, 115929, 0.0, 0.0, , , , , 
2024-05-30, 5.00, 5.0066, 5.25, 5.0100, 5.00, 5.25, 0.0, 0.0, Not available, 119354, 0.0, 0.0, , , , , 
2024-05-29, 5.00, 5.0084, 5.25, 5.0200, 5.00, 5.25, 0.0, 0.0, Not available, 115650, 0.0, 0.0, , , , , 
2024-05-28, 5.00, 4.9994, 5.25, 5.0100, 5.00, 5.25, 0.0, 0.0, Not available, 112648, 0.0, 0.0, , , , , 
2024-05-27, 5.00, 5.0005, 5.25, 5.0100, 5.00, 5.25, 0.0, 0.0, Not available, 115368, 0.0, 0.0, , , , , 
2024-05-24, 5.00, 5.0012, 5.25, 5.0100, 5.00, 5.25, 0.0, 0.0, Not available, 117028, 0.0, 0.0, , , , , 
2024-05-23, 5.00, 5.0056, 5.25, 5.0100, 5.00, 5.25, 0.0, 0.0, Not available, 118268, 0.0, 0.0, , , , , 
2024-05-22, 5.00, 5.0046, 5.25, 5.0100, 5.00, 5.25, 0.0, 0.0, Not available, 120709, 0.0, 0.0, , , , , 
2024-05-21, 5.00, 5.0001, 5.25, 5.0100, 5.00, 5.25, 0.0, 0.0, Not available, 120352, 0.0, 0.0, , , , , 
2024-05-20, 5.00, Bank holiday, Bank holiday, Bank holiday, Bank holiday, Bank holiday, Bank holiday, Bank holiday, Bank holiday, , Bank holiday, Bank holiday, , , , , 
2024-05-17, 5.00, 5.0043, 5.25, 5.0100, 5.00, 5.25, 0.0, 0.0, Not available, 118462, 0.0, 0.0, , , , , 
2024-05-16, 5.00, 5.0018, 5.25, 5.0100, 5.00, 5.25, 0.0, 0.0, Not available, 115170, 0.0, 0.0, , , , , 
2024-05-15, 5.00, 5.0002, 5.25, 5.0100, 5.00, 5.25, 0.0, 0.0, Not available, 108145, 0.0, 0.0, , , , , 
2024-05-14, 5.00, 5.0039, 5.25, 5.0100, 5.00, 5.25, 0.0, 0.0, Not available, 110431, 0.0, 0.0, , , , , 
2024-05-13, 5.00, 5.0014, 5.25, 5.0100, 5.00, 5.25, 0.0, 0.0, Not available, 109458, 0.0, 0.0, , , , , 
2024-05-10, 5.00, 5.0016, 5.25, 5.0100, 5.00, 5.25, 0.0, 0.0, Not available, 109861, 0.0, 0.0, , , , , 
2024-05-09, 5.00, 5.0016, 5.25, 5.0100, 5.00, 5.25, 0.0, 0.0, Not available, 115825, 0.0, 0.0, , , , , 
2024-05-08, 5.00, 5.0019, 5.25, 5.0100, 5.00, 5.25, 0.0, 0.0, Not available, 109751, 0.0, 0.0, , , , , 
2024-05-07, 5.00, 5.0031, 5.25, 5.0100, 5.00, 5.25, 0.0, 0.0, Not available, 109374, 0.0, 0.0, , , , , 
2024-05-06, 5.00, 5.0038, 5.25, 5.0100, 5.00, 5.25, 0.0, 0.0, Not available, 109691, 0.0, 0.0, , , , , 
2024-05-03, 5.00, 5.0027, 5.25, 5.0100, 5.00, 5.25, 0.0, 0.0, Not available, 116422, 0.0, 0.0, , , , , 
2024-05-02, 5.00, 5.0002, 5.25, 5.0100, 5.00, 5.25, 0.0, 0.0, Not available, 125270, 0.0, 0.0, , , , , 
2024-05-01, 5.00, 4.9978, 5.25, 5.0100, 5.00, 5.25, 0.0, 0.0, Not available, 128296, 0.0, 0.0, , , , , 
2024-04-30, 5.00, 4.9965, 5.25, 5.0100, 5.00, 5.25, 0.0, 0.0, Not available, 121416, 0.0, 0.0, , , , , 
2024-04-29, 5.00, 4.9977, 5.25, 5.0000, 5.00, 5.25, 0.0, 0.0, Not available, 129676, 0.0, 0.0, , , , , 
2024-04-26, 5.00, 4.9971, 5.25, 5.0000, 5.00, 5.25, 0.0, 0.0, Not available, 132122, 0.0, 0.0, , , , , 
2024-04-25, 5.00, 4.9965, 5.25, 5.0000, 5.00, 5.25, 0.0, 0.0, Not available, 131228, 0.0, 0.0, , , , , 
2024-04-24, 5.00, 4.9991, 5.25, 5.0000, 5.00, 5.25, 0.0, 0.0, Not available, 132583, 0.0, 0.0, , , , , 
2024-04-23, 5.00, 4.9975, 5.25, 5.0000, 5.00, 5.25, 0.0, 0.0, Not available, 133993, 0.0, 0.0, , , , , 
2024-04-22, 5.00, 4.9952, 5.25, 5.0100, 5.00, 5.25, 0.0, 0.0, Not available, 135186, 0.0, 0.0, , , , , 
2024-04-19, 5.00, 4.9959, 5.25, 5.0100, 5.00, 5.25, 0.0, 0.0, Not available, 137593, 0.0, 0.0, , , , , 
2024-04-18, 5.00, 5.0015, 5.25, 5.0100, 5.00, 5.25, 0.0, 0.0, Not available, 135590, 0.0, 0.0, , , , , 
2024-04-17, 5.00, 5.0046, 5.25, 5.0200, 5.00, 5.25, 0.0, 0.0, Not available, 130746, 0.0, 0.0, , , , , 
2024-04-16, 5.00, 5.0065, 5.25, 5.0300, 5.00, 5.25, 0.0, 0.0, Not available, 130389, 0.0, 0.0, , , , , 
2024-04-15, 5.00, 5.0076, 5.25, 5.0100, 5.00, 5.25, 0.0, 0.0, Not available, 119997, 0.0, 0.0, , , , , 
2024-04-12, 5.00, 4.9992, 5.25, 5.0100, 5.00, 5.25, 0.0, 0.0, Not available, 127321, 0.0, 0.0, , , , , 
2024-04-11, 5.00, 4.9980, 5.25, 5.0000, 5.00, 5.25, 0.0, 0.0, Not available, 126887, 0.0, 0.0, , , , , 
2024-04-10, 5.00, 4.9924, 5.25, 5.0000, 5.00, 5.25, 0.0, 0.0, Not available, 127840, 0.0, 0.0, , , , , 
2024-04-09, 5.00, 4.9940, 5.25, 5.0000, 5.00, 5.25, 0.0, 0.0, Not available, 128632, 0.0, 0.0, , , , , 
2024-04-08, 5.00, 4.9954, 5.25, 5.0000, 5.00, 5.25, 0.0, 0.0, Not available, 120025, 0.0, 0.0, , , , , 
2024-04-05, 5.00, 4.9972, 5.25, 5.0000, 5.00, 5.25, 0.0, 0.0, Not available, 125552, 0.0, 0.0, , , , , 
2024-04-04, 5.00, 5.0016, 5.25, 5.0000, 5.00, 5.25, 0.0, 0.0, Not available, 125556, 0.0, 0.0, , , , , 
2024-04-03, 5.00, 5.0019, 5.25, 5.0200, 5.00, 5.25, 0.0, 0.0, Not available, 126859, 0.0, 0.0, , , , , 
2024-04-02, 5.00, 5.0128, 5.25, 5.0300, 5.00, 5.25, 0.0, 0.0, Not available, 131503, 0.0, 0.0, , , , , 
2024-04-01, 5.00, 5.0100, 5.25, 5.0400, 5.00, 5.25, 0.0, 0.0, Not available, 130858, 0.0, 0.0, , , , , 
2024-03-29, 5.00, Bank holiday, Bank holiday, Bank holiday, Bank holiday, Bank holiday, Bank holiday, Bank holiday, Bank holiday, , Bank holiday, Bank holiday, , , , , 
2024-03-28, 5.00, 5.0125, 5.25, 5.0500, 5.00, 5.25, 0.0, 0.0, Not available, 128942, 0.0, 0.0, , , , , 
2024-03-27, 5.00, 5.0063, 5.25, 5.0200, 5.00, 5.25, 0.0, 0.0, Not available, 131107, 0.0, 0.0, , , , , 
2024-03-26, 5.00, 5.0066, 5.25, 5.0200, 5.00, 5.25, 0.0, 0.0, Not available, 126276, 0.0, 0.0, , , , , 
2024-03-25, 5.00, 5.0030, 5.25, 5.0200, 5.00, 5.25, 0.0, 0.0, Not available, 116889, 0.0, 0.0, , , , , 
2024-03-22, 5.00, 5.0059, 5.25, 5.0200, 5.00, 5.25, 0.0, 0.0, Not available, 110510, 0.0, 0.0, , , , , 
2024-03-21, 5.00, 5.0013, 5.25, 5.0200, 5.00, 5.25, 0.0, 0.0, Not available, 113122, 0.0, 0.0, , , , , 
2024-03-20, 5.00, 5.0057, 5.25, 5.0100, 5.00, 5.25, 0.0, 0.0, Not available, 104722, 0.0, 0.0, , , , , 
2024-03-19, 5.00, 5.0073, 5.25, 5.0200, 5.00, 5.25, 0.0, 0.0, Not available, 99544, 0.0, 0.0, , , , , 
2024-03-18, 5.00, 5.0014, 5.25, 5.0100, 5.00, 5.25, 0.0, 0.0, Not available, 100232, 0.0, 0.0, , , , , 
2024-03-15, 5.00, 5.0013, 5.25, 5.0100, 5.00, 5.25, 0.0, 0.0, Not available, 102778, 0.0, 0.0, , , , , 
2024-03-14, 5.00, 4.9995, 5.25, 5.0100, 5.00, 5.25, 0.0, 0.0, Not available, 105532, 0.0, 0.0, , , , , 
2024-03-13, 5.00, 5.0017, 5.25, 5.0100, 5.00, 5.25, 0.0, 0.0, Not available, 103894, 0.0, 0.0, , , , , 
2024-03-12, 5.00, 4.9998, 5.25, 5.0100, 5.00, 5.25, 0.0, 0.0, Not available, 103726, 0.0, 0.0, , , , , 
2024-03-11, 5.00, 5.0003, 5.25, 5.0100, 5.00, 5.25, 0.0, 0.0, Not available, 105564, 0.0, 0.0, , , , , 
2024-03-08, 5.00, 5.0017, 5.25, 5.0100, 5.00, 5.25, 0.0, 0.0, Not available, 106805, 0.0, 0.0, , , , , 
2024-03-07, 5.00, 5.0027, 5.25, 5.0100, 5.00, 5.25, 0.0, 0.0, Not available, 107743, 0.0, 0.0, , , , , 
2024-03-06, 5.00, 4.9991, 5.25, 5.0100, 5.00, 5.25, 0.0, 0.0, Not available, 104418, 0.0, 0.0, , , , , 
2024-03-05, 5.00, 4.9989, 5.25, 5.0100, 5.00, 5.25, 0.0, 0.0, Not available, 104658, 0.0, 0.0, , , , , 
2024-03-04, 5.00, 5.0008, 5.25, 5.0100, 5.00, 5.25, 0.0, 0.0, Not available, 123384, 0.0, 0.0, , , , , 
2024-03-01, 5.00, 5.0020, 5.25, 5.0100, 5.00, 5.25, 0.0, 0.0, Not available, 136612, 0.0, 0.0, , , , , 
2024-02-29, 5.00, 5.0042, 5.25, 5.0100, 5.00, 5.25, 0.0, 0.0, Not available, 132193, 0.0, 0.0, , , , , 
2024-02-28, 5.00, 5.0048, 5.25, 5.0000, 5.00, 5.25, 0.0, 0.0, Not available, 141354, 0.0, 0.0, , , , , 
2024-02-27, 5.00, 5.0087, 5.25, 5.0100, 5.00, 5.25, 0.0, 0.0, Not available, 139421, 0.0, 0.0, , , , , 
2024-02-26, 5.00, 5.0022, 5.25, 5.0100, 5.00, 5.25, 0.0, 0.0, Not available, 132914, 0.0, 0.0, , , , , 
2024-02-23, 5.00, 4.9986, 5.25, 5.0100, 5.00, 5.25, 0.0, 0.0, Not available, 135409, 0.0, 0.0, , , , , 
2024-02-22, 5.00, 5.0005, 5.25, 5.0100, 5.00, 5.25, 0.0, 0.0, Not available, 140963, 0.0, 0.0, , , , , 
2024-02-21, 5.00, 5.0059, 5.25, 5.0300, 5.00, 5.25, 0.0, 0.0, Not available, 137784, 0.0, 0.0, , , , , 
2024-02-20, 5.00, 5.0172, 5.25, 5.0400, 5.00, 5.25, 0.0, 0.0, Not available, 132866, 0.0, 0.0, , , , , 
2024-02-19, 5.00, Bank holiday, Bank holiday, Bank holiday, Bank holiday, Bank holiday, Bank holiday, Bank holiday, Bank holiday, 133415, Bank holiday, Bank holiday, , , , , 
2024-02-16, 5.00, 5.0200, 5.25, 5.0400, 5.00, 5.25, 0.0, 0.0, Not available, 109428, 0.0, 0.0, , , , , 
2024-02-15, 5.00, 5.0197, 5.25, 5.0400, 5.00, 5.25, 0.0, 0.0, Not available, 104804, 0.0, 0.0, , , , , 
2024-02-14, 5.00, 5.0197, 5.25, 5.0400, 5.00, 5.25, 0.0, 0.0, Not available, 108188, 0.0, 0.0, , , , , 
2024-02-13, 5.00, 5.0138, 5.25, 5.0400, 5.00, 5.25, 0.0, 0.0, Not available, 107629, 0.0, 0.0, , , , , 
2024-02-12, 5.00, 5.0205, 5.25, 5.0400, 5.00, 5.25, 0.0, 0.0, Not available, 108291, 0.0, 0.0, , , , , 
2024-02-09, 5.00, 5.0226, 5.25, 5.0400, 5.00, 5.25, 0.0, 0.0, Not available, 115537, 0.0, 0.0, , , , , 
2024-02-08, 5.00, 5.0205, 5.25, 5.0400, 5.00, 5.25, 0.0, 0.0, Not available, 113948, 0.0, 0.0, , , , , 
2024-02-07, 5.00, 5.0253, 5.25, 5.0400, 5.00, 5.25, 0.0, 0.0, Not available, 110109, 0.0, 0.0, , , , , 
2024-02-06, 5.00, 5.0234, 5.25, 5.0500, 5.00, 5.25, 0.0, 0.0, Not available, 109933, 0.0, 0.0, , , , , 
2024-02-05, 5.00, 5.0218, 5.25, 5.0500, 5.00, 5.25, 0.0, 0.0, Not available, 109698, 0.0, 0.0, , , , , 
2024-02-02, 5.00, 5.0219, 5.25, 5.0500, 5.00, 5.25, 0.0, 0.0, Not available, 120707, 0.0, 0.0, , , , , 
2024-02-01, 5.00, 5.0281, 5.25, 5.0500, 5.00, 5.25, 0.0, 0.0, Not available, 123626, 0.0, 0.0, , , , , 
2024-01-31, 5.00, 5.0297, 5.25, 5.0700, 5.00, 5.25, 5000.0, 0.0, Not available, 111184, 0.0, 0.0, , , , , 
2024-01-30, 5.00, 5.0290, 5.25, 5.0500, 5.00, 5.25, 0.0, 0.0, Not available, 107365, 0.0, 0.0, , , , , 
2024-01-29, 5.00, 5.0219, 5.25, 5.0500, 5.00, 5.25, 0.0, 0.0, Not available, 105781, 0.0, 0.0, , , , , 
2024-01-26, 5.00, 5.0333, 5.25, 5.0500, 5.00, 5.25, 0.0, 0.0, Not available, 107928, 0.0, 0.0, , , , , 
2024-01-25, 5.00, 5.0291, 5.25, 5.0500, 5.00, 5.25, 0.0, 0.0, Not available, 110025, 0.0, 0.0, , , , , 
2024-01-24, 5.00, 5.0248, 5.25, 5.0500, 5.00, 5.25, 0.0, 0.0, Not available, 109034, 0.0, 0.0, , , , , 
2024-01-23, 5.00, 5.0303, 5.25, 5.0500, 5.00, 5.25, 5000.0, 0.0, Not available, 113703, 0.0, 0.0, , , , , 
2024-01-22, 5.00, 5.0302, 5.25, 5.0500, 5.00, 5.25, 5000.0, 0.0, Not available, 112215, 0.0, 0.0, , , , , 
2024-01-19, 5.00, 5.0263, 5.25, 5.0500, 5.00, 5.25, 0.0, 0.0, Not available, 112661, 0.0, 0.0, , , , , 
2024-01-18, 5.00, 5.0244, 5.25, 5.0400, 5.00, 5.25, 5000.0, 0.0, Not available, 114311, 0.0, 0.0, , , , , 
2024-01-17, 5.00, 5.0235, 5.25, 5.0500, 5.00, 5.25, 5000.0, 0.0, Not available, 109406, 0.0, 0.0, , , , , 
2024-01-16, 5.00, 5.0243, 5.25, 5.0500, 5.00, 5.25, 5000.0, 0.0, Not available, 110111, 0.0, 0.0, , , , , 
2024-01-15, 5.00, 5.0369, 5.25, 5.0500, 5.00, 5.25, 5000.0, 0.0, Not available, 107271, 0.0, 0.0, , , , , 
2024-01-12, 5.00, 5.0311, 5.25, 5.0500, 5.00, 5.25, 0.0, 0.0, Not available, 110382, 0.0, 0.0, , , , , 
2024-01-11, 5.00, 5.0222, 5.25, 5.0300, 5.00, 5.25, 0.0, 0.0, Not available, 113928, 0.0, 0.0, , , , , 
2024-01-10, 5.00, 5.0171, 5.25, 5.0300, 5.00, 5.25, 5000.0, 0.0, Not available, 115655, 0.0, 0.0, , , , , 
2024-01-09, 5.00, 5.0180, 5.25, 5.0300, 5.00, 5.25, 10000.0, 0.0, Not available, 121827, 0.0, 0.0, , , , , 
2024-01-08, 5.00, 5.0206, 5.25, 5.0300, 5.00, 5.25, 10000.0, 0.0, Not available, 120164, 0.0, 0.0, , , , , 
2024-01-05, 5.00, 5.0295, 5.25, 5.0400, 5.00, 5.25, 5000.0, 0.0, Not available, 114563, 0.0, 0.0, , , , , 
2024-01-04, 5.00, 5.0155, 5.25, 5.0400, 5.00, 5.25, 5000.0, 0.0, Not available, 115356, 0.0, 0.0, , , , , 
2024-01-03, 5.00, 5.0269, 5.25, 5.0500, 5.00, 5.25, 4850.0, 0.0, Not available, 121651, 0.0, 0.0, , , , , 
2024-01-02, 5.00, 5.0294, 5.25, 5.0500, 5.00, 5.25, 0.0, 0.0, Not available, 122977, 0.0, 0.0, , , , , 
2024-01-01, Bank holiday, Bank holiday, Bank holiday, Bank holiday, Bank holiday, Bank holiday, Bank holiday, Bank holiday, Bank holiday, , Bank holiday, Bank holiday, , , , , 
2023-12-29, 5.00, 5.0336, 5.25, 5.0600, 5.00, 5.25, 0.0, 0.0, Not available, 120567, 0.0, 0.0, , , , , 
2023-12-28, 5.00, 5.0207, 5.25, 5.0500, 5.00, 5.25, 0.0, 0.0, Not available, 123528, 0.0, 0.0, , , , , 
2023-12-27, 5.00, 5.0121, 5.25, 5.0300, 5.00, 5.25, 0.0, 0.0, Not available, 123436, 0.0, 0.0, , , , , 
2023-12-26, 5.00, Bank holiday, Bank holiday, Bank holiday, Bank holiday, Bank holiday, , , Bank holiday, , Bank holiday, Bank holiday, , , , , 
2023-12-25, 5.00, Bank holiday, Bank holiday, Bank holiday, Bank holiday, Bank holiday, , , Bank holiday, , Bank holiday, Bank holiday, , , , , 
2023-12-22, 5.00, 5.0217, 5.25, 5.0400, 5.00, 5.25, 0.0, 0.0, Not available, 127401, 0.0, 0.0, , , , , 
2023-12-21, 5.00, 5.0318, 5.25, 5.0400, 5.00, 5.25, 0.0, 0.0, Not available, 131511, 0.0, 0.0, , , , , 
2023-12-20, 5.00, 5.0182, 5.25, 5.0400, 5.00, 5.25, 0.0, 0.0, Not available, 126291, 0.0, 0.0, , , , , 
2023-12-19, 5.00, 5.0189, 5.25, 5.0400, 5.00, 5.25, 0.0, 0.0, Not available, 120360, 0.0, 0.0, , , , , 
2023-12-18, 5.00, 5.0216, 5.25, 5.0400, 5.00, 5.25, 0.0, 0.0, Not available, 122123, 0.0, 0.0, , , , , 
2023-12-15, 5.00, 5.0193, 5.25, 5.0400, 5.00, 5.25, 0.0, 0.0, Not available, 122467, 0.0, 0.0, , , , , 
2023-12-14, 5.00, 5.0194, 5.25, 5.0400, 5.00, 5.25, 0.0, 0.0, Not available, 127530, 0.0, 0.0, , , , , 
2023-12-13, 5.00, 5.0062, 5.25, 5.0300, 5.00, 5.25, 0.0, 0.0, Not available, 126307, 0.0, 0.0, , , , , 
2023-12-12, 5.00, 5.0130, 5.25, 5.0400, 5.00, 5.25, 0.0, 0.0, Not available, 130330, 0.0, 0.0, , , , , 
2023-12-11, 5.00, 5.0029, 5.25, 5.0300, 5.00, 5.25, 0.0, 0.0, Not available, 133230, 0.0, 0.0, , , , , 
2023-12-08, 5.00, 5.0123, 5.25, 5.0300, 5.00, 5.25, 0.0, 0.0, Not available, 132269, 0.0, 0.0, , , , , 
2023-12-07, 5.00, 5.0130, 5.25, 5.0300, 5.00, 5.25, 0.0, 0.0, Not available, 133371, 0.0, 0.0, , , , , 
2023-12-06, 5.00, 5.0139, 5.25, 5.0200, 5.00, 5.25, 0.0, 0.0, Not available, 131194, 0.0, 0.0, , , , , 
2023-12-05, 5.00, 5.0050, 5.25, 5.0200, 5.00, 5.25, 0.0, 0.0, Not available, 132947, 0.0, 0.0, , , , , 
2023-12-04, 5.00, 5.0047, 5.25, 5.0200, 5.00, 5.25, 0.0, 0.0, Not available, 140864, 0.0, 0.0, , , , , 
2023-12-01, 5.00, 5.0058, 5.25, 5.0200, 5.00, 5.25, 0.0, 0.0, Not available, 142685, 0.0, 0.0, , , , , 
2023-11-30, 5.00, 5.0046, 5.25, 5.0200, 5.00, 5.25, 0.0, 0.0, Not available, 145051, 0.0, 0.0, , , , , 
2023-11-29, 5.00, 5.0003, 5.25, 5.0200, 5.00, 5.25, 0.0, 0.0, Not available, 145816, 0.0, 0.0, , , , , 
2023-11-28, 5.00, 5.0097, 5.25, 5.0200, 5.00, 5.25, 0.0, 0.0, Not available, 145996, 0.0, 0.0, , , , , 
2023-11-27, 5.00, 5.0081, 5.25, 5.0400, 5.00, 5.25, 0.0, 0.0, Not available, 141773, 0.0, 0.0, , , , , 
2023-11-24, 5.00, 5.0209, 5.25, 5.0400, 5.00, 5.25, 0.0, 0.0, Not available, 143278, 0.0, 0.0, , , , , 
2023-11-23, 5.00, 5.0168, 5.25, 5.0500, 5.00, 5.25, 0.0, 0.0, Not available, 142238, 0.0, 0.0, , , , , 
2023-11-22, 5.00, 5.0114, 5.25, 5.0300, 5.00, 5.25, 0.0, 0.0, Not available, 137518, 0.0, 0.0, , , , , 
2023-11-21, 5.00, 5.0024, 5.25, 5.0200, 5.00, 5.25, 0.0, 0.0, Not available, 136761, 0.0, 0.0, , , , , 
2023-11-20, 5.00, 5.0050, 5.25, 5.0100, 5.00, 5.25, 0.0, 0.0, Not available, 134851, 0.0, 0.0, , , , , 
2023-11-17, 5.00, 5.0127, 5.25, 5.0200, 5.00, 5.25, 0.0, 0.0, Not available, 127257, 0.0, 0.0, , , , , 
2023-11-16, 5.00, 5.0115, 5.25, 5.0200, 5.00, 5.25, 0.0, 0.0, Not available, 133569, 0.0, 0.0, , , , , 
2023-11-15, 5.00, 5.0033, 5.25, 5.0400, 5.00, 5.25, 0.0, 0.0, Not available, 130556, 0.0, 0.0, , , , , 
2023-11-14, 5.00, 5.0194, 5.25, 5.0400, 5.00, 5.25, 0.0, 0.0, Not available, 131325, 0.0, 0.0, , , , , 
2023-11-13, 5.00, Bank holiday, Bank holiday, Bank holiday, Bank holiday, Bank holiday, Bank holiday, Bank holiday, Bank holiday, , Bank holiday, Bank holiday, , , , , 
2023-11-10, 5.00, 5.0188, 5.25, 5.0400, 5.00, 5.25, 0.0, 0.0, Not available, 132126, 0.0, 0.0, , , , , 
2023-11-09, 5.00, 5.0176, 5.25, 5.0400, 5.00, 5.25, 0.0, 0.0, Not available, 138446, 0.0, 0.0, , , , , 
2023-11-08, 5.00, 5.0165, 5.25, 5.0400, 5.00, 5.25, 0.0, 0.0, Not available, 137145, 0.0, 0.0, , , , , 
2023-11-07, 5.00, 5.0223, 5.25, 5.0400, 5.00, 5.25, 0.0, 0.0, Not available, 136723, 0.0, 0.0, , , , , 
2023-11-06, 5.00, 5.0221, 5.25, 5.0400, 5.00, 5.25, 0.0, 0.0, Not available, 138097, 0.0, 0.0, , , , , 
2023-11-03, 5.00, 5.0214, 5.25, 5.0500, 5.00, 5.25, 0.0, 0.0, Not available, 143009, 0.0, 0.0, , , , , 
2023-11-02, 5.00, 5.0196, 5.25, 5.0200, 5.00, 5.25, 0.0, 0.0, Not available, 150741, 0.0, 0.0, , , , , 
2023-11-01, 5.00, 5.0226, 5.25, 5.0400, 5.00, 5.25, 0.0, 0.0, Not available, 153542, 0.0, 0.0, , , , , 
2023-10-31, 5.00, 5.0083, 5.25, 5.0500, 5.00, 5.25, 0.0, 0.0, Not available, 147870, 0.0, 0.0, , , , , 
2023-10-30, 5.00, 5.0123, 5.25, 5.0400, 5.00, 5.25, 0.0, 0.0, Not available, 148073, 0.0, 0.0, , , , , 
2023-10-27, 5.00, 5.0137, 5.25, 5.0400, 5.00, 5.25, 0.0, 0.0, Not available, 147303, 0.0, 0.0, , , , , 
2023-10-26, 5.00, 5.0133, 5.25, 5.0400, 5.00, 5.25, 0.0, 2919.0, Not available, 137106, 0.0, 0.0, , , , , 
2023-10-25, 5.00, 5.0094, 5.25, 5.0400, 5.00, 5.25, 0.0, 3745.0, Not available, 134382, 0.0, 0.0, , , , , 
2023-10-24, 5.00, 5.0147, 5.25, 5.0400, 5.00, 5.25, 0.0, 3827.0, Not available, 134516, 0.0, 0.0, , , , , 
2023-10-23, 5.00, 5.0084, 5.25, 5.0400, 5.00, 5.25, 0.0, 3526.0, Not available, 133637, 0.0, 0.0, , , , , 
2023-10-20, 5.00, 5.0097, 5.25, 5.0400, 5.00, 5.25, 0.0, 2805.0, Not available, 137402, 0.0, 0.0, , , , , 
2023-10-19, 5.00, 5.0118, 5.25, 5.0400, 5.00, 5.25, 0.0, 2675.0, Not available, 135710, 0.0, 0.0, , , , , 
2023-10-18, 5.00, 5.0080, 5.25, 5.0400, 5.00, 5.25, 0.0, 2510.0, Not available, 135003, 0.0, 0.0, , , , , 
2023-10-17, 5.00, 4.9998, 5.25, 5.0300, 5.00, 5.25, 0.0, 2446.0, Not available, 132692, 0.0, 0.0, , , , , 
2023-10-16, 5.00, 4.9959, 5.25, 5.0100, 5.00, 5.25, 0.0, 2292.0, Not available, 133697, 0.0, 0.0, , , , , 
2023-10-13, 5.00, 4.9971, 5.25, 5.0300, 5.00, 5.25, 0.0, 2179.0, Not available, 129721, 0.0, 0.0, , , , , 
2023-10-12, 5.00, 4.9987, 5.25, 5.0300, 5.00, 5.25, 0.0, 2332.0, Not available, 132468, 0.0, 0.0, , , , , 
2023-10-11, 5.00, 4.9923, 5.25, 5.0200, 5.00, 5.25, 0.0, 2578.0, Not available, 133184, 0.0, 0.0, , , , , 
2023-10-10, 5.00, 4.9980, 5.25, 5.0100, 5.00, 5.25, 0.0, 2809.0, Not available, 135189, 0.0, 0.0, , , , , 
2023-10-09, 5.00, Bank holiday, Bank holiday, Bank holiday, Bank holiday, Bank holiday, Bank holiday, Bank holiday, Bank holiday, , Bank holiday, Bank holiday, , , , , 
2023-10-06, 5.00, 4.9874, 5.25, 5.0100, 5.00, 5.25, 0.0, 2451.0, Not available, 134453, 0.0, 0.0, , , , , 
2023-10-05, 5.00, 4.9898, 5.25, 5.0000, 5.00, 5.25, 0.0, 1922.0, Not available, 144004, 0.0, 0.0, , , , , 
2023-10-04, 5.00, 4.9848, 5.25, 5.0000, 5.00, 5.25, 0.0, 1344.0, Not available, 146290, 0.0, 0.0, , , , , 
2023-10-03, 5.00, 4.9835, 5.25, 5.0000, 5.00, 5.25, 0.0, 1675.0, Not available, 148735, 0.0, 0.0, , , , , 
2023-10-02, 5.00, Bank holiday, Bank holiday, Bank holiday, Bank holiday, Bank holiday, Bank holiday, Bank holiday, Bank holiday, , Bank holiday, Bank holiday, , , , , 
2023-09-29, 5.00, 4.9849, 5.25, 5.0200, 5.00, 5.25, 0.0, 2489.0, Not available, 148179, 0.0, 0.0, , , , , 
2023-09-28, 5.00, 4.9880, 5.25, 5.0100, 5.00, 5.25, 0.0, 1604.0, Not available, 155188, 0.0, 0.0, , , , , 
2023-09-27, 5.00, 4.9851, 5.25, 5.0200, 5.00, 5.25, 0.0, 1197.0, Not available, 154477, 0.0, 0.0, , , , , 
2023-09-26, 5.00, 4.9888, 5.25, 5.0200, 5.00, 5.25, 0.0, 816.0, Not available, 147583, 0.0, 0.0, , , , , 
2023-09-25, 5.00, 4.9930, 5.25, 5.0100, 5.00, 5.25, 0.0, 1259.0, Not available, 149178, 0.0, 0.0, , , , , 
2023-09-22, 5.00, 4.9936, 5.25, 5.0100, 5.00, 5.25, 0.0, 1652.0, Not available, 150221, 0.0, 0.0, , , , , 
2023-09-21, 5.00, 4.9862, 5.25, 5.0000, 5.00, 5.25, 0.0, 1695.0, Not available, 150454, 0.0, 0.0, , , , , 
2023-09-20, 5.00, 4.9972, 5.25, 5.0000, 5.00, 5.25, 0.0, 1675.0, Not available, 148212, 0.0, 0.0, , , , , 
2023-09-19, 5.00, 4.9942, 5.25, 5.0000, 5.00, 5.25, 0.0, 1581.0, Not available, 144201, 0.0, 0.0, , , , , 
2023-09-18, 5.00, 4.9888, 5.25, 5.0000, 5.00, 5.25, 0.0, 879.0, Not available, 149029, 0.0, 0.0, , , , , 
2023-09-15, 5.00, 4.9914, 5.25, 5.0000, 5.00, 5.25, 0.0, 1655.0, Not available, 146080, 0.0, 0.0, , , , , 
2023-09-14, 5.00, 5.0011, 5.25, 5.0100, 5.00, 5.25, 0.0, 1486.0, Not available, 147033, 0.0, 0.0, , , , , 
2023-09-13, 5.00, 4.9930, 5.25, 5.0000, 5.00, 5.25, 0.0, 790.0, Not available, 146482, 0.0, 0.0, , , , , 
2023-09-12, 5.00, 4.9872, 5.25, 5.0000, 5.00, 5.25, 0.0, 588.0, Not available, 147680, 0.0, 0.0, , , , , 
2023-09-11, 5.00, 4.9903, 5.25, 5.0100, 5.00, 5.25, 0.0, 834.0, Not available, 150202, 0.0, 0.0, , , , , 
2023-09-08, 5.00, 4.9917, 5.25, 5.0000, 5.00, 5.25, 0.0, 1196.0, Not available, 150830, 0.0, 0.0, , , , , 
2023-09-07, 5.00, 4.9941, 5.25, 5.0100, 5.00, 5.25, 0.0, 1044.0, Not available, 150551, 0.0, 0.0, , , , , 
2023-09-06, 5.00, 4.9956, 5.25, 5.0100, 5.00, 5.25, 0.0, 2463.0, Not available, 151599, 0.0, 0.0, , , , , 
2023-09-05, 5.00, 4.9949, 5.25, 5.0100, 5.00, 5.25, 0.0, 2292.0, Not available, 158770, 0.0, 0.0, , , , , 
2023-09-04, 5.00, Bank holiday, Bank holiday, Bank holiday, Bank holiday, Bank holiday, Bank holiday, Bank holiday, Bank holiday, , Bank holiday, Bank holiday, , , , , 
2023-09-01, 5.00, 4.9966, 5.25, 5.0100, 5.00, 5.25, 0.0, 2438.0, Not available, 158939, 0.0, 0.0, , , , , 
2023-08-31, 5.00, 5.0001, 5.25, 5.0100, 5.00, 5.25, 0.0, 3659.0, Not available, 149201, 0.0, 0.0, , , , , 
2023-08-30, 5.00, 4.9984, 5.25, 5.0100, 5.00, 5.25, 0.0, 3566.0, Not available, 157814, 0.0, 0.0, , , , , 
2023-08-29, 5.00, 4.9934, 5.25, 5.0100, 5.00, 5.25, 0.0, 3744.0, Not available, 154489, 0.0, 0.0, , , , , 
2023-08-28, 5.00, 4.9955, 5.25, 5.0200, 5.00, 5.25, 0.0, 3687.0, Not available, 150406, 0.0, 0.0, , , , , 
2023-08-25, 5.00, 5.0000, 5.25, 5.0100, 5.00, 5.25, 0.0, 3491.0, Not available, 155957, 0.0, 0.0, , , , , 
2023-08-24, 5.00, 4.9917, 5.25, 5.0200, 5.00, 5.25, 0.0, 3670.0, Not available, 157317, 0.0, 0.0, , , , , 
2023-08-23, 5.00, 4.9972, 5.25, 5.0100, 5.00, 5.25, 0.0, 3923.0, Not available, 156682, 0.0, 0.0, , , , , 
2023-08-22, 5.00, 4.9924, 5.25, 5.0200, 5.00, 5.25, 0.0, 3758.0, Not available, 156617, 0.0, 0.0, , , , , 
2023-08-21, 5.00, 4.9983, 5.25, 5.0200, 5.00, 5.25, 0.0, 3749.0, Not available, 157691, 0.0, 0.0, , , , , 
2023-08-18, 5.00, 4.9929, 5.25, 5.0000, 5.00, 5.25, 0.0, 3488.0, Not available, 163884, 0.0, 0.0, , , , , 
2023-08-17, 5.00, 4.9925, 5.25, 5.0000, 5.00, 5.25, 0.0, 2689.0, Not available, 156570, 0.0, 0.0, , , , , 
2023-08-16, 5.00, 4.9941, 5.25, 5.0000, 5.00, 5.25, 0.0, 2371.0, Not available, 161497, 0.0, 0.0, , , , , 
2023-08-15, 5.00, 4.9924, 5.25, 5.0000, 5.00, 5.25, 0.0, 2238.0, Not available, 155441, 0.0, 0.0, , , , , 
2023-08-14, 5.00, 4.9972, 5.25, 5.0000, 5.00, 5.25, 0.0, 2162.0, Not available, 157498, 0.0, 0.0, , , , , 
2023-08-11, 5.00, 4.9925, 5.25, 5.0000, 5.00, 5.25, 0.0, 1744.0, Not available, 157871, 0.0, 0.0, , , , , 
2023-08-10, 5.00, 4.9908, 5.25, 5.0000, 5.00, 5.25, 0.0, 2055.0, Not available, 156811, 0.0, 0.0, , , , , 
2023-08-09, 5.00, 4.9938, 5.25, 5.0000, 5.00, 5.25, 0.0, 2719.0, Not available, 158449, 0.0, 0.0, , , , , 
2023-08-08, 5.00, 4.9904, 5.25, 5.0000, 5.00, 5.25, 0.0, 2999.0, Not available, 156471, 0.0, 0.0, , , , , 
2023-08-07, 5.00, Bank holiday, Bank holiday, Bank holiday, Bank holiday, Bank holiday, Bank holiday, Bank holiday, Bank holiday, 162499, Bank holiday, Bank holiday, , , , , 
2023-08-04, 5.00, 4.9921, 5.25, 5.0000, 5.00, 5.25, 0.0, 3368.0, Not available, 162098, 0.0, 0.0, , , , , 
2023-08-03, 5.00, 4.9922, 5.25, 5.0000, 5.00, 5.25, 0.0, 3216.0, Not available, 166604, 0.0, 0.0, , , , , 
2023-08-02, 5.00, 4.9919, 5.25, 5.0000, 5.00, 5.25, 0.0, 3691.0, Not available, 174540, 0.0, 0.0, , , , , 
2023-08-01, 5.00, 4.9929, 5.25, 5.0000, 5.00, 5.25, 0.0, 3215.0, Not available, 178131, 0.0, 0.0, , , , , 
2023-07-31, 5.00, 4.9958, 5.25, 5.0000, 5.00, 5.25, 0.0, 3407.0, Not available, 169857, 0.0, 0.0, , , , , 
2023-07-28, 5.00, 4.9939, 5.25, 5.0000, 5.00, 5.25, 0.0, 5426.0, Not available, 174498, 0.0, 0.0, , , , , 
2023-07-27, 5.00, 4.9936, 5.25, 5.0000, 5.00, 5.25, 0.0, 6840.0, Not available, 171076, 0.0, 0.0, , , , , 
2023-07-26, 5.00, 4.9929, 5.25, 5.0000, 5.00, 5.25, 0.0, 2780.0, Not available, 167498, 0.0, 0.0, , , , , 
2023-07-25, 5.00, 4.9950, 5.25, 5.0000, 5.00, 5.25, 0.0, 2500.0, Not available, 168841, 0.0, 0.0, , , , , 
2023-07-24, 5.00, 4.9909, 5.25, 5.0000, 5.00, 5.25, 0.0, 1902.0, Not available, 169638, 0.0, 0.0, , , , , 
2023-07-21, 5.00, 4.9904, 5.25, 5.0100, 5.00, 5.25, 0.0, 1930.0, Not available, 170385, 0.0, 0.0, , , , , 
2023-07-20, 5.00, 4.9905, 5.25, 5.0000, 5.00, 5.25, 0.0, 2403.0, Not available, 170681, 0.0, 0.0, , , , , 
2023-07-19, 5.00, 4.9979, 5.25, 5.0000, 5.00, 5.25, 0.0, 2096.0, Not available, 172333, 0.0, 0.0, , , , , 
2023-07-18, 5.00, 4.9941, 5.25, 5.0000, 5.00, 5.25, 0.0, 1783.0, Not available, 168841, 0.0, 0.0, , , , , 
2023-07-17, 5.00, 4.9944, 5.25, 5.0000, 5.00, 5.25, 0.0, 2083.0, Not available, 167224, 0.0, 0.0, , , , , 
2023-07-14, 5.00, 4.9931, 5.25, 5.0000, 5.00, 5.25, 0.0, 4639.0, Not available, 163580, 0.0, 0.0, , , , , 
2023-07-13, 5.00, 4.9911, 5.25, 5.0000, 5.00, 5.25, 0.0, 6364.0, Not available, 160071, 0.0, 0.0, , , , , 
2023-07-12, 4.75, 4.7432, 5.00, 4.7500, 4.75, 5.00, 0.0, 7970.0, Not available, 159438, 0.0, 0.0, , , , , 
2023-07-11, 4.75, 4.7400, 5.00, 4.7500, 4.75, 5.00, 0.0, 7236.0, Not available, 160283, 0.0, 0.0, , , , , 
2023-07-10, 4.75, 4.7389, 5.00, 4.7500, 4.75, 5.00, 0.0, 7592.0, Not available, 158995, 0.0, 0.0, , , , , 
2023-07-07, 4.75, 4.7427, 5.00, 4.7500, 4.75, 5.00, 0.0, 8304.0, Not available, 157433, 0.0, 0.0, , , , , 
2023-07-06, 4.75, 4.7427, 5.00, 4.7500, 4.75, 5.00, 0.0, 8110.0, Not available, 164599, 0.0, 0.0, , , , , 
2023-07-05, 4.75, 4.7362, 5.00, 4.7500, 4.75, 5.00, 0.0, 8002.0, Not available, 174015, 0.0, 0.0, , , , , 
2023-07-04, 4.75, 4.7205, 5.00, 4.7500, 4.75, 5.00, 0.0, 7903.0, Not available, 173642, 0.0, 0.0, , , , , 
2023-07-03, 4.75, Bank holiday, Bank holiday, Bank holiday, Bank holiday, Bank holiday, Bank holiday, Bank holiday, Bank holiday, , Bank holiday, Bank holiday, , , , , 
2023-06-30, 4.75, 4.7286, 5.00, 4.7500, 4.75, 5.00, 0.0, 6678.0, Not available, 171013, 0.0, 0.0, , , , , 
2023-06-29, 4.75, 4.7350, 5.00, 4.7500, 4.75, 5.00, 0.0, 6931.0, Not available, 169233, 0.0, 0.0, , , , , 
2023-06-28, 4.75, 4.7373, 5.00, 4.7500, 4.75, 5.00, 0.0, 5479.0, Not available, 169704, 0.0, 0.0, , , , , 
2023-06-27, 4.75, 4.7373, 5.00, 4.7500, 4.75, 5.00, 0.0, 5977.0, Not available, 164511, 0.0, 0.0, , , , , 
2023-06-26, 4.75, 4.7373, 5.00, 4.7500, 4.75, 5.00, 0.0, 5717.0, Not available, 164337, 0.0, 0.0, , , , , 
2023-06-23, 4.75, 4.7341, 5.00, 4.7500, 4.75, 5.00, 0.0, 5428.0, Not available, 169981, 0.0, 0.0, , , , , 
2023-06-22, 4.75, 4.7400, 5.00, 4.7500, 4.75, 5.00, 0.0, 6282.0, Not available, 170619, 0.0, 0.0, , , , , 
2023-06-21, 4.75, 4.7355, 5.00, 4.7500, 4.75, 5.00, 0.0, 5312.0, Not available, 172567, 0.0, 0.0, , , , , 
2023-06-20, 4.75, 4.7422, 5.00, 4.7500, 4.75, 5.00, 0.0, 5653.0, Not available, 168899, 0.0, 0.0, , , , , 
2023-06-19, 4.75, 4.7404, 5.00, 4.7500, 4.75, 5.00, 0.0, 2247.0, Not available, 167410, 0.0, 0.0, , , , , 
2023-06-16, 4.75, 4.7410, 5.00, 4.7500, 4.75, 5.00, 0.0, 5726.0, Not available, 169684, 0.0, 0.0, , , , , 
2023-06-15, 4.75, 4.7443, 5.00, 4.7500, 4.75, 5.00, 0.0, 4800.0, Not available, 165927, 0.0, 0.0, , , , , 
2023-06-14, 4.75, 4.7440, 5.00, 4.7500, 4.75, 5.00, 0.0, 7122.0, Not available, 164289, 0.0, 0.0, , , , , 
2023-06-13, 4.75, 4.7454, 5.00, 4.7500, 4.75, 5.00, 0.0, 6174.0, Not available, 165033, 0.0, 0.0, , , , , 
2023-06-12, 4.75, 4.7449, 5.00, 4.7500, 4.75, 5.00, 0.0, 5989.0, Not available, 168750, 0.0, 0.0, , , , , 
2023-06-09, 4.75, 4.7440, 5.00, 4.7500, 4.75, 5.00, 0.0, 0.0, Not available, 175916, 0.0, 0.0, , , , , 
2023-06-08, 4.75, 4.7440, 5.00, 4.7500, 4.75, 5.00, 0.0, 1170.0, Not available, 171696, 0.0, 0.0, , , , , 
2023-06-07, 4.50, 4.4963, 4.75, 4.5000, 4.50, 4.75, 0.0, 1816.0, Not available, 164174, 0.0, 0.0, , , , , 
2023-06-06, 4.50, 4.4951, 4.75, 4.5000, 4.50, 4.75, 0.0, 1452.0, Not available, 165049, 0.0, 0.0, , , , , 
2023-06-05, 4.50, 4.4856, 4.75, 4.5000, 4.50, 4.75, 0.0, 1441.0, Not available, 166198, 0.0, 0.0, , , , , 
2023-06-02, 4.50, 4.4947, 4.75, 4.5000, 4.50, 4.75, 0.0, 1913.0, Not available, 179719, 0.0, 0.0, , , , , 
2023-06-01, 4.50, 4.4998, 4.75, 4.5000, 4.50, 4.75, 0.0, 4525.0, Not available, 186080, 0.0, 0.0, , , , , 
2023-05-31, 4.50, 4.4960, 4.75, 4.5000, 4.50, 4.75, 0.0, 4275.0, Not available, 171695, 0.0, 0.0, , , , , 
2023-05-30, 4.50, 4.4916, 4.75, 4.5000, 4.50, 4.75, 0.0, 4279.0, Not available, 173047, 0.0, 0.0, , , , , 
2023-05-29, 4.50, 4.4893, 4.75, 4.5000, 4.50, 4.75, 0.0, 4081.0, Not available, 172373, 0.0, 0.0, , , , , 
2023-05-26, 4.50, 4.4927, 4.75, 4.5000, 4.50, 4.75, 0.0, 3770.0, Not available, 171123, 0.0, 0.0, , , , , 
2023-05-25, 4.50, 4.4952, 4.75, 4.5000, 4.50, 4.75, 0.0, 3987.0, Not available, 173814, 0.0, 0.0, , , , , 
2023-05-24, 4.50, 4.4917, 4.75, 4.5000, 4.50, 4.75, 0.0, 4671.0, Not available, 179601, 0.0, 0.0, , , , , 
2023-05-23, 4.50, 4.4953, 4.75, 4.5000, 4.50, 4.75, 0.0, 3857.0, Not available, 179741, 0.0, 0.0, , , , , 
2023-05-22, 4.50, Bank holiday, Bank holiday, Bank holiday, Bank holiday, Bank holiday, Bank holiday, Bank holiday, Bank holiday, , Bank holiday, Bank holiday, , , , , 
2023-05-19, 4.50, 4.4943, 4.75, 4.5000, 4.50, 4.75, 0.0, 3724.0, Not available, 180341, 0.0, 0.0, , , , , 
2023-05-18, 4.50, 4.4921, 4.75, 4.5000, 4.50, 4.75, 0.0, 4445.0, Not available, 180731, 0.0, 0.0, , , , , 
2023-05-17, 4.50, 4.4943, 4.75, 4.5000, 4.50, 4.75, 0.0, 4663.0, Not available, 179620, 0.0, 0.0, , , , , 
2023-05-16, 4.50, 4.4906, 4.75, 4.5000, 4.50, 4.75, 0.0, 6129.0, Not available, 178405, 0.0, 0.0, , , , , 
2023-05-15, 4.50, 4.4958, 4.75, 4.5000, 4.50, 4.75, 0.0, 4640.0, Not available, 176319, 0.0, 0.0, , , , , 
2023-05-12, 4.50, 4.4917, 4.75, 4.5000, 4.50, 4.75, 0.0, 4674.0, Not available, 177757, 0.0, 0.0, , , , , 
2023-05-11, 4.50, 4.4930, 4.75, 4.5000, 4.50, 4.75, 0.0, 4606.0, Not available, 183181, 0.0, 0.0, , , , , 
2023-05-10, 4.50, 4.4910, 4.75, 4.5000, 4.50, 4.75, 0.0, 4645.0, Not available, 183044, 0.0, 0.0, , , , , 
2023-05-09, 4.50, 4.4908, 4.75, 4.5000, 4.50, 4.75, 0.0, 4379.0, Not available, 183142, 0.0, 0.0, , , , , 
2023-05-08, 4.50, 4.4933, 4.75, 4.5000, 4.50, 4.75, 0.0, 4683.0, Not available, 178438, 0.0, 0.0, , , , , 
2023-05-05, 4.50, 4.4920, 4.75, 4.5000, 4.50, 4.75, 0.0, 4680.0, Not available, 178794, 0.0, 0.0, , , , , 
2023-05-04, 4.50, 4.4925, 4.75, 4.5000, 4.50, 4.75, 0.0, 4689.0, Not available, 178023, 0.0, 0.0, , , , , 
2023-05-03, 4.50, 4.4928, 4.75, 4.5000, 4.50, 4.75, 0.0, 0.0, Not available, 182370, 0.0, 0.0, , , , , 
2023-05-02, 4.50, 4.4899, 4.75, 4.5000, 4.50, 4.75, 0.0, 4599.0, Not available, 188848, 0.0, 0.0, , , , , 
2023-05-01, 4.50, 4.4924, 4.75, 4.5000, 4.50, 4.75, 0.0, 4296.0, Not available, 196845, 0.0, 0.0, , , , , 
2023-04-28, 4.50, 4.4942, 4.75, 4.5000, 4.50, 4.75, 0.0, 3718.0, Not available, 185139, 0.0, 0.0, , , , , 
2023-04-27, 4.50, 4.4939, 4.75, 4.5000, 4.50, 4.75, 0.0, 3952.0, Not available, 191360, 0.0, 0.0, , , , , 
2023-04-26, 4.50, 4.4935, 4.75, 4.5000, 4.50, 4.75, 0.0, 4868.0, Not available, 195796, 0.0, 0.0, , , , , 
2023-04-25, 4.50, 4.4917, 4.75, 4.5000, 4.50, 4.75, 0.0, 4973.0, Not available, 193789, 0.0, 0.0, , , , , 
2023-04-24, 4.50, 4.4934, 4.75, 4.5000, 4.50, 4.75, 0.0, 5762.0, Not available, 194541, 0.0, 0.0, , , , , 
2023-04-21, 4.50, 4.4928, 4.75, 4.5000, 4.50, 4.75, 0.0, 5732.0, Not available, 196116, 0.0, 0.0, , , , , 
2023-04-20, 4.50, 4.4898, 4.75, 4.5000, 4.50, 4.75, 0.0, 4981.0, Not available, 197382, 0.0, 0.0, , , , , 
2023-04-19, 4.50, 4.4879, 4.75, 4.5000, 4.50, 4.75, 0.0, 5185.0, Not available, 194930, 0.0, 0.0, , , , , 
2023-04-18, 4.50, 4.4888, 4.75, 4.5000, 4.50, 4.75, 0.0, 3789.0, Not available, 193049, 0.0, 0.0, , , , , 
2023-04-17, 4.50, 4.4931, 4.75, 4.5000, 4.50, 4.75, 0.0, 5.0, Not available, 197728, 0.0, 0.0, , , , , 
2023-04-14, 4.50, 4.4919, 4.75, 4.5000, 4.50, 4.75, 0.0, 4060.0, Not available, 194600, 0.0, 0.0, , , , , 
2023-04-13, 4.50, 4.4903, 4.75, 4.5000, 4.50, 4.75, 0.0, 4515.0, Not available, 193348, 0.0, 0.0, , , , , 
2023-04-12, 4.50, 4.4916, 4.75, 4.5000, 4.50, 4.75, 0.0, 5520.0, Not available, 195784, 0.0, 0.0, , , , , 
2023-04-11, 4.50, 4.4898, 4.75, 4.5000, 4.50, 4.75, 0.0, 5555.0, Not available, 189805, 0.0, 0.0, , , , , 
2023-04-10, 4.50, 4.4930, 4.75, 4.5000, 4.50, 4.75, 0.0, 3794.0, Not available, 195534, 0.0, 0.0, , , , , 
2023-04-07, 4.50, Bank holiday, Bank holiday, Bank holiday, Bank holiday, Bank holiday, Bank holiday, Bank holiday, Bank holiday, Bank holiday, Bank holiday, Bank holiday, , , , , 
2023-04-06, 4.50, 4.4936, 4.75, 4.5000, 4.50, 4.75, 0.0, 4105.0, Not available, 199871, 0.0, 0.0, , , , , 
2023-04-05, 4.50, 4.4941, 4.75, 4.5000, 4.50, 4.75, 0.0, 3444.0, Not available, 198787, 0.0, 0.0, , , , , 
2023-04-04, 4.50, 4.4917, 4.75, 4.5000, 4.50, 4.75, 0.0, 3860.0, Not available, 206774, 0.0, 0.0, , , , , 
2023-04-03, 4.50, 4.4918, 4.75, 4.5000, 4.50, 4.75, 0.0, 3057.0, Not available, 210471, 0.0, 0.0, , , , , 
2023-03-31, 4.50, 4.4935, 4.75, 4.5000, 4.50, 4.75, 0.0, 2717.0, Not available, 204976, 0.0, 0.0, , , , , 
2023-03-30, 4.50, 4.4936, 4.75, 4.5000, 4.50, 4.75, 0.0, 3537.0, Not available, 192649, 0.0, 0.0, , , , , 
2023-03-29, 4.50, 4.4949, 4.75, 4.5000, 4.50, 4.75, 0.0, 5068.0, Not available, 187571, 0.0, 0.0, , , , , 
2023-03-28, 4.50, 4.4990, 4.75, 4.5000, 4.50, 4.75, 0.0, 3699.0, Not available, 185140, 0.0, 0.0, , , , , 
2023-03-27, 4.50, 4.4994, 4.75, 4.5000, 4.50, 4.75, 0.0, 3695.0, Not available, 184593, 0.0, 0.0, , , , , 
2023-03-24, 4.50, 4.4960, 4.75, 4.5000, 4.50, 4.75, 0.0, 3589.0, Not available, 182739, 0.0, 0.0, , , , , 
2023-03-23, 4.50, 4.4960, 4.75, 4.5000, 4.50, 4.75, 0.0, 0.0, Not available, 187088, 0.0, 0.0, , , , , 
2023-03-22, 4.50, 4.4971, 4.75, 4.5000, 4.50, 4.75, 0.0, 0.0, Not available, 184269, 0.0, 0.0, , , , , 
2023-03-21, 4.50, 4.4935, 4.75, 4.5000, 4.50, 4.75, 0.0, 0.0, Not available, 187808, 0.0, 0.0, , , , , 
2023-03-20, 4.50, 4.4892, 4.75, 4.5000, 4.50, 4.75, 0.0, 0.0, Not available, 186171, 0.0, 0.0, , , , , 
2023-03-17, 4.50, 4.4854, 4.75, 4.5000, 4.50, 4.75, 0.0, 0.0, Not available, 183116, 0.0, 0.0, , , , , 
2023-03-16, 4.50, 4.4877, 4.75, 4.5000, 4.50, 4.75, 0.0, 68.0, Not available, 188852, 0.0, 0.0, , , , , 
2023-03-15, 4.50, 4.4907, 4.75, 4.5000, 4.50, 4.75, 0.0, 3064.0, Not available, 183534, 0.0, 0.0, , , , , 
2023-03-14, 4.50, 4.4882, 4.75, 4.5000, 4.50, 4.75, 0.0, 2856.0, Not available, 188432, 0.0, 0.0, , , , , 
2023-03-13, 4.50, 4.4915, 4.75, 4.5000, 4.50, 4.75, 0.0, 3110.0, Not available, 188494, 0.0, 0.0, , , , , 
2023-03-10, 4.50, 4.4852, 4.75, 4.5000, 4.50, 4.75, 0.0, 3951.0, Not available, 188590, 0.0, 0.0, , , , , 
2023-03-09, 4.50, 4.4914, 4.75, 4.5000, 4.50, 4.75, 0.0, 3754.0, Not available, 189135, 0.0, 0.0, , , , , 
2023-03-08, 4.50, 4.4898, 4.75, 4.5000, 4.50, 4.75, 0.0, 3971.0, Not available, 185816, 0.0, 0.0, , , , , 
2023-03-07, 4.50, 4.4905, 4.75, 4.5000, 4.50, 4.75, 0.0, 3664.0, Not available, 184554, 0.0, 0.0, , , , , 
2023-03-06, 4.50, 4.4902, 4.75, 4.5000, 4.50, 4.75, 0.0, 4169.0, Not available, 185405, 0.0, 0.0, , , , , 
2023-03-03, 4.50, 4.4934, 4.75, 4.5000, 4.50, 4.75, 0.0, 3567.0, Not available, 188425, 0.0, 0.0, , , , , 
2023-03-02, 4.50, 4.4950, 4.75, 4.5000, 4.50, 4.75, 0.0, 4224.0, Not available, 205370, 0.0, 0.0, , , , , 
2023-03-01, 4.50, 4.4920, 4.75, 4.5000, 4.50, 4.75, 0.0, 4017.0, Not available, 209792, 0.0, 0.0, , , , , 
2023-02-28, 4.50, 4.4926, 4.75, 4.5000, 4.50, 4.75, 0.0, 4299.0, Not available, 200549, 0.0, 0.0, , , , , 
2023-02-27, 4.50, 4.4994, 4.75, 4.5000, 4.50, 4.75, 0.0, 4408.0, Not available, 203375, 0.0, 0.0, , , , , 
2023-02-24, 4.50, 4.4926, 4.75, 4.5000, 4.50, 4.75, 0.0, 3822.0, Not available, 206147, 0.0, 0.0, , , , , 
2023-02-23, 4.50, 4.4902, 4.75, 4.5000, 4.50, 4.75, 0.0, 3453.0, Not available, 200850, 0.0, 0.0, , , , , 
2023-02-22, 4.50, 4.3744, 4.75, 4.5000, 4.50, 4.75, 0.0, 3470.0, Not available, 198668, 0.0, 0.0, , , , , 
2023-02-21, 4.50, 4.4906, 4.75, 4.5000, 4.50, 4.75, 0.0, 3285.0, Not available, 198535, 0.0, 0.0, , , , , 
2023-02-20, 4.50, Bank holiday, Bank holiday, Bank holiday, Bank holiday, Bank holiday, Bank holiday, Bank holiday, Bank holiday, 197074, Bank holiday, Bank holiday, , , , , 
2023-02-17, 4.50, 4.4934, 4.75, 4.5000, 4.50, 4.75, 0.0, 3597.0, Not available, 192766, 0.0, 0.0, , , , , 
2023-02-16, 4.50, 4.4960, 4.75, 4.5000, 4.50, 4.75, 0.0, 3513.0, Not available, 195193, 0.0, 0.0, , , , , 
2023-02-15, 4.50, 4.4969, 4.75, 4.5100, 4.50, 4.75, 0.0, 2990.0, Not available, 191380, 0.0, 0.0, , , , , 
2023-02-14, 4.50, 4.5038, 4.75, 4.5100, 4.50, 4.75, 0.0, 3220.0, Not available, 194291, 0.0, 0.0, , , , , 
2023-02-13, 4.50, 4.5050, 4.75, 4.5100, 4.50, 4.75, 0.0, 2757.0, Not available, 194668, 0.0, 0.0, , , , , 
2023-02-10, 4.50, 4.5025, 4.75, 4.5100, 4.50, 4.75, 0.0, 3054.0, Not available, 195249, 0.0, 0.0, , , , , 
2023-02-09, 4.50, 4.5077, 4.75, 4.5100, 4.50, 4.75, 0.0, 3084.0, Not available, 197878, 0.0, 0.0, , , , , 
2023-02-08, 4.50, 4.5049, 4.75, 4.5100, 4.50, 4.75, 0.0, 2532.0, Not available, 194593, 0.0, 0.0, , , , , 
2023-02-07, 4.50, 4.4984, 4.75, 4.5100, 4.50, 4.75, 0.0, 3219.0, Not available, 192065, 0.0, 0.0, , , , , 
2023-02-06, 4.50, 4.5008, 4.75, 4.5100, 4.50, 4.75, 0.0, 2846.0, Not available, 191684, 0.0, 0.0, , , , , 
2023-02-03, 4.50, 4.5028, 4.75, 4.5100, 4.50, 4.75, 0.0, 2923.0, Not available, 197755, 0.0, 0.0, , , , , 
2023-02-02, 4.50, 4.5003, 4.75, 4.5100, 4.50, 4.75, 0.0, 2036.0, Not available, 206998, 0.0, 0.0, , , , , 
2023-02-01, 4.50, 4.5027, 4.75, 4.5100, 4.50, 4.75, 0.0, 1857.0, Not available, 206024, 0.0, 0.0, , , , , 
2023-01-31, 4.50, 4.5105, 4.75, 4.5100, 4.50, 4.75, 0.0, 1488.0, Not available, 189807, 0.0, 0.0, , , , , 
2023-01-30, 4.50, 4.4891, 4.75, 4.5100, 4.50, 4.75, 0.0, 1024.0, Not available, 190879, 0.0, 0.0, , , , , 
2023-01-27, 4.50, 4.4948, 4.75, 4.5100, 4.50, 4.75, 0.0, 636.0, Not available, 191413, 0.0, 0.0, , , , , 
2023-01-26, 4.50, 4.4933, 4.75, 4.5100, 4.50, 4.75, 0.0, 1319.0, Not available, 183974, 0.0, 0.0, , , , , 
2023-01-25, 4.25, 4.2475, 4.50, 4.2600, 4.25, 4.50, 0.0, 1364.0, Not available, 184987, 0.0, 0.0, , , , , 
2023-01-24, 4.25, 4.2481, 4.50, 4.2600, 4.25, 4.50, 0.0, 1804.0, Not available, 186193, 0.0, 0.0, , , , , 
2023-01-23, 4.25, 4.2368, 4.50, 4.2500, 4.25, 4.50, 0.0, 1959.0, Not available, 186120, 0.0, 0.0, , , , , 
2023-01-20, 4.25, 4.2467, 4.50, 4.2500, 4.25, 4.50, 0.0, 1974.0, Not available, 185150, 0.0, 0.0, , , , , 
2023-01-19, 4.25, 4.2434, 4.50, 4.2500, 4.25, 4.50, 0.0, 1973.0, Not available, 182041, 0.0, 0.0, , , , , 
2023-01-18, 4.25, 4.2307, 4.50, 4.2500, 4.25, 4.50, 0.0, 1815.0, Not available, 183424, 0.0, 0.0, , , , , 
2023-01-17, 4.25, 4.2368, 4.50, 4.2500, 4.25, 4.50, 0.0, 1224.0, Not available, 178778, 0.0, 0.0, , , , , 
2023-01-16, 4.25, 4.2361, 4.50, 4.2500, 4.25, 4.50, 0.0, 207.0, Not available, 179482, 0.0, 0.0, , , , , 
2023-01-13, 4.25, 4.2343, 4.50, 4.2500, 4.25, 4.50, 0.0, 1030.0, Not available, 181783, 0.0, 0.0, , , , , 
2023-01-12, 4.25, 4.2414, 4.50, 4.2500, 4.25, 4.50, 0.0, 201.0, Not available, 185183, 0.0, 0.0, , , , , 
2023-01-11, 4.25, 4.2312, 4.50, 4.2500, 4.25, 4.50, 0.0, 1348.0, Not available, 183739, 0.0, 0.0, , , , , 
2023-01-10, 4.25, 4.2296, 4.50, 4.2500, 4.25, 4.50, 0.0, 984.0, Not available, 185712, 0.0, 0.0, , , , , 
2023-01-09, 4.25, 4.2370, 4.50, 4.2500, 4.25, 4.50, 0.0, 999.0, Not available, 186897, 0.0, 0.0, , , , , 
2023-01-06, 4.25, 4.2444, 4.50, 4.2500, 4.25, 4.50, 0.0, 1126.0, Not available, 185307, 0.0, 0.0, , , , , 
2023-01-05, 4.25, 4.2542, 4.50, 4.2600, 4.25, 4.50, 0.0, 1165.0, Not available, 185882, 0.0, 0.0, , , , , 
2023-01-04, 4.25, 4.2497, 4.50, 4.2700, 4.25, 4.50, 0.0, 1640.0, Not available, 191313, 0.0, 0.0, , , , , 
2023-01-03, 4.25, 4.2547, 4.50, 4.2700, 4.25, 4.50, 0.0, 1424.0, Not available, 191926, 0.0, 0.0, , , , , 
2023-01-02, Bank holiday, Bank holiday, Bank holiday, Bank holiday, Bank holiday, Bank holiday, Bank holiday, Bank holiday, Bank holiday, , Bank holiday, Bank holiday, , , , , 
2022-12-30, 4.25, 4.2638, 4.50, 4.2800, 4.25, 4.50, 0.0, 1506.0, Not available, 196092, 0.0, 0.0, , , , , 
2022-12-29, 4.25, 4.2587, 4.50, 4.2700, 4.25, 4.50, 0.0, 1725.0, Not available, 195628, 0.0, 0.0, , , , , 
2022-12-28, 4.25, 4.2505, 4.50, 4.2700, 4.25, 4.50, 0.0, 1723.0, Not available, 194600, 0.0, 0.0, , , , , 
2022-12-27, Bank holiday, Bank holiday, Bank holiday, Bank holiday, Bank holiday, Bank holiday, Bank holiday, Bank holiday, Bank holiday, , Bank holiday, Bank holiday, , , , , 
2022-12-26, 4.25, Bank holiday, Bank holiday, Bank holiday, Bank holiday, Bank holiday, Bank holiday, Bank holiday, Bank holiday, , Bank holiday, Bank holiday, , , , , 
2022-12-23, 4.25, 4.2495, 4.50, 4.2700, 4.25, 4.50, 0.0, 1643.0, Not available, 199800, 0.0, 0.0, , , , , 
2022-12-22, 4.25, 4.2505, 4.50, 4.2700, 4.25, 4.50, 0.0, 1238.0, Not available, 199397, 0.0, 0.0, , , , , 
2022-12-21, 4.25, 4.2481, 4.50, 4.2700, 4.25, 4.50, 0.0, 969.0, Not available, 200130, 0.0, 0.0, , , , , 
2022-12-20, 4.25, 4.2523, 4.50, 4.2600, 4.25, 4.50, 0.0, 0.0, Not available, 191979, 0.0, 0.0, , , , , 
2022-12-19, 4.25, 4.2487, 4.50, 4.2700, 4.25, 4.50, 0.0, 722.0, Not available, 189106, 0.0, 0.0, , , , , 
2022-12-16, 4.25, 4.2482, 4.50, 4.2700, 4.25, 4.50, 0.0, 539.0, Not available, 195156, 0.0, 0.0, , , , , 
2022-12-15, 4.25, 4.2511, 4.50, 4.2700, 4.25, 4.50, 0.0, 452.0, Not available, 191033, 0.0, 0.0, , , , , 
2022-12-14, 4.25, 4.2557, 4.50, 4.2700, 4.25, 4.50, 0.0, 506.0, Not available, 193559, 0.0, 0.0, , , , , 
2022-12-13, 4.25, 4.2538, 4.50, 4.2600, 4.25, 4.50, 0.0, 448.0, Not available, 195181, 0.0, 0.0, , , , , 
2022-12-12, 4.25, 4.2410, 4.50, 4.2600, 4.25, 4.50, 0.0, 527.0, Not available, 192939, 0.0, 0.0, , , , , 
2022-12-09, 4.25, 4.2478, 4.50, 4.2600, 4.25, 4.50, 0.0, 193.0, Not available, 194109, 0.0, 0.0, , , , , 
2022-12-08, 4.25, 4.2509, 4.50, 4.2500, 4.25, 4.50, 0.0, 400.0, Not available, 193280, 0.0, 0.0, , , , , 
2022-12-07, 3.75, 3.7462, 4.00, 3.7600, 3.75, 4.00, 0.0, 731.0, Not available, 194879, 0.0, 0.0, , , , , 
2022-12-06, 3.75, 3.7447, 4.00, 3.7600, 3.75, 4.00, 0.0, 1038.0, Not available, 194606, 0.0, 0.0, , , , , 
2022-12-05, 3.75, 3.7476, 4.00, 3.7500, 3.75, 4.00, 0.0, 0.0, Not available, 196989, 0.0, 0.0, , , , , 
2022-12-02, 3.75, 3.7402, 4.00, 3.7600, 3.75, 4.00, 0.0, 400.0, Not available, 203268, 0.0, 0.0, , , , , 
2022-12-01, 3.75, 3.7407, 4.00, 3.7600, 3.75, 4.00, 0.0, 0.0, Not available, 211573, 0.0, 0.0, , , , , 
2022-11-30, 3.75, 3.7584, 4.00, 3.7600, 3.75, 4.00, 0.0, 2135.0, Not available, 205015, 0.0, 0.0, , , , , 
2022-11-29, 3.75, 3.7450, 4.00, 3.7600, 3.75, 4.00, 0.0, 3109.0, Not available, 203472, 0.0, 0.0, , , , , 
2022-11-28, 3.75, 3.7442, 4.00, 3.7600, 3.75, 4.00, 0.0, 3430.0, Not available, 204945, 0.0, 0.0, , , , , 
2022-11-25, 3.75, 3.7464, 4.00, 3.7600, 3.75, 4.00, 0.0, 3356.0, Not available, 198873, 0.0, 0.0, , , , , 
2022-11-24, 3.75, 3.7474, 4.00, 3.7600, 3.75, 4.00, 0.0, 0.0, Not available, 204590, 0.0, 0.0, , , , , 
2022-11-23, 3.75, 3.7223, 4.00, 3.7600, 3.75, 4.00, 0.0, 0.0, Not available, 202553, 0.0, 0.0, , , , , 
2022-11-22, 3.75, 3.7319, 4.00, 3.7600, 3.75, 4.00, 0.0, 0.0, Not available, 202841, 0.0, 0.0, , , , , 
2022-11-21, 3.75, 3.7374, 4.00, 3.7600, 3.75, 4.00, 0.0, 0.0, Not available, 202773, 0.0, 0.0, , , , , 
2022-11-18, 3.75, 3.7502, 4.00, 3.7600, 3.75, 4.00, 0.0, 0.0, Not available, 202048, 0.0, 0.0, , , , , 
2022-11-17, 3.75, 3.7298, 4.00, 3.7600, 3.75, 4.00, 0.0, 0.0, Not available, 192791, 0.0, 0.0, , , , , 
2022-11-16, 3.75, 3.7425, 4.00, 3.7600, 3.75, 4.00, 0.0, 0.0, Not available, 191178, 0.0, 0.0, , , , , 
2022-11-15, 3.75, 3.7429, 4.00, 3.7600, 3.75, 4.00, 0.0, 0.0, Not available, 187014, 0.0, 0.0, , , , , 
2022-11-14, 3.75, 3.7365, 4.00, 3.7600, 3.75, 4.00, 0.0, 2896.0, Not available, 186653, 0.0, 0.0, , , , , 
2022-11-11, 3.75, Bank holiday, Bank holiday, Bank holiday, Bank holiday, Bank holiday, Bank holiday, Bank holiday, , Bank holiday, Bank holiday, Bank holiday, , , , , 
2022-11-10, 3.75, 3.7337, 4.00, 3.7600, 3.75, 4.00, 0.0, 0.0, Not available, 192280, 0.0, 0.0, , , , , 
2022-11-09, 3.75, 3.7345, 4.00, 3.7600, 3.75, 4.00, 0.0, 0.0, Not available, 191879, 0.0, 0.0, , , , , 
2022-11-08, 3.75, 3.7476, 4.00, 3.7600, 3.75, 4.00, 0.0, 67.0, Not available, 191925, 0.0, 0.0, , , , , 
2022-11-07, 3.75, 3.7370, 4.00, 3.7600, 3.75, 4.00, 0.0, 1353.0, Not available, 189753, 0.0, 0.0, , , , , 
2022-11-04, 3.75, 3.7382, 4.00, 3.7600, 3.75, 4.00, 0.0, 1304.0, Not available, 192515, 0.0, 0.0, , , , , 
2022-11-03, 3.75, 3.7571, 4.00, 3.7600, 3.75, 4.00, 0.0, 1500.0, Not available, 190073, 0.0, 0.0, , , , , 
2022-11-02, 3.75, 3.7548, 4.00, 3.7600, 3.75, 4.00, 0.0, 1600.0, Not available, 199610, 0.0, 0.0, , , , , 
2022-11-01, 3.75, 3.7279, 4.00, 3.7600, 3.75, 4.00, 0.0, 2300.0, Not available, 206019, 0.0, 0.0, , , , , 
2022-10-31, 3.75, 3.7384, 4.00, 3.7600, 3.75, 4.00, 0.0, 2800.0, Not available, 186603, 0.0, 0.0, , , , , 
2022-10-28, 3.75, 3.7365, 4.00, 3.7500, 3.75, 4.00, 0.0, 1800.0, Not available, 193044, 0.0, 0.0, , , , , 
2022-10-27, 3.75, 3.7372, 4.00, 3.7500, 3.75, 4.00, 0.0, 0.0, Not available, 189889, 0.0, 0.0, , , , , 
2022-10-26, 3.25, 3.2337, 3.50, 3.2500, 3.25, 3.50, 0.0, 1653.0, Not available, 186536, 0.0, 0.0, , , , , 
2022-10-25, 3.25, 3.2311, 3.50, 3.2500, 3.25, 3.50, 0.0, 777.0, Not available, 186802, 0.0, 0.0, , , , , 
2022-10-24, 3.25, 3.2268, 3.50, 3.2500, 3.25, 3.50, 0.0, 0.0, Not available, 188856, 0.0, 0.0, , , , , 
2022-10-21, 3.25, 3.2407, 3.50, 3.2500, 3.25, 3.50, 0.0, 0.0, Not available, 192987, 0.0, 0.0, , , , , 
2022-10-20, 3.25, 3.2299, 3.50, 3.2500, 3.25, 3.50, 0.0, 0.0, Not available, 193702, 0.0, 0.0, , , , , 
2022-10-19, 3.25, 3.2404, 3.50, 3.2500, 3.25, 3.50, 0.0, 0.0, Not available, 190948, 0.0, 0.0, , , , , 
2022-10-18, 3.25, 3.2254, 3.50, 3.2600, 3.25, 3.50, 0.0, 0.0, Not available, 187481, 0.0, 0.0, , , , , 
2022-10-17, 3.25, 3.2441, 3.50, 3.2500, 3.25, 3.50, 0.0, 300.0, Not available, 187312, 0.0, 0.0, , , , , 
2022-10-14, 3.25, 3.2380, 3.50, 3.2500, 3.25, 3.50, 0.0, 2353.0, Not available, 185652, 0.0, 0.0, , , , , 
2022-10-13, 3.25, 3.2468, 3.50, 3.2500, 3.25, 3.50, 0.0, 0.0, Not available, 185940, 0.0, 0.0, , , , , 
2022-10-12, 3.25, 3.2419, 3.50, 3.2500, 3.25, 3.50, 0.0, 900.0, Not available, 186039, 0.0, 0.0, , , , , 
2022-10-11, 3.25, 3.2437, 3.50, 3.2500, 3.25, 3.50, 0.0, 1800.0, Not available, 184685, 0.0, 0.0, , , , , 
2022-10-10, 3.25, Bank holiday, Bank holiday, Bank holiday, Bank holiday, Bank holiday, Bank holiday, Bank holiday, Bank holiday, , Bank holiday, Bank holiday, , , , , 
2022-10-07, 3.25, 3.2420, 3.50, 3.2500, 3.25, 3.50, 0.0, 2038.0, Not available, 184943, 0.0, 0.0, , , , , 
2022-10-06, 3.25, 3.2367, 3.50, 3.2500, 3.25, 3.50, 0.0, 2188.0, Not available, 187434, 0.0, 0.0, , , , , 
2022-10-05, 3.25, 3.2380, 3.50, 3.2500, 3.25, 3.50, 0.0, 1950.0, Not available, 191228, 0.0, 0.0, , , , , 
2022-10-04, 3.25, 3.2145, 3.50, 3.2600, 3.25, 3.50, 0.0, 2067.0, Not available, 197385, 0.0, 0.0, , , , , 
2022-10-03, 3.25, 3.2239, 3.50, 3.2600, 3.25, 3.50, 0.0, 1554.0, Not available, 198631, 0.0, 0.0, , , , , 
2022-09-30, Bank holiday, Bank holiday, Bank holiday, Bank holiday, Bank holiday, Bank holiday, Bank holiday, Bank holiday, Bank holiday, , Bank holiday, Bank holiday, , , , , 
2022-09-29, 3.25, 3.2323, 3.50, 3.2600, 3.25, 3.50, 0.0, 1667.0, Not available, 199707, 0.0, 0.0, , , , , 
2022-09-28, 3.25, 3.2333, 3.50, 3.2500, 3.25, 3.50, 0.0, 1473.0, Not available, 202396, 0.0, 0.0, , , , , 
2022-09-27, 3.25, 3.2294, 3.50, 3.2500, 3.25, 3.50, 0.0, 2003.0, Not available, 203287, 0.0, 0.0, , , , , 
2022-09-26, 3.25, 3.2391, 3.50, 3.2500, 3.25, 3.50, 0.0, 1714.0, Not available, 197799, 0.0, 0.0, , , , , 
2022-09-23, 3.25, 3.2377, 3.50, 3.2500, 3.25, 3.50, 0.0, 2896.0, Not available, 200250, 0.0, 0.0, , , , , 
2022-09-22, 3.25, 3.0761, 3.50, 3.2500, 3.25, 3.50, 0.0, 1662.0, Not available, 200020, 0.0, 0.0, , , , , 
2022-09-21, 3.25, 3.2396, 3.50, 3.2500, 3.25, 3.50, 0.0, 2324.0, Not available, 199655, 0.0, 0.0, , , , , 
2022-09-20, 3.25, 3.2201, 3.50, 3.2500, 3.25, 3.50, 0.0, 2509.0, Not available, 198088, 0.0, 0.0, , , , , 
2022-09-19, 3.25, 3.2177, 3.50, 3.2500, 3.25, 3.50, 0.0, 2608.0, Not available, 189895, 0.0, 0.0, , , , , 
2022-09-16, 3.25, 3.2305, 3.50, 3.2500, 3.25, 3.50, 0.0, 1549.0, Not available, 195212, 0.0, 0.0, , , , , 
2022-09-15, 3.25, 3.2249, 3.50, 3.2500, 3.25, 3.50, 0.0, 2004.0, Not available, 191927, 0.0, 0.0, , , , , 
2022-09-14, 3.25, 3.2171, 3.50, 3.2500, 3.25, 3.50, 0.0, 1877.0, Not available, 194014, 0.0, 0.0, , , , , 
2022-09-13, 3.25, 3.2303, 3.50, 3.2500, 3.25, 3.50, 0.0, 2325.0, Not available, 192009, 0.0, 0.0, , , , , 
2022-09-12, 3.25, 3.2390, 3.50, 3.2500, 3.25, 3.50, 0.0, 2116.0, Not available, 193866, 0.0, 0.0, , , , , 
2022-09-09, 3.25, 3.2220, 3.50, 3.2500, 3.25, 3.50, 0.0, 1852.0, Not available, 196740, 0.0, 0.0, , , , , 
2022-09-08, 3.25, 3.2137, 3.50, 3.2500, 3.25, 3.50, 0.0, 783.0, Not available, 192525, 0.0, 0.0, , , , , 
2022-09-07, 2.50, 2.4830, 2.75, 2.5000, 2.50, 2.75, 0.0, 700.0, Not available, 195034, 0.0, 0.0, , , , , 
2022-09-06, 2.50, 2.4840, 2.75, 2.5000, 2.50, 2.75, 0.0, 0.0, Not available, 197008, 0.0, 0.0, , , , , 
2022-09-05, 2.50, Bank holiday, Bank holiday, Bank holiday, Bank holiday, Bank holiday, Bank holiday, Bank holiday, Bank holiday, , Bank holiday, Bank holiday, , , , , 
2022-09-02, 2.50, 2.4695, 2.75, 2.5000, 2.50, 2.75, 0.0, 0.0, Not available, 203153, 0.0, 0.0, , , , , 
2022-09-01, 2.50, 2.4638, 2.75, 2.5000, 2.50, 2.75, 0.0, 0.0, Not available, 206005, 0.0, 0.0, , , , , 
2022-08-31, 2.50, 2.4746, 2.75, 2.5000, 2.50, 2.75, 0.0, 0.0, Not available, 191779, 0.0, 0.0, , , , , 
2022-08-30, 2.50, 2.4771, 2.75, 2.5000, 2.50, 2.75, 0.0, 0.0, Not available, 196476, 0.0, 0.0, , , , , 
2022-08-29, 2.50, 2.4760, 2.75, 2.5000, 2.50, 2.75, 0.0, 0.0, Not available, 194239, 0.0, 0.0, , , , , 
2022-08-26, 2.50, 2.4847, 2.75, 2.5000, 2.50, 2.75, 0.0, 0.0, Not available, 193694, 0.0, 0.0, , , , , 
2022-08-25, 2.50, 2.4867, 2.75, 2.5000, 2.50, 2.75, 0.0, 5.0, Not available, 192990, 0.0, 0.0, , , , , 
2022-08-24, 2.50, 2.4917, 2.75, 2.5000, 2.50, 2.75, 0.0, 10.0, Not available, 192777, 0.0, 0.0, , , , , 
2022-08-23, 2.50, 2.4851, 2.75, 2.5000, 2.50, 2.75, 0.0, 10.0, Not available, 194244, 0.0, 0.0, , , , , 
2022-08-22, 2.50, 2.4807, 2.75, 2.5000, 2.50, 2.75, 0.0, 10.0, Not available, 192101, 0.0, 0.0, , , , , 
2022-08-19, 2.50, 2.4803, 2.75, 2.5000, 2.50, 2.75, 0.0, 500.0, Not available, 193923, 0.0, 0.0, , , , , 
2022-08-18, 2.50, 2.4853, 2.75, 2.5000, 2.50, 2.75, 0.0, 1342.0, Not available, 187724, 0.0, 0.0, , , , , 
2022-08-17, 2.50, 2.4840, 2.75, 2.5000, 2.50, 2.75, 0.0, 650.0, Not available, 187357, 0.0, 0.0, , , , , 
2022-08-16, 2.50, 2.4993, 2.75, 2.5100, 2.50, 2.75, 0.0, 0.0, Not available, 185733, 0.0, 0.0, , , , , 
2022-08-15, 2.50, 2.4873, 2.75, 2.5100, 2.50, 2.75, 0.0, 45.0, Not available, 181468, 0.0, 0.0, , , , , 
2022-08-12, 2.50, 2.4909, 2.75, 2.5100, 2.50, 2.75, 0.0, 0.0, Not available, 188063, 0.0, 0.0, , , , , 
2022-08-11, 2.50, 2.4916, 2.75, 2.5100, 2.50, 2.75, 0.0, 1940.0, Not available, 186738, 0.0, 0.0, , , , , 
2022-08-10, 2.50, 2.4894, 2.75, 2.5200, 2.50, 2.75, 0.0, 0.0, Not available, 188221, 0.0, 0.0, , , , , 
2022-08-09, 2.50, 2.4959, 2.75, 2.5200, 2.50, 2.75, 0.0, 1860.0, Not available, 186907, 0.0, 0.0, , , , , 
2022-08-08, 2.50, 2.4861, 2.75, 2.5200, 2.50, 2.75, 0.0, 4155.0, Not available, 182136, 0.0, 0.0, , , , , 
2022-08-05, 2.50, 2.4733, 2.75, 2.5000, 2.50, 2.75, 0.0, 3630.0, Not available, 185274, 0.0, 0.0, , , , , 
2022-08-04, 2.50, 2.4688, 2.75, 2.4800, 2.50, 2.75, 0.0, 4613.0, Not available, 186205, 0.0, 0.0, , , , , 
2022-08-03, 2.50, 2.4682, 2.75, 2.4800, 2.50, 2.75, 0.0, 3987.0, Not available, 186496, 0.0, 0.0, , , , , 
2022-08-02, Bank holiday, 2.4680, 2.75, 2.4700, 2.50, 2.75, 0.0, 4431.0, Not available, 194033, 0.0, 0.0, , , , , 
2022-08-01, 2.50, Bank holiday, Bank holiday, Bank holiday, Bank holiday, Bank holiday, Bank holiday, Bank holiday, Bank holiday, 187371, Bank holiday, Bank holiday, , , , , 
2022-07-29, 2.50, 2.4673, 2.75, 2.4700, 2.50, 2.75, 0.0, 2930.0, Not available, 186725, 0.0, 0.0, , , , , 
2022-07-28, 2.50, 2.4551, 2.75, 2.4700, 2.50, 2.75, 0.0, 9879.0, Not available, 183215, 0.0, 0.0, , , , , 
2022-07-27, 2.50, 2.4673, 2.75, 2.4700, 2.50, 2.75, 0.0, 7759.0, Not available, 181687, 0.0, 0.0, , , , , 
2022-07-26, 2.50, 2.4673, 2.75, 2.4700, 2.50, 2.75, 0.0, 5337.0, Not available, 179918, 0.0, 0.0, , , , , 
2022-07-25, 2.50, 2.4639, 2.75, 2.4700, 2.50, 2.75, 0.0, 5706.0, Not available, 178634, 0.0, 0.0, , , , , 
2022-07-22, 2.50, 2.4646, 2.75, 2.4700, 2.50, 2.75, 0.0, 7448.0, Not available, 180456, 0.0, 0.0, , , , , 
2022-07-21, 2.50, 2.4669, 2.75, 2.4700, 2.50, 2.75, 0.0, 7164.0, Not available, 185171, 0.0, 0.0, , , , , 
2022-07-20, 2.50, 2.4664, 2.75, 2.4700, 2.50, 2.75, 0.0, 7374.0, Not available, 181460, 0.0, 0.0, , , , , 
2022-07-19, 2.50, 2.4665, 2.75, 2.4700, 2.50, 2.75, 0.0, 6341.0, Not available, 177186, 0.0, 0.0, , , , , 
2022-07-18, 2.50, 2.4635, 2.75, 2.4700, 2.50, 2.75, 0.0, 6381.0, Not available, 176999, 0.0, 0.0, , , , , 
2022-07-15, 2.50, 2.4575, 2.75, 2.4700, 2.50, 2.75, 0.0, 7444.0, Not available, 174693, 0.0, 0.0, , , , , 
2022-07-14, 2.50, 2.4473, 2.75, 2.4700, 2.50, 2.75, 0.0, 7076.0, Not available, 175151, 0.0, 0.0, , , , , 
2022-07-13, 1.50, 1.4536, 1.75, 1.4600, 1.50, 1.75, 0.0, 7190.0, Not available, 172239, 0.0, 0.0, , , , , 
2022-07-12, 1.50, 1.4534, 1.75, 1.4600, 1.50, 1.75, 0.0, 8617.0, Not available, 172430, 0.0, 0.0, , , , , 
2022-07-11, 1.50, 1.4538, 1.75, 1.4600, 1.50, 1.75, 0.0, 9257.0, Not available, 172258, 0.0, 0.0, , , , , 
2022-07-08, 1.50, 1.4538, 1.75, 1.4600, 1.50, 1.75, 0.0, 8380.0, Not available, 177270, 0.0, 0.0, , , , , 
2022-07-07, 1.50, 1.4534, 1.75, 1.4600, 1.50, 1.75, 0.0, 7219.0, Not available, 176843, 0.0, 0.0, , , , , 
2022-07-06, 1.50, 1.4630, 1.75, 1.4600, 1.50, 1.75, 0.0, 8033.0, Not available, 174927, 0.0, 0.0, , , , , 
2022-07-05, 1.50, 1.4534, 1.75, 1.4600, 1.50, 1.75, 0.0, 6943.0, Not available, 185499, 0.0, 0.0, , , , , 
2022-07-04, 1.50, 1.4406, 1.75, 1.4600, 1.50, 1.75, 0.0, 8364.0, Not available, 189008, 0.0, 0.0, , , , , 
2022-07-01, 1.50, Bank holiday, 1.75, Bank holiday, 1.50, 1.75, Bank holiday, Bank holiday, Bank holiday, Bank holiday, Bank holiday, Bank holiday, , , , , 
2022-06-30, 1.50, 1.4431, 1.75, 1.4600, 1.50, 1.75, 0.0, 7523.0, Not available, 192332, 0.0, 0.0, , , , , 
2022-06-29, 1.50, 1.4473, 1.75, 1.4600, 1.50, 1.75, 0.0, 4895.0, Not available, 196218, 0.0, 0.0, , , , , 
2022-06-28, 1.50, 1.4525, 1.75, 1.4600, 1.50, 1.75, 0.0, 10369.0, Not available, 192090, 0.0, 0.0, , , , , 
2022-06-27, 1.50, 1.4425, 1.75, 1.4600, 1.50, 1.75, 0.0, 9269.0, Not available, 187404, 0.0, 0.0, , , , , 
2022-06-24, 1.50, 1.4478, 1.75, 1.4600, 1.50, 1.75, 0.0, 8652.0, Not available, 193462, 0.0, 0.0, , , , , 
2022-06-23, 1.50, 1.4498, 1.75, 1.4600, 1.50, 1.75, 0.0, 7419.0, Not available, 197493, 0.0, 0.0, , , , , 
2022-06-22, 1.50, 1.4527, 1.75, 1.4600, 1.50, 1.75, 0.0, 10521.0, Not available, 191329, 0.0, 0.0, , , , , 
2022-06-21, 1.50, 1.4530, 1.75, 1.4600, 1.50, 1.75, 0.0, 10146.0, Not available, 188065, 0.0, 0.0, , , , , 
2022-06-20, 1.50, 1.4481, 1.75, 1.4600, 1.50, 1.75, 0.0, 10149.0, Not available, 188296, 0.0, 0.0, , , , , 
2022-06-17, 1.50, 1.4507, 1.75, 1.4600, 1.50, 1.75, 0.0, 10341.0, Not available, 181135, 0.0, 0.0, , , , , 
2022-06-16, 1.50, 1.4496, 1.75, 1.4600, 1.50, 1.75, 0.0, 11678.0, Not available, 185442, 0.0, 0.0, , , , , 
2022-06-15, 1.50, 1.4615, 1.75, 1.4600, 1.50, 1.75, 0.0, 10402.0, Not available, 180464, 0.0, 0.0, , , , , 
2022-06-14, 1.50, 1.4512, 1.75, 1.4600, 1.50, 1.75, 0.0, 10028.0, Not available, 182721, 0.0, 0.0, , , , , 
2022-06-13, 1.50, 1.4500, 1.75, 1.4600, 1.50, 1.75, 0.0, 8739.0, Not available, 183264, 0.0, 0.0, , , , , 
2022-06-10, 1.50, 1.4551, 1.75, 1.4600, 1.50, 1.75, 0.0, 9561.0, Not available, 182512, 0.0, 0.0, , , , , 
2022-06-09, 1.50, 1.4549, 1.75, 1.4600, 1.50, 1.75, 0.0, 9805.0, Not available, 187842, 0.0, 0.0, , , , , 
2022-06-08, 1.50, 1.4555, 1.75, 1.4600, 1.50, 1.75, 0.0, 8717.0, Not available, 187006, 0.0, 0.0, , , , , 
2022-06-07, 1.50, 1.4553, 1.75, 1.4600, 1.50, 1.75, 0.0, 9331.0, Not available, 189218, 0.0, 0.0, , , , , 
2022-06-06, 1.50, 1.4542, 1.75, 1.4600, 1.50, 1.75, 0.0, 8942.0, Not available, 187402, 0.0, 0.0, , , , , 
2022-06-03, 1.50, 1.4567, 1.75, 1.4600, 1.50, 1.75, 0.0, 9257.0, Not available, 188221, 0.0, 0.0, , , , , 
2022-06-02, 1.50, 1.4530, 1.75, 1.4600, 1.50, 1.75, 0.0, 9834.0, Not available, 196451, 0.0, 0.0, , , , , 
2022-06-01, 1.00, 0.9494, 1.25, 0.9600, 1.00, 1.25, 0.0, 9666.0, Not available, 200616, 0.0, 0.0, , , , , 
2022-05-31, 1.00, 0.9470, 1.25, 0.9600, 1.00, 1.25, 0.0, 10429.0, Not available, 186654, 0.0, 0.0, , , , , 
2022-05-30, 1.00, 0.9506, 1.25, 0.9600, 1.00, 1.25, 0.0, 8887.0, Not available, 190017, 0.0, 0.0, , , , , 
2022-05-27, 1.00, 0.9509, 1.25, 0.9600, 1.00, 1.25, 0.0, 10382.0, Not available, 187772, 0.0, 0.0, , , , , 
2022-05-26, 1.00, 0.9510, 1.25, 0.9600, 1.00, 1.25, 0.0, 11479.0, Not available, 183642, 0.0, 0.0, , , , , 
2022-05-25, 1.00, 0.9515, 1.25, 0.9600, 1.00, 1.25, 0.0, 11073.0, Not available, 189263, 0.0, 0.0, , , , , 
2022-05-24, 1.00, 0.9507, 1.25, 0.9600, 1.00, 1.25, 0.0, 6773.0, Not available, 190171, 0.0, 0.0, , , , , 
2022-05-23, 1.00, Bank holiday, 1.25, Bank holiday, 1.00, 1.25, Bank holiday, Bank holiday, Bank holiday, Bank holiday, Bank holiday, Bank holiday, , , , , 
2022-05-20, 1.00, 0.9475, 1.25, 0.9600, 1.00, 1.25, 0.0, 12305.0, Not available, 192500, 0.0, 0.0, , , , , 
2022-05-19, 1.00, 0.9479, 1.25, 0.9600, 1.00, 1.25, 0.0, 10202.0, Not available, 191690, 0.0, 0.0, , , , , 
2022-05-18, 1.00, 0.9519, 1.25, 0.9600, 1.00, 1.25, 0.0, 9472.0, Not available, 193447, 0.0, 0.0, , , , , 
2022-05-17, 1.00, 0.9521, 1.25, 0.9600, 1.00, 1.25, 0.0, 7724.0, Not available, 192877, 0.0, 0.0, , , , , 
2022-05-16, 1.00, 0.9517, 1.25, 0.9600, 1.00, 1.25, 0.0, 5149.0, Not available, 195814, 0.0, 0.0, , , , , 
2022-05-13, 1.00, 0.9518, 1.25, 0.9600, 1.00, 1.25, 0.0, 4760.0, Not available, 193949, 0.0, 0.0, , , , , 
2022-05-12, 1.00, 0.9490, 1.25, 0.9600, 1.00, 1.25, 0.0, 5783.0, Not available, 195723, 0.0, 0.0, , , , , 
2022-05-11, 1.00, 0.9472, 1.25, 0.9600, 1.00, 1.25, 0.0, 4857.0, Not available, 199048, 0.0, 0.0, , , , , 
2022-05-10, 1.00, 0.9473, 1.25, 0.9600, 1.00, 1.25, 0.0, 5365.0, Not available, 200853, 0.0, 0.0, , , , , 
2022-05-09, 1.00, 0.9481, 1.25, 0.9500, 1.00, 1.25, 0.0, 9813.0, Not available, 195307, 0.0, 0.0, , , , , 
2022-05-06, 1.00, 0.9396, 1.25, 0.9600, 1.00, 1.25, 0.0, 7437.0, Not available, 198064, 0.0, 0.0, , , , , 
2022-05-05, 1.00, 0.9553, 1.25, 0.9500, 1.00, 1.25, 0.0, 7119.0, Not available, 198911, 0.0, 0.0, , , , , 
2022-05-04, 1.00, 0.9354, 1.25, 0.9600, 1.00, 1.25, 0.0, 8067.0, Not available, 200352, 0.0, 0.0, , , , , 
2022-05-03, 1.00, 0.9376, 1.25, 0.9300, 1.00, 1.25, 0.0, 10618.0, Not available, 211359, 0.0, 0.0, , , , , 
2022-05-02, 1.00, 0.9280, 1.25, 0.9300, 1.00, 1.25, 0.0, 9739.0, Not available, 219522, 0.0, 0.0, , , , , 
2022-04-29, 1.00, 0.9277, 1.25, 0.9200, 1.00, 1.25, 0.0, 6393.0, Not available, 222443, 0.0, 0.0, , , , , 
2022-04-28, 1.00, 0.9287, 1.25, 0.9200, 1.00, 1.25, 0.0, 6558.0, Not available, 224577, 0.0, 0.0, , , , , 
2022-04-27, 1.00, 0.9161, 1.25, 0.9200, 1.00, 1.25, 0.0, 8068.0, Not available, 220908, 0.0, 0.0, , , , , 
2022-04-26, 1.00, 0.9274, 1.25, 0.9200, 1.00, 1.25, 0.0, 7872.0, Not available, 217648, 0.0, 0.0, , , , , 
2022-04-25, 1.00, 0.9177, 1.25, 0.9200, 1.00, 1.25, 0.0, 7072.0, Not available, 218410, 0.0, 0.0, , , , , 
2022-04-22, 1.00, 0.9188, 1.25, 0.9200, 1.00, 1.25, 0.0, 7848.0, Not available, 227128, 0.0, 0.0, , , , , 
2022-04-21, 1.00, 0.9277, 1.25, 0.9200, 1.00, 1.25, 0.0, 7904.0, Not available, 232667, 0.0, 0.0, , , , , 
2022-04-20, 1.00, 0.9289, 1.25, 0.9200, 1.00, 1.25, 0.0, 6466.0, Not available, 228590, 0.0, 0.0, , , , , 
2022-04-19, 1.00, 0.9301, 1.25, 0.9300, 1.00, 1.25, 0.0, 6085.0, Not available, 226452, 0.0, 0.0, , , , , 
2022-04-18, 1.00, 0.9341, 1.25, 0.9300, 1.00, 1.25, 0.0, 5844.0, Not available, 225462, 0.0, 0.0, , , , , 
2022-04-15, 1.00, Bank holiday, 1.25, Bank holiday, 1.00, 1.25, Bank holiday, Bank holiday, Bank holiday, Bank holiday, Bank holiday, Bank holiday, , , , , 
2022-04-14, 1.00, 0.9440, 1.25, 0.9500, 1.00, 1.25, 0.0, 5364.0, Not available, 228974, 0.0, 0.0, , , , , 
2022-04-13, 0.50, 0.4430, 0.75, 0.4500, 0.50, 0.75, 0.0, 5726.0, Not available, 232740, 0.0, 0.0, , , , , 
2022-04-12, 0.50, 0.4385, 0.75, 0.4500, 0.50, 0.75, 0.0, 4596.0, Not available, 233527, 0.0, 0.0, , , , , 
2022-04-11, 0.50, 0.4422, 0.75, 0.4500, 0.50, 0.75, 0.0, 5001.0, Not available, 232545, 0.0, 0.0, , , , , 
2022-04-08, 0.50, 0.4363, 0.75, 0.4500, 0.50, 0.75, 0.0, 4709.0, Not available, 230736, 0.0, 0.0, , , , , 
2022-04-07, 0.50, 0.4426, 0.75, 0.4500, 0.50, 0.75, 0.0, 5530.0, Not available, 228698, 0.0, 0.0, , , , , 
2022-04-06, 0.50, 0.4420, 0.75, 0.4500, 0.50, 0.75, 0.0, 4958.0, Not available, 225695, 0.0, 0.0, , , , , 
2022-04-05, 0.50, 0.4420, 0.75, 0.4500, 0.50, 0.75, 0.0, 5023.0, Not available, 226595, 0.0, 0.0, , , , , 
2022-04-04, 0.50, 0.4400, 0.75, 0.4400, 0.50, 0.75, 0.0, 4719.0, Not available, 234946, 0.0, 0.0, , , , , 
2022-04-01, 0.50, 0.4301, 0.75, 0.4200, 0.50, 0.75, 0.0, 5077.0, Not available, 235624, 0.0, 0.0, , , , , 
2022-03-31, 0.50, 0.4308, 0.75, 0.4200, 0.50, 0.75, 0.0, 4535.0, Not available, 234255, 0.0, 0.0, , , , , 
2022-03-30, 0.50, 0.4359, 0.75, 0.4500, 0.50, 0.75, 0.0, 4288.0, Not available, 230402, 0.0, 0.0, , , , , 
2022-03-29, 0.50, 0.4419, 0.75, 0.4500, 0.50, 0.75, 0.0, 4997.0, Not available, 223302, 0.0, 0.0, , , , , 
2022-03-28, 0.50, 0.4417, 0.75, 0.4500, 0.50, 0.75, 0.0, 4874.0, Not available, 224329, 0.0, 0.0, , , , , 
2022-03-25, 0.50, 0.4414, 0.75, 0.4500, 0.50, 0.75, 0.0, 4422.0, Not available, 223275, 0.0, 0.0, , , , , 
2022-03-24, 0.50, 0.4382, 0.75, 0.4500, 0.50, 0.75, 0.0, 5125.0, Not available, 224869, 0.0, 0.0, , , , , 
2022-03-23, 0.50, 0.4365, 0.75, 0.4400, 0.50, 0.75, 0.0, 4808.0, Not available, 222425, 0.0, 0.0, , , , , 
2022-03-22, 0.50, 0.4305, 0.75, 0.4300, 0.50, 0.75, 0.0, 4020.0, Not available, 222537, 0.0, 0.0, , , , , 
2022-03-21, 0.50, 0.4239, 0.75, 0.4300, 0.50, 0.75, 0.0, 4372.0, Not available, 226360, 0.0, 0.0, , , , , 
2022-03-18, 0.50, 0.4227, 0.75, 0.4300, 0.50, 0.75, 0.0, 4272.0, Not available, 226407, 0.0, 0.0, , , , , 
2022-03-17, 0.50, 0.4245, 0.75, 0.4300, 0.50, 0.75, 0.0, 4588.0, Not available, 221889, 0.0, 0.0, , , , , 
2022-03-16, 0.50, 0.4272, 0.75, 0.4300, 0.50, 0.75, 0.0, 4269.0, Not available, 224455, 0.0, 0.0, , , , , 
2022-03-15, 0.50, 0.4241, 0.75, 0.4300, 0.50, 0.75, 0.0, 3913.0, Not available, 225873, 0.0, 0.0, , , , , 
2022-03-14, 0.50, 0.4267, 0.75, 0.4300, 0.50, 0.75, 0.0, 4068.0, Not available, 226515, 0.0, 0.0, , , , , 
2022-03-11, 0.50, 0.4237, 0.75, 0.4300, 0.50, 0.75, 0.0, 5203.0, Not available, 228795, 0.0, 0.0, , , , , 
2022-03-10, 0.50, 0.4298, 0.75, 0.4200, 0.50, 0.75, 0.0, 4306.0, Not available, 229811, 0.0, 0.0, , , , , 
2022-03-09, 0.50, 0.4267, 0.75, 0.4200, 0.50, 0.75, 0.0, 4630.0, Not available, 228455, 0.0, 0.0, , , , , 
2022-03-08, 0.50, 0.4215, 0.75, 0.4200, 0.50, 0.75, 0.0, 4757.0, Not available, 226483, 0.0, 0.0, , , , , 
2022-03-07, 0.50, 0.4230, 0.75, 0.4200, 0.50, 0.75, 0.0, 3796.0, Not available, 228476, 0.0, 0.0, , , , , 
2022-03-04, 0.50, 0.4213, 0.75, 0.4300, 0.50, 0.75, 0.0, 3679.0, Not available, 228322, 0.0, 0.0, , , , , 
2022-03-03, 0.50, 0.4308, 0.75, 0.4300, 0.50, 0.75, 0.0, 454.0, Not available, 235465, 0.0, 0.0, , , , , 
2022-03-02, 0.25, 0.1745, 0.50, 0.1700, 0.25, 0.50, 0.0, 0.0, Not available, 259249, 0.0, 0.0, , , , , 
2022-03-01, 0.25, 0.1811, 0.50, 0.1800, 0.25, 0.50, 0.0, 0.0, Not available, 262900, 0.0, 0.0, , , , , 
2022-02-28, 0.25, 0.1851, 0.50, 0.1900, 0.25, 0.50, 0.0, 0.0, Not available, 255723, 0.0, 0.0, , , , , 
2022-02-25, 0.25, 0.1841, 0.50, 0.1900, 0.25, 0.50, 0.0, 0.0, Not available, 258671, 0.0, 0.0, , , , , 
2022-02-24, 0.25, 0.1814, 0.50, 0.1900, 0.25, 0.50, 0.0, 0.0, Not available, 259159, 0.0, 0.0, , , , , 
2022-02-23, 0.25, 0.1786, 0.50, 0.1900, 0.25, 0.50, 0.0, 0.0, Not available, 252884, 0.0, 0.0, , , , , 
2022-02-22, 0.25, 0.1796, 0.50, 0.1900, 0.25, 0.50, 0.0, 0.0, Not available, 252820, 0.0, 0.0, , , , , 
2022-02-21, 0.25, Bank holiday, 0.50, Bank holiday, 0.25, 0.50, Bank holiday, Bank holiday, Bank holiday, 257007, Bank holiday, Bank holiday, , , , , 
2022-02-18, 0.25, 0.1736, 0.50, 0.1900, 0.25, 0.50, 0.0, 0.0, Not available, 256041, 0.0, 0.0, , , , , 
2022-02-17, 0.25, 0.1749, 0.50, 0.1800, 0.25, 0.50, 0.0, 0.0, Not available, 249728, 0.0, 0.0, , , , , 
2022-02-16, 0.25, 0.1761, 0.50, 0.1800, 0.25, 0.50, 0.0, 0.0, Not available, 250108, 0.0, 0.0, , , , , 
2022-02-15, 0.25, 0.1819, 0.50, 0.1800, 0.25, 0.50, 0.0, 0.0, Not available, 245971, 0.0, 0.0, , , , , 
2022-02-14, 0.25, 0.1755, 0.50, 0.1800, 0.25, 0.50, 0.0, 0.0, Not available, 248430, 0.0, 0.0, , , , , 
2022-02-11, 0.25, 0.1669, 0.50, 0.1800, 0.25, 0.50, 0.0, 0.0, Not available, 251444, 0.0, 0.0, , , , , 
2022-02-10, 0.25, 0.1736, 0.50, 0.1800, 0.25, 0.50, 0.0, 0.0, Not available, 253081, 0.0, 0.0, , , , , 
2022-02-09, 0.25, 0.1726, 0.50, 0.1800, 0.25, 0.50, 0.0, 0.0, Not available, 252125, 0.0, 0.0, , , , , 
2022-02-08, 0.25, 0.1729, 0.50, 0.1800, 0.25, 0.50, 0.0, 0.0, Not available, 251723, 0.0, 0.0, , , , , 
2022-02-07, 0.25, 0.1619, 0.50, 0.1800, 0.25, 0.50, 0.0, 0.0, Not available, 247722, 0.0, 0.0, , , , , 
2022-02-04, 0.25, 0.1592, 0.50, 0.1300, 0.25, 0.50, 0.0, 0.0, Not available, 253479, 0.0, 0.0, , , , , 
2022-02-03, 0.25, 0.1647, 0.50, 0.1300, 0.25, 0.50, 0.0, 0.0, Not available, 257006, 0.0, 0.0, , , , , 
2022-02-02, 0.25, 0.1486, 0.50, 0.1300, 0.25, 0.50, 0.0, 0.0, Not available, 268183, 0.0, 0.0, , , , , 
2022-02-01, 0.25, 0.1520, 0.50, 0.1300, 0.25, 0.50, 0.0, 0.0, Not available, 271491, 0.0, 0.0, , , , , 
2022-01-31, 0.25, 0.1665, 0.50, 0.1300, 0.25, 0.50, 0.0, 0.0, Not available, 261129, 0.0, 0.0, , , , , 
2022-01-28, 0.25, 0.1622, 0.50, 0.1500, 0.25, 0.50, 0.0, 0.0, Not available, 268454, 0.0, 0.0, , , , , 
2022-01-27, 0.25, 0.1674, 0.50, 0.1600, 0.25, 0.50, 0.0, 0.0, Not available, 267712, 0.0, 0.0, , , , , 
2022-01-26, 0.25, 0.1700, 0.50, 0.1600, 0.25, 0.50, 0.0, 0.0, Not available, 260146, 0.0, 0.0, , , , , 
2022-01-25, 0.25, 0.1771, 0.50, 0.1700, 0.25, 0.50, 0.0, 0.0, Not available, 261709, 0.0, 0.0, , , , , 
2022-01-24, 0.25, 0.1741, 0.50, 0.1800, 0.25, 0.50, 0.0, 0.0, Not available, 261663, 0.0, 0.0, , , , , 
2022-01-21, 0.25, 0.1901, 0.50, 0.1600, 0.25, 0.50, 0.0, 0.0, Not available, 264654, 0.0, 0.0, , , , , 
2022-01-20, 0.25, 0.1760, 0.50, 0.1800, 0.25, 0.50, 0.0, 0.0, Not available, 261728, 0.0, 0.0, , , , , 
2022-01-19, 0.25, 0.2116, 0.50, 0.1800, 0.25, 0.50, 0.0, 0.0, Not available, 259681, 0.0, 0.0, , , , , 
2022-01-18, 0.25, 0.1836, 0.50, 0.1800, 0.25, 0.50, 0.0, 0.0, Not available, 254328, 0.0, 0.0, , , , , 
2022-01-17, 0.25, 0.2104, 0.50, 0.1800, 0.25, 0.50, 0.0, 0.0, Not available, 252188, 0.0, 0.0, , , , , 
2022-01-14, 0.25, 0.1811, 0.50, 0.1800, 0.25, 0.50, 0.0, 0.0, Not available, 255753, 0.0, 0.0, , , , , 
2022-01-13, 0.25, 0.1742, 0.50, 0.1800, 0.25, 0.50, 0.0, 0.0, Not available, 259222, 0.0, 0.0, , , , , 
2022-01-12, 0.25, 0.1746, 0.50, 0.1800, 0.25, 0.50, 0.0, 0.0, Not available, 259530, 0.0, 0.0, , , , , 
2022-01-11, 0.25, 0.1720, 0.50, 0.1800, 0.25, 0.50, 0.0, 0.0, Not available, 258872, 0.0, 0.0, , , , , 
2022-01-10, 0.25, 0.1667, 0.50, 0.1700, 0.25, 0.50, 0.0, 0.0, Not available, 259111, 0.0, 0.0, , , , , 
2022-01-07, 0.25, 0.2015, 0.50, 0.1500, 0.25, 0.50, 0.0, 0.0, Not available, 260913, 0.0, 0.0, , , , , 
2022-01-06, 0.25, 0.1788, 0.50, 0.1300, 0.25, 0.50, 0.0, 0.0, Not available, 260497, 0.0, 0.0, , , , , 
2022-01-05, 0.25, 0.1331, 0.50, 0.1200, 0.25, 0.50, 0.0, 0.0, Not available, 261594, 0.0, 0.0, , , , , 
2022-01-04, 0.25, 0.1477, 0.50, 0.1200, 0.25, 0.50, 0.0, 0.0, Not available, 264629, 0.0, 0.0, , , , , 
2022-01-03, Bank holiday, Bank holiday, 0.50, Bank holiday, 0.25, 0.50, Bank holiday, Bank holiday, Bank holiday, Bank holiday, Bank holiday, Bank holiday, , , , , 
2021-12-31, 0.25, 0.1497, 0.50, 0.1000, 0.25, 0.50, 0.0, 0.0, Not available, 267394, 0.0, 0.0, , , , , 
2021-12-30, 0.25, 0.1665, 0.50, 0.1300, 0.25, 0.50, 0.0, 0.0, Not available, 272164, 0.0, 0.0, , , , , 
2021-12-29, 0.25, 0.1785, 0.50, 0.1200, 0.25, 0.50, 0.0, 0.0, Not available, 269739, 0.0, 0.0, , , , , 
2021-12-28, Bank holiday, Bank holiday, 0.50, Bank holiday, 0.25, 0.50, Bank holiday, Bank holiday, Bank holiday, Bank holiday, Bank holiday, Bank holiday, , , , , 
2021-12-27, Bank holiday, Bank holiday, 0.50, Bank holiday, 0.25, 0.50, Bank holiday, Bank holiday, Bank holiday, Bank holiday, Bank holiday, Bank holiday, , , , , 
2021-12-24, 0.25, 0.1182, 0.50, 0.1300, 0.25, 0.50, 0.0, 0.0, Not available, 273721, 0.0, 0.0, , , , , 
2021-12-23, 0.25, 0.1220, 0.50, 0.1400, 0.25, 0.50, 0.0, 0.0, Not available, 275059, 0.0, 0.0, , , , , 
2021-12-22, 0.25, 0.1030, 0.50, 0.0800, 0.25, 0.50, 0.0, 0.0, Not available, 270412, 0.0, 0.0, , , , , 
2021-12-21, 0.25, 0.1105, 0.50, 0.0800, 0.25, 0.50, 0.0, 0.0, Not available, 271690, 0.0, 0.0, , , , , 
2021-12-20, 0.25, 0.2000, 0.50, 0.0800, 0.25, 0.50, 0.0, 0.0, Not available, 267675, 0.0, 0.0, , , , , 
2021-12-17, 0.25, 0.1202, 0.50, 0.0800, 0.25, 0.50, 0.0, 0.0, Not available, 265489, 0.0, 0.0, , , , , 
2021-12-16, 0.25, 0.1455, 0.50, 0.0900, 0.25, 0.50, 0.0, 0.0, Not available, 273875, 0.0, 0.0, , , , , 
2021-12-15, 0.25, 0.1371, 0.50, 0.0700, 0.25, 0.50, 0.0, 0.0, Not available, 269604, 0.0, 0.0, , , , , 
2021-12-14, 0.25, 0.1681, 0.50, 0.0700, 0.25, 0.50, 0.0, 0.0, Not available, 273420, 0.0, 0.0, , , , , 
2021-12-13, 0.25, 0.1801, 0.50, 0.0500, 0.25, 0.50, 0.0, 0.0, Not available, 278445, 0.0, 0.0, , , , , 
2021-12-10, 0.25, 0.1427, 0.50, 0.0500, 0.25, 0.50, 0.0, 0.0, Not available, 277673, 0.0, 0.0, , , , , 
2021-12-09, 0.25, 0.1187, 0.50, 0.1000, 0.25, 0.50, 0.0, 0.0, Not available, 280990, 0.0, 0.0, , , , , 
2021-12-08, 0.25, 0.2025, 0.50, 0.0800, 0.25, 0.50, 0.0, 0.0, Not available, 280097, 0.0, 0.0, , , , , 
2021-12-07, 0.25, 0.1980, 0.50, 0.1200, 0.25, 0.50, 0.0, 0.0, Not available, 282435, 0.0, 0.0, , , , , 
2021-12-06, 0.25, 0.2055, 0.50, 0.1500, 0.25, 0.50, 0.0, 0.0, Not available, 281338, 0.0, 0.0, , , , , 
2021-12-03, 0.25, 0.2000, 0.50, 0.1500, 0.25, 0.50, 0.0, 0.0, Not available, 283122, 0.0, 0.0, , , , , 
2021-12-02, 0.25, 0.1959, 0.50, 0.1500, 0.25, 0.50, 0.0, 0.0, Not available, 289158, 0.0, 0.0, , , , , 
2021-12-01, 0.25, 0.2063, 0.50, 0.1300, 0.25, 0.50, 0.0, 0.0, Not available, 291849, 0.0, 0.0, , , , , 
2021-11-30, 0.25, 0.1940, 0.50, 0.1500, 0.25, 0.50, 0.0, 0.0, Not available, 288749, 0.0, 0.0, , , , , 
2021-11-29, 0.25, 0.1763, 0.50, 0.1500, 0.25, 0.50, 0.0, 0.0, Not available, 288721, 0.0, 0.0, , , , , 
2021-11-26, 0.25, 0.1867, 0.50, 0.1600, 0.25, 0.50, 0.0, 0.0, Not available, 287039, 0.0, 0.0, , , , , 
2021-11-25, 0.25, 0.1679, 0.50, 0.1400, 0.25, 0.50, 0.0, 0.0, Not available, 283121, 0.0, 0.0, , , , , 
2021-11-24, 0.25, 0.2074, 0.50, 0.1400, 0.25, 0.50, 0.0, 0.0, Not available, 279659, 0.0, 0.0, , , , , 
2021-11-23, 0.25, 0.2137, 0.50, 0.1500, 0.25, 0.50, 0.0, 0.0, Not available, 280312, 0.0, 0.0, , , , , 
2021-11-22, 0.25, 0.2174, 0.50, 0.1500, 0.25, 0.50, 0.0, 0.0, Not available, 279754, 0.0, 0.0, , , , , 
2021-11-19, 0.25, 0.2026, 0.50, 0.1700, 0.25, 0.50, 0.0, 0.0, Not available, 280455, 0.0, 0.0, , , , , 
2021-11-18, 0.25, 0.2081, 0.50, 0.1800, 0.25, 0.50, 0.0, 0.0, Not available, 280334, 0.0, 0.0, , , , , 
2021-11-17, 0.25, 0.2183, 0.50, 0.1800, 0.25, 0.50, 0.0, 0.0, Not available, 276055, 0.0, 0.0, , , , , 
2021-11-16, 0.25, 0.2171, 0.50, 0.1900, 0.25, 0.50, 0.0, 0.0, Not available, 277460, 0.0, 0.0, , , , , 
2021-11-15, 0.25, 0.2125, 0.50, 0.2000, 0.25, 0.50, 0.0, 0.0, Not available, 275244, 0.0, 0.0, , , , , 
2021-11-12, 0.25, 0.2071, 0.50, 0.1900, 0.25, 0.50, 0.0, 0.0, Not available, 280323, 0.0, 0.0, , , , , 
2021-11-11, 0.25, Bank holiday, 0.50, Bank holiday, 0.25, 0.50, Bank holiday, Bank holiday, , Bank holiday, Bank holiday, Bank holiday, , , , , 
2021-11-10, 0.25, 0.2137, 0.50, 0.2000, 0.25, 0.50, 0.0, 0.0, Not available, 278276, 0.0, 0.0, , , , , 
2021-11-09, 0.25, 0.1918, 0.50, 0.2000, 0.25, 0.50, 0.0, 0.0, Not available, 277596, 0.0, 0.0, , , , , 
2021-11-08, 0.25, 0.2091, 0.50, 0.1900, 0.25, 0.50, 0.0, 0.0, Not available, 274894, 0.0, 0.0, , , , , 
2021-11-05, 0.25, 0.2100, 0.50, 0.1800, 0.25, 0.50, 0.0, 0.0, Not available, 277137, 0.0, 0.0, , , , , 
2021-11-04, 0.25, 0.1939, 0.50, 0.1800, 0.25, 0.50, 0.0, 0.0, Not available, 275855, 0.0, 0.0, , , , , 
2021-11-03, 0.25, 0.2091, 0.50, 0.1900, 0.25, 0.50, 0.0, 0.0, Not available, 277515, 0.0, 0.0, , , , , 
2021-11-02, 0.25, 0.2067, 0.50, 0.1800, 0.25, 0.50, 0.0, 0.0, Not available, 287423, 0.0, 0.0, , , , , 
2021-11-01, 0.25, 0.1923, 0.50, 0.1900, 0.25, 0.50, 0.0, 0.0, Not available, 289689, 0.0, 0.0, , , , , 
2021-10-29, 0.25, 0.1969, 0.50, 0.2000, 0.25, 0.50, 0.0, 0.0, Not available, 288228, 0.0, 0.0, , , , , 
2021-10-28, 0.25, 0.1949, 0.50, 0.2000, 0.25, 0.50, 0.0, 0.0, Not available, 286548, 0.0, 0.0, , , , , 
2021-10-27, 0.25, 0.1949, 0.50, 0.1900, 0.25, 0.50, 0.0, 0.0, Not available, 282417, 0.0, 0.0, , , , , 
2021-10-26, 0.25, 0.1996, 0.50, 0.1800, 0.25, 0.50, 0.0, 0.0, Not available, 277420, 0.0, 0.0, , , , , 
2021-10-25, 0.25, 0.2104, 0.50, 0.1800, 0.25, 0.50, 0.0, 0.0, Not available, 278542, 0.0, 0.0, , , , , 
2021-10-22, 0.25, 0.2032, 0.50, 0.1800, 0.25, 0.50, 0.0, 0.0, Not available, 282446, 0.0, 0.0, , , , , 
2021-10-21, 0.25, 0.2033, 0.50, 0.1800, 0.25, 0.50, 0.0, 0.0, Not available, 285781, 0.0, 0.0, , , , , 
2021-10-20, 0.25, 0.2050, 0.50, 0.2000, 0.25, 0.50, 0.0, 0.0, Not available, 281289, 0.0, 0.0, , , , , 
2021-10-19, 0.25, 0.2160, 0.50, 0.2000, 0.25, 0.50, 0.0, 0.0, Not available, 276195, 0.0, 0.0, , , , , 
2021-10-18, 0.25, 0.2062, 0.50, 0.2000, 0.25, 0.50, 0.0, 0.0, Not available, 278094, 0.0, 0.0, , , , , 
2021-10-15, 0.25, 0.1959, 0.50, 0.1900, 0.25, 0.50, 0.0, 0.0, Not available, 276659, 0.0, 0.0, , , , , 
2021-10-14, 0.25, 0.1816, 0.50, 0.1800, 0.25, 0.50, 0.0, 0.0, Not available, 281850, 0.0, 0.0, , , , , 
2021-10-13, 0.25, 0.1902, 0.50, 0.1800, 0.25, 0.50, 0.0, 0.0, Not available, 279701, 0.0, 0.0, , , , , 
2021-10-12, 0.25, 0.1935, 0.50, 0.1800, 0.25, 0.50, 0.0, 0.0, Not available, 279426, 0.0, 0.0, , , , , 
2021-10-11, 0.25, Bank holiday, 0.50, Bank holiday, 0.25, 0.50, Bank holiday, Bank holiday, , Bank holiday, Bank holiday, Bank holiday, , , , , 
2021-10-08, 0.25, 0.1900, 0.50, 0.1800, 0.25, 0.50, 0.0, 0.0, Not available, 279137, 0.0, 0.0, , , , , 
2021-10-07, 0.25, 0.1893, 0.50, 0.1800, 0.25, 0.50, 0.0, 0.0, Not available, 283017, 0.0, 0.0, , , , , 
2021-10-06, 0.25, 0.2005, 0.50, 0.1800, 0.25, 0.50, 0.0, 0.0, Not available, 278282, 0.0, 0.0, , , , , 
2021-10-05, 0.25, 0.1980, 0.50, 0.1800, 0.25, 0.50, 0.0, 0.0, Not available, 283121, 0.0, 0.0, , , , , 
2021-10-04, 0.25, 0.1976, 0.50, 0.1800, 0.25, 0.50, 0.0, 0.0, Not available, 286349, 0.0, 0.0, , , , , 
2021-10-01, 0.25, 0.1875, 0.50, 0.1700, 0.25, 0.50, 0.0, 0.0, Not available, 288781, 0.0, 0.0, , , , , 
2021-09-30, Bank holiday, Bank holiday, 0.50, Bank holiday, 0.25, 0.50, Bank holiday, Bank holiday, Bank holiday, Bank holiday, Bank holiday, Bank holiday, , , , , 
2021-09-29, 0.25, 0.1864, 0.50, 0.1900, 0.25, 0.50, 0.0, 0.0, Not available, 285388, 0.0, 0.0, , , , , 
2021-09-28, 0.25, 0.1702, 0.50, 0.1700, 0.25, 0.50, 0.0, 0.0, Not available, 284978, 0.0, 0.0, , , , , 
2021-09-27, 0.25, 0.1863, 0.50, 0.1700, 0.25, 0.50, 0.0, 0.0, Not available, 282873, 0.0, 0.0, , , , , 
2021-09-24, 0.25, 0.1813, 0.50, 0.1800, 0.25, 0.50, 0.0, 0.0, Not available, 281455, 0.0, 0.0, , , , , 
2021-09-23, 0.25, 0.1901, 0.50, 0.1700, 0.25, 0.50, 0.0, 0.0, Not available, 280095, 0.0, 0.0, , , , , 
2021-09-22, 0.25, 0.1888, 0.50, 0.1700, 0.25, 0.50, 0.0, 0.0, Not available, 280906, 0.0, 0.0, , , , , 
2021-09-21, 0.25, 0.1821, 0.50, 0.1700, 0.25, 0.50, 0.0, 0.0, Not available, 280444, 0.0, 0.0, , , , , 
2021-09-20, 0.25, 0.1864, 0.50, 0.1700, 0.25, 0.50, 0.0, 0.0, Not available, 276246, 0.0, 0.0, , , , , 
2021-09-17, 0.25, 0.1891, 0.50, 0.1700, 0.25, 0.50, 0.0, 0.0, Not available, 273811, 0.0, 0.0, , , , , 
2021-09-16, 0.25, 0.1866, 0.50, 0.1800, 0.25, 0.50, 0.0, 0.0, Not available, 279963, 0.0, 0.0, , , , , 
2021-09-15, 0.25, 0.1880, 0.50, 0.1800, 0.25, 0.50, 0.0, 0.0, Not available, 273485, 0.0, 0.0, , , , , 
2021-09-14, 0.25, 0.1898, 0.50, 0.1800, 0.25, 0.50, 0.0, 0.0, Not available, 275152, 0.0, 0.0, , , , , 
2021-09-13, 0.25, 0.1836, 0.50, 0.1800, 0.25, 0.50, 0.0, 0.0, Not available, 277541, 0.0, 0.0, , , , , 
2021-09-10, 0.25, 0.1895, 0.50, 0.1800, 0.25, 0.50, 0.0, 0.0, Not available, 276665, 0.0, 0.0, , , , , 
2021-09-09, 0.25, 0.1845, 0.50, 0.1800, 0.25, 0.50, 0.0, 0.0, Not available, 277596, 0.0, 0.0, , , , , 
2021-09-08, 0.25, 0.1817, 0.50, 0.1800, 0.25, 0.50, 0.0, 0.0, Not available, 270498, 0.0, 0.0, , , , , 
2021-09-07, 0.25, 0.1892, 0.50, 0.1800, 0.25, 0.50, 0.0, 0.0, Not available, 269248, 0.0, 0.0, , , , , 
2021-09-06, 0.25, Bank holiday, 0.50, Bank holiday, 0.25, 0.50, Bank holiday, Bank holiday, Bank holiday, Bank holiday, Bank holiday, Bank holiday, , , , , 
2021-09-03, 0.25, 0.1906, 0.50, 0.1800, 0.25, 0.50, 0.0, 0.0, Not available, 272374, 0.0, 0.0, , , , , 
2021-09-02, 0.25, 0.1954, 0.50, 0.1800, 0.25, 0.50, 0.0, 0.0, Not available, 277803, 0.0, 0.0, , , , , 
2021-09-01, 0.25, 0.2013, 0.50, 0.1800, 0.25, 0.50, 0.0, 0.0, Not available, 276555, 0.0, 0.0, , , , , 
2021-08-31, 0.25, 0.1953, 0.50, 0.1800, 0.25, 0.50, 0.0, 0.0, Not available, 265202, 0.0, 0.0, , , , , 
2021-08-30, 0.25, 0.2012, 0.50, 0.2000, 0.25, 0.50, 0.0, 0.0, Not available, 267052, 0.0, 0.0, , , , , 
2021-08-27, 0.25, 0.2224, 0.50, 0.2000, 0.25, 0.50, 0.0, 0.0, Not available, 266617, 0.0, 0.0, , , , , 
2021-08-26, 0.25, 0.2018, 0.50, 0.2000, 0.25, 0.50, 0.0, 0.0, Not available, 264769, 0.0, 0.0, , , , , 
2021-08-25, 0.25, 0.2084, 0.50, 0.2000, 0.25, 0.50, 0.0, 0.0, Not available, 262936, 0.0, 0.0, , , , , 
2021-08-24, 0.25, 0.2044, 0.50, 0.2000, 0.25, 0.50, 0.0, 0.0, Not available, 264059, 0.0, 0.0, , , , , 
2021-08-23, 0.25, 0.1940, 0.50, 0.2000, 0.25, 0.50, 0.0, 0.0, Not available, 262299, 0.0, 0.0, , , , , 
2021-08-20, 0.25, 0.2024, 0.50, 0.2000, 0.25, 0.50, 0.0, 0.0, Not available, 264067, 0.0, 0.0, , , , , 
2021-08-19, 0.25, 0.2041, 0.50, 0.1900, 0.25, 0.50, 0.0, 0.0, Not available, 262941, 0.0, 0.0, , , , , 
2021-08-18, 0.25, 0.1984, 0.50, 0.1900, 0.25, 0.50, 0.0, 0.0, Not available, 260909, 0.0, 0.0, , , , , 
2021-08-17, 0.25, 0.1947, 0.50, 0.2000, 0.25, 0.50, 0.0, 0.0, Not available, 254212, 0.0, 0.0, , , , , 
2021-08-16, 0.25, 0.1973, 0.50, 0.2000, 0.25, 0.50, 0.0, 0.0, Not available, 253579, 0.0, 0.0, , , , , 
2021-08-13, 0.25, 0.1655, 0.50, 0.2000, 0.25, 0.50, 0.0, 0.0, Not available, 250332, 0.0, 0.0, , , , , 
2021-08-12, 0.25, 0.2093, 0.50, 0.2000, 0.25, 0.50, 0.0, 0.0, Not available, 254058, 0.0, 0.0, , , , , 
2021-08-11, 0.25, 0.2061, 0.50, 0.2000, 0.25, 0.50, 0.0, 0.0, Not available, 250039, 0.0, 0.0, , , , , 
2021-08-10, 0.25, 0.2045, 0.50, 0.2000, 0.25, 0.50, 0.0, 0.0, Not available, 248793, 0.0, 0.0, , , , , 
2021-08-09, 0.25, 0.2091, 0.50, 0.2000, 0.25, 0.50, 0.0, 0.0, Not available, 248060, 0.0, 0.0, , , , , 
2021-08-06, 0.25, 0.2041, 0.50, 0.2000, 0.25, 0.50, 0.0, 0.0, Not available, 254238, 0.0, 0.0, , , , , 
2021-08-05, 0.25, 0.2066, 0.50, 0.2000, 0.25, 0.50, 0.0, 0.0, Not available, 259437, 0.0, 0.0, , , , , 
2021-08-04, 0.25, 0.1981, 0.50, 0.2000, 0.25, 0.50, 0.0, 0.0, Not available, 262249, 0.0, 0.0, , , , , 
2021-08-03, 0.25, 0.1880, 0.50, 0.1800, 0.25, 0.50, 0.0, 0.0, Not available, 267405, 0.0, 0.0, , , , , 
2021-08-02, 0.25, Bank holiday, 0.50, Bank holiday, 0.25, 0.50, Bank holiday, Bank holiday, Bank holiday, 271856, Bank holiday, Bank holiday, , , , , 
2021-07-30, 0.25, 0.1869, 0.50, 0.1800, 0.25, 0.50, 0.0, 0.0, Not available, 271341, 0.0, 0.0, , , , , 
2021-07-29, 0.25, 0.1897, 0.50, 0.1900, 0.25, 0.50, 0.0, 0.0, Not available, 271110, 0.0, 0.0, , , , , 
2021-07-28, 0.25, 0.1983, 0.50, 0.1900, 0.25, 0.50, 0.0, 0.0, Not available, 270591, 0.0, 0.0, , , , , 
2021-07-27, 0.25, 0.1913, 0.50, 0.1900, 0.25, 0.50, 0.0, 0.0, Not available, 262182, 0.0, 0.0, , , , , 
2021-07-26, 0.25, 0.2008, 0.50, 0.2000, 0.25, 0.50, 0.0, 0.0, Not available, 260959, 0.0, 0.0, , , , , 
2021-07-23, 0.25, 0.1932, 0.50, 0.1800, 0.25, 0.50, 0.0, 0.0, Not available, 260952, 0.0, 0.0, , , , , 
2021-07-22, 0.25, 0.1808, 0.50, 0.1800, 0.25, 0.50, 0.0, 0.0, Not available, 263475, 0.0, 0.0, , , , , 
2021-07-21, 0.25, 0.1818, 0.50, 0.1800, 0.25, 0.50, 0.0, 0.0, Not available, 271901, 0.0, 0.0, , , , , 
2021-07-20, 0.25, 0.1904, 0.50, 0.1900, 0.25, 0.50, 0.0, 0.0, Not available, 268670, 0.0, 0.0, , , , , 
2021-07-19, 0.25, 0.1947, 0.50, 0.1900, 0.25, 0.50, 0.0, 0.0, Not available, 261365, 0.0, 0.0, , , , , 
2021-07-16, 0.25, 0.1881, 0.50, 0.2000, 0.25, 0.50, 0.0, 0.0, Not available, 264186, 0.0, 0.0, , , , , 
2021-07-15, 0.25, 0.1987, 0.50, 0.2000, 0.25, 0.50, 0.0, 0.0, Not available, 260793, 0.0, 0.0, , , , , 
2021-07-14, 0.25, 0.1925, 0.50, 0.2000, 0.25, 0.50, 0.0, 0.0, Not available, 258702, 0.0, 0.0, , , , , 
2021-07-13, 0.25, 0.1905, 0.50, 0.1900, 0.25, 0.50, 0.0, 0.0, Not available, 251462, 0.0, 0.0, , , , , 
2021-07-12, 0.25, 0.1960, 0.50, 0.1900, 0.25, 0.50, 0.0, 0.0, Not available, 252189, 0.0, 0.0, , , , , 
2021-07-09, 0.25, 0.1880, 0.50, 0.1800, 0.25, 0.50, 0.0, 0.0, Not available, 256768, 0.0, 0.0, , , , , 
2021-07-08, 0.25, 0.2033, 0.50, 0.2000, 0.25, 0.50, 0.0, 0.0, Not available, 256357, 0.0, 0.0, , , , , 
2021-07-07, 0.25, 0.1714, 0.50, 0.1700, 0.25, 0.50, 0.0, 0.0, Not available, 261510, 0.0, 0.0, , , , , 
2021-07-06, 0.25, 0.1665, 0.50, 0.1800, 0.25, 0.50, 0.0, 0.0, Not available, 259625, 0.0, 0.0, , , , , 
2021-07-05, 0.25, 0.1828, 0.50, 0.1600, 0.25, 0.50, 0.0, 0.0, Not available, 267013, 0.0, 0.0, , , , , 
2021-07-02, 0.25, 0.1999, 0.50, 0.1600, 0.25, 0.50, 0.0, 0.0, Not available, 272386, 0.0, 0.0, , , , , 
2021-07-01, 0.25, Bank holiday, 0.50, Bank holiday, 0.25, 0.50, Bank holiday, Bank holiday, Bank holiday, Bank holiday, Bank holiday, Bank holiday, , , , , 
2021-06-30, 0.25, 0.1986, 0.50, 0.1600, 0.25, 0.50, 0.0, 0.0, Not available, 273813, 0.0, 0.0, , , , , 
2021-06-29, 0.25, 0.1999, 0.50, 0.1600, 0.25, 0.50, 0.0, 0.0, Not available, 275556, 0.0, 0.0, , , , , 
2021-06-28, 0.25, 0.1846, 0.50, 0.1700, 0.25, 0.50, 0.0, 0.0, Not available, 274245, 0.0, 0.0, , , , , 
2021-06-25, 0.25, 0.1789, 0.50, 0.1800, 0.25, 0.50, 0.0, 0.0, Not available, 268346, 0.0, 0.0, , , , , 
2021-06-24, 0.25, 0.1914, 0.50, 0.1800, 0.25, 0.50, 0.0, 0.0, Not available, 271530, 0.0, 0.0, , , , , 
2021-06-23, 0.25, 0.1805, 0.50, 0.1900, 0.25, 0.50, 0.0, 0.0, Not available, 269105, 0.0, 0.0, , , , , 
2021-06-22, 0.25, 0.1851, 0.50, 0.1600, 0.25, 0.50, 0.0, 0.0, Not available, 278900, 0.0, 0.0, , , , , 
2021-06-21, 0.25, 0.1877, 0.50, 0.1700, 0.25, 0.50, 0.0, 0.0, Not available, 276071, 0.0, 0.0, , , , , 
2021-06-18, 0.25, 0.1776, 0.50, 0.1700, 0.25, 0.50, 0.0, 0.0, Not available, 278502, 0.0, 0.0, , , , , 
2021-06-17, 0.25, 0.1865, 0.50, 0.1700, 0.25, 0.50, 0.0, 0.0, Not available, 272050, 0.0, 0.0, , , , , 
2021-06-16, 0.25, 0.1829, 0.50, 0.1700, 0.25, 0.50, 0.0, 0.0, Not available, 270882, 0.0, 0.0, , , , , 
2021-06-15, 0.25, 0.1848, 0.50, 0.1800, 0.25, 0.50, 0.0, 0.0, Not available, 271883, 0.0, 0.0, , , , , 
2021-06-14, 0.25, 0.1921, 0.50, 0.1900, 0.25, 0.50, 0.0, 0.0, Not available, 272206, 0.0, 0.0, , , , , 
2021-06-11, 0.25, 0.1907, 0.50, 0.1900, 0.25, 0.50, 0.0, 0.0, Not available, 277435, 0.0, 0.0, , , , , 
2021-06-10, 0.25, 0.1962, 0.50, 0.1800, 0.25, 0.50, 0.0, 0.0, Not available, 276712, 0.0, 0.0, , , , , 
2021-06-09, 0.25, 0.1912, 0.50, 0.1700, 0.25, 0.50, 0.0, 0.0, Not available, 278899, 0.0, 0.0, , , , , 
2021-06-08, 0.25, 0.1797, 0.50, 0.1700, 0.25, 0.50, 0.0, 0.0, Not available, 276635, 0.0, 0.0, , , , , 
2021-06-07, 0.25, 0.1877, 0.50, 0.1800, 0.25, 0.50, 0.0, 0.0, Not available, 277020, 0.0, 0.0, , , , , 
2021-06-04, 0.25, 0.1865, 0.50, 0.1800, 0.25, 0.50, 0.0, 0.0, Not available, 279002, 0.0, 0.0, , , , , 
2021-06-03, 0.25, 0.1823, 0.50, 0.1800, 0.25, 0.50, 0.0, 0.0, Not available, 278649, 0.0, 0.0, , , , , 
2021-06-02, 0.25, 0.1875, 0.50, 0.1900, 0.25, 0.50, 0.0, 0.0, Not available, 284155, 0.0, 0.0, , , , , 
2021-06-01, 0.25, 0.2010, 0.50, 0.2000, 0.25, 0.50, 0.0, 0.0, Not available, 286122, 0.0, 0.0, , , , , 
2021-05-31, 0.25, 0.1947, 0.50, 0.2000, 0.25, 0.50, 0.0, 0.0, Not available, 276118, 0.0, 0.0, , , , , 
2021-05-28, 0.25, 0.2009, 0.50, 0.2000, 0.25, 0.50, 0.0, 0.0, Not available, 273032, 0.0, 0.0, , , , , 
2021-05-27, 0.25, 0.1945, 0.50, 0.1900, 0.25, 0.50, 0.0, 0.0, Not available, 270532, 0.0, 0.0, , , , , 
2021-05-26, 0.25, 0.1872, 0.50, 0.1700, 0.25, 0.50, 0.0, 0.0, Not available, 273572, 0.0, 0.0, , , , , 
2021-05-25, 0.25, 0.1857, 0.50, 0.1800, 0.25, 0.50, 0.0, 0.0, Not available, 270093, 0.0, 0.0, , , , , 
2021-05-24, 0.25, Bank holiday, 0.50, Bank holiday, 0.25, 0.50, Bank holiday, Bank holiday, Bank holiday, Bank holiday, Bank holiday, Bank holiday, , , , , 
2021-05-21, 0.25, 0.1880, 0.50, 0.1800, 0.25, 0.50, 0.0, 0.0, Not available, 271019, 0.0, 0.0, , , , , 
2021-05-20, 0.25, 0.1855, 0.50, 0.1800, 0.25, 0.50, 0.0, 0.0, Not available, 272445, 0.0, 0.0, , , , , 
2021-05-19, 0.25, 0.1769, 0.50, 0.1800, 0.25, 0.50, 0.0, 0.0, Not available, 272618, 0.0, 0.0, , , , , 
2021-05-18, 0.25, 0.1811, 0.50, 0.2000, 0.25, 0.50, 0.0, 0.0, Not available, 269490, 0.0, 0.0, , , , , 
2021-05-17, 0.25, 0.1868, 0.50, 0.2000, 0.25, 0.50, 0.0, 0.0, Not available, 270603, 0.0, 0.0, , , , , 
2021-05-14, 0.25, 0.1928, 0.50, 0.2000, 0.25, 0.50, 0.0, 0.0, Not available, 268220, 0.0, 0.0, , , , , 
2021-05-13, 0.25, 0.1703, 0.50, 0.1900, 0.25, 0.50, 0.0, 0.0, Not available, 268033, 0.0, 0.0, , , , , 
2021-05-12, 0.25, 0.1721, 0.50, 0.1800, 0.25, 0.50, 0.0, 0.0, Not available, 275024, 0.0, 0.0, , , , , 
2021-05-11, 0.25, 0.1677, 0.50, 0.1800, 0.25, 0.50, 0.0, 0.0, Not available, 273552, 0.0, 0.0, , , , , 
2021-05-10, 0.25, 0.1641, 0.50, 0.1800, 0.25, 0.50, 0.0, 0.0, Not available, 271858, 0.0, 0.0, , , , , 
2021-05-07, 0.25, 0.1713, 0.50, 0.1800, 0.25, 0.50, 0.0, 0.0, Not available, 276202, 0.0, 0.0, , , , , 
2021-05-06, 0.25, 0.1757, 0.50, 0.1800, 0.25, 0.50, 0.0, 0.0, Not available, 281346, 500.0, 0.0, , , , , 
2021-05-05, 0.25, 0.1725, 0.50, 0.1700, 0.25, 0.50, 0.0, 0.0, Not available, 275620, 0.0, 0.0, , , , , 
2021-05-04, 0.25, 0.1799, 0.50, 0.1800, 0.25, 0.50, 0.0, 0.0, Not available, 284425, 0.0, 0.0, , , , , 
2021-05-03, 0.25, 0.1706, 0.50, 0.1800, 0.25, 0.50, 0.0, 0.0, Not available, 289325, 0.0, 0.0, , , , , 
2021-04-30, 0.25, 0.1637, 0.50, 0.1700, 0.25, 0.50, 0.0, 0.0, Not available, 288514, 0.0, 0.0, , , , , 
2021-04-29, 0.25, 0.1710, 0.50, 0.1600, 0.25, 0.50, 0.0, 0.0, Not available, 292453, 0.0, 0.0, , , , , 
2021-04-28, 0.25, 0.1681, 0.50, 0.1600, 0.25, 0.50, 0.0, 0.0, Not available, 303928, 0.0, 0.0, , , , , 
2021-04-27, 0.25, 0.1647, 0.50, 0.1700, 0.25, 0.50, 0.0, 0.0, Not available, 299603, 0.0, 0.0, , , , , 
2021-04-26, 0.25, 0.1737, 0.50, 0.1700, 0.25, 0.50, 0.0, 0.0, Not available, 301332, 0.0, 0.0, , , , , 
2021-04-23, 0.25, 0.1639, 0.50, 0.1700, 0.25, 0.50, 0.0, 0.0, Not available, 304222, 0.0, 0.0, , , , , 
2021-04-22, 0.25, 0.1702, 0.50, 0.1700, 0.25, 0.50, 0.0, 0.0, Not available, 306381, 48.0, 0.0, , , , , 
2021-04-21, 0.25, 0.1716, 0.50, 0.1700, 0.25, 0.50, 0.0, 0.0, Not available, 299130, 0.0, 0.0, , , , , 
2021-04-20, 0.25, 0.1683, 0.50, 0.1700, 0.25, 0.50, 0.0, 0.0, Not available, 298548, 0.0, 0.0, , , , , 
2021-04-19, 0.25, 0.1836, 0.50, 0.1700, 0.25, 0.50, 0.0, 0.0, Not available, 292797, 0.0, 0.0, , , , , 
2021-04-16, 0.25, 0.1721, 0.50, 0.1500, 0.25, 0.50, 0.0, 0.0, Not available, 293890, 0.0, 0.0, , , , , 
2021-04-15, 0.25, 0.1587, 0.50, 0.1500, 0.25, 0.50, 0.0, 0.0, Not available, 293395, 0.0, 0.0, , , , , 
2021-04-14, 0.25, 0.1575, 0.50, 0.1500, 0.25, 0.50, 0.0, 0.0, Not available, 312391, 0.0, 0.0, , , , , 
2021-04-13, 0.25, 0.1500, 0.50, 0.1500, 0.25, 0.50, 0.0, 0.0, Not available, 310723, 0.0, 0.0, , , , , 
2021-04-12, 0.25, 0.1488, 0.50, 0.1500, 0.25, 0.50, 0.0, 0.0, Not available, 307954, 0.0, 0.0, , , , , 
2021-04-09, 0.25, 0.1590, 0.50, 0.1500, 0.25, 0.50, 0.0, 0.0, Not available, 307127, 0.0, 0.0, , , , , 
2021-04-08, 0.25, 0.1482, 0.50, 0.1500, 0.25, 0.50, 0.0, 0.0, Not available, 306400, 705.0, 0.0, , , , , 
2021-04-07, 0.25, 0.1256, 0.50, 0.1500, 0.25, 0.50, 0.0, 0.0, Not available, 329553, 0.0, 0.0, , , , , 
2021-04-06, 0.25, 0.1499, 0.50, 0.1600, 0.25, 0.50, 0.0, 0.0, Not available, 329611, 0.0, 0.0, , , , , 
2021-04-05, 0.25, 0.1488, 0.50, 0.1600, 0.25, 0.50, 0.0, 0.0, Not available, 333537, 0.0, 0.0, , , , , 
2021-04-02, 0.25, Bank holiday, 0.50, Bank holiday, 0.25, 0.50, Bank holiday, Bank holiday, Bank holiday, Bank holiday, Bank holiday, Bank holiday, , , , , 
2021-04-01, 0.25, 0.1493, 0.50, 0.1700, 0.25, 0.50, 0.0, 0.0, Not available, 338120, 0.0, 0.0, , , , , 
2021-03-31, 0.25, 0.1184, 0.50, 0.1400, 0.25, 0.50, 0.0, 0.0, Not available, 359611, 0.0, 0.0, , , , , 
2021-03-30, 0.25, 0.1488, 0.50, 0.1600, 0.25, 0.50, 0.0, 0.0, Not available, 349165, 0.0, 0.0, , , , , 
2021-03-29, 0.25, 0.1642, 0.50, 0.1700, 0.25, 0.50, 0.0, 0.0, Not available, 345981, 0.0, 0.0, , , , , 
2021-03-26, 0.25, 0.1619, 0.50, 0.1500, 0.25, 0.50, 0.0, 0.0, Not available, 346188, 0.0, 0.0, , , , , 
2021-03-25, 0.25, 0.1534, 0.50, 0.1500, 0.25, 0.50, 0.0, 0.0, Not available, 344404, 0.0, 0.0, , , , , 
2021-03-24, 0.25, 0.1528, 0.50, 0.1500, 0.25, 0.50, 0.0, 0.0, Not available, 361542, 0.0, 0.0, , , , , 
2021-03-23, 0.25, 0.1520, 0.50, 0.1400, 0.25, 0.50, 0.0, 0.0, Not available, 364343, 0.0, 0.0, , , , , 
2021-03-22, 0.25, 0.1555, 0.50, 0.1500, 0.25, 0.50, 0.0, 0.0, Not available, 369413, 0.0, 0.0, , , , , 
2021-03-19, 0.25, 0.1557, 0.50, 0.1300, 0.25, 0.50, 0.0, 0.0, Not available, 373126, 0.0, 0.0, , , , , 
2021-03-18, 0.25, 0.1601, 0.50, 0.1300, 0.25, 0.50, 0.0, 0.0, Not available, 369217, 0.0, 0.0, , , , , 
2021-03-17, 0.25, 0.1803, 0.50, 0.1600, 0.25, 0.50, 0.0, 0.0, Not available, 372983, 0.0, 0.0, , , , , 
2021-03-16, 0.25, 0.1948, 0.50, 0.1700, 0.25, 0.50, 0.0, 0.0, Not available, 379907, 0.0, 0.0, , , , , 
2021-03-15, 0.25, 0.2007, 0.50, 0.1700, 0.25, 0.50, 0.0, 0.0, Not available, 379794, 0.0, 0.0, , , , , 
2021-03-12, 0.25, 0.1967, 0.50, 0.1700, 0.25, 0.50, 0.0, 0.0, Not available, 382446, 0.0, 0.0, , , , , 
2021-03-11, 0.25, 0.2008, 0.50, 0.1800, 0.25, 0.50, 0.0, 0.0, Not available, 382278, 375.0, 0.0, , , , , 
2021-03-10, 0.25, 0.2070, 0.50, 0.1800, 0.25, 0.50, 0.0, 0.0, Not available, 387928, 0.0, 0.0, , , , , 
2021-03-09, 0.25, 0.2146, 0.50, 0.1900, 0.25, 0.50, 0.0, 0.0, Not available, 387352, 0.0, 0.0, , , , , 
2021-03-08, 0.25, 0.2148, 0.50, 0.1800, 0.25, 0.50, 0.0, 0.0, Not available, 385505, 0.0, 0.0, , , , , 
2021-03-05, 0.25, 0.2070, 0.50, 0.1700, 0.25, 0.50, 0.0, 0.0, Not available, 386754, 0.0, 0.0, , , , , 
2021-03-04, 0.25, 0.2074, 0.50, 0.1700, 0.25, 0.50, 0.0, 0.0, Not available, 390365, 0.0, 0.0, , , , , 
2021-03-03, 0.25, 0.2044, 0.50, 0.1600, 0.25, 0.50, 0.0, 0.0, Not available, 394126, 0.0, 0.0, , , , , 
2021-03-02, 0.25, 0.2002, 0.50, 0.1600, 0.25, 0.50, 0.0, 0.0, Not available, 401447, 0.0, 0.0, , , , , 
2021-03-01, 0.25, 0.1983, 0.50, 0.1800, 0.25, 0.50, 0.0, 0.0, Not available, 402655, 0.0, 0.0, , , , , 
2021-02-26, 0.25, 0.2151, 0.50, 0.1800, 0.25, 0.50, 0.0, 0.0, Not available, 386975, 0.0, 0.0, , , , , 
2021-02-25, 0.25, 0.2111, 0.50, 0.2000, 0.25, 0.50, 0.0, 0.0, Not available, 391728, 45.0, 0.0, , , , , 
2021-02-24, 0.25, 0.2270, 0.50, 0.2000, 0.25, 0.50, 0.0, 0.0, Not available, 389950, 0.0, 0.0, , , , , 
2021-02-23, 0.25, 0.2026, 0.50, 0.2000, 0.25, 0.50, 0.0, 0.0, Not available, 384239, 0.0, 0.0, , , , , 
2021-02-22, 0.25, 0.2039, 0.50, 0.2000, 0.25, 0.50, 0.0, 0.0, Not available, 382224, 0.0, 0.0, , , , , 
2021-02-19, 0.25, 0.2187, 0.50, 0.2000, 0.25, 0.50, 0.0, 0.0, Not available, 383200, 0.0, 0.0, , , , , 
2021-02-18, 0.25, 0.2106, 0.50, 0.2000, 0.25, 0.50, 0.0, 0.0, Not available, 383805, 0.0, 0.0, , , , , 
2021-02-17, 0.25, 0.2193, 0.50, 0.2000, 0.25, 0.50, 0.0, 0.0, Not available, 379440, 0.0, 0.0, , , , , 
2021-02-16, 0.25, 0.2187, 0.50, 0.2000, 0.25, 0.50, 0.0, 0.0, Not available, 378369, 0.0, 0.0, , , , , 
2021-02-15, 0.25, Bank holiday, 0.50, Bank holiday, 0.25, 0.50, Bank holiday, Bank holiday, Bank holiday, 379697, Bank holiday, Bank holiday, , , , , 
2021-02-12, 0.25, 0.2179, 0.50, 0.2000, 0.25, 0.50, 0.0, 0.0, Not available, 378581, 0.0, 0.0, , , , , 
2021-02-11, 0.25, 0.2202, 0.50, 0.2000, 0.25, 0.50, 0.0, 0.0, Not available, 378153, 0.0, 0.0, , , , , 
2021-02-10, 0.25, 0.1998, 0.50, 0.1800, 0.25, 0.50, 0.0, 0.0, Not available, 366595, 0.0, 0.0, , , , , 
2021-02-09, 0.25, 0.2182, 0.50, 0.2000, 0.25, 0.50, 0.0, 0.0, Not available, 366606, 0.0, 0.0, , , , , 
2021-02-08, 0.25, 0.2076, 0.50, 0.2000, 0.25, 0.50, 0.0, 0.0, Not available, 366069, 0.0, 0.0, , , , , 
2021-02-05, 0.25, 0.2122, 0.50, 0.2000, 0.25, 0.50, 0.0, 0.0, Not available, 364098, 0.0, 0.0, , , , , 
2021-02-04, 0.25, 0.2132, 0.50, 0.1900, 0.25, 0.50, 0.0, 0.0, Not available, 365273, 0.0, 0.0, , , , , 
2021-02-03, 0.25, 0.1959, 0.50, 0.1900, 0.25, 0.50, 0.0, 0.0, Not available, 367154, 0.0, 0.0, , , , , 
2021-02-02, 0.25, 0.1996, 0.50, 0.1900, 0.25, 0.50, 0.0, 0.0, Not available, 371742, 0.0, 0.0, , , , , 
2021-02-01, 0.25, 0.1978, 0.50, 0.1900, 0.25, 0.50, 0.0, 0.0, Not available, 373790, 0.0, 0.0, , , , , 
2021-01-29, 0.25, 0.1878, 0.50, 0.1800, 0.25, 0.50, 0.0, 0.0, Not available, 370151, 0.0, 0.0, , , , , 
2021-01-28, 0.25, 0.1960, 0.50, 0.1900, 0.25, 0.50, 0.0, 0.0, Not available, 369253, 0.0, 0.0, , , , , 
2021-01-27, 0.25, 0.1908, 0.50, 0.1900, 0.25, 0.50, 0.0, 0.0, Not available, 361446, 0.0, 0.0, , , , , 
2021-01-26, 0.25, 0.1788, 0.50, 0.1900, 0.25, 0.50, 0.0, 0.0, Not available, 354144, 0.0, 0.0, , , , , 
2021-01-25, 0.25, 0.1848, 0.50, 0.2000, 0.25, 0.50, 0.0, 0.0, Not available, 354367, 0.0, 0.0, , , , , 
2021-01-22, 0.25, 0.1837, 0.50, 0.1500, 0.25, 0.50, 0.0, 0.0, Not available, 356688, 0.0, 0.0, , , , , 
2021-01-21, 0.25, 0.1725, 0.50, 0.1500, 0.25, 0.50, 0.0, 0.0, Not available, 358633, 0.0, 0.0, , , , , 
2021-01-20, 0.25, 0.1653, 0.50, 0.1300, 0.25, 0.50, 0.0, 0.0, Not available, 357676, 0.0, 0.0, , , , , 
2021-01-19, 0.25, 0.1680, 0.50, 0.1500, 0.25, 0.50, 0.0, 0.0, Not available, 349717, 0.0, 0.0, , , , , 
2021-01-18, 0.25, 0.1856, 0.50, 0.1500, 0.25, 0.50, 0.0, 0.0, Not available, 348718, 0.0, 0.0, , , , , 
2021-01-15, 0.25, 0.1887, 0.50, 0.1500, 0.25, 0.50, 0.0, 0.0, Not available, 347110, 0.0, 0.0, , , , , 
2021-01-14, 0.25, 0.1973, 0.50, 0.1900, 0.25, 0.50, 0.0, 0.0, Not available, 351933, 145.0, 0.0, , , , , 
2021-01-13, 0.25, 0.2047, 0.50, 0.2000, 0.25, 0.50, 0.0, 0.0, Not available, 340861, 0.0, 0.0, , , , , 
2021-01-12, 0.25, 0.2015, 0.50, 0.2000, 0.25, 0.50, 0.0, 0.0, Not available, 340324, 0.0, 0.0, , , , , 
2021-01-11, 0.25, 0.2005, 0.50, 0.2000, 0.25, 0.50, 0.0, 0.0, Not available, 338499, 0.0, 0.0, , , , , 
2021-01-08, 0.25, 0.1962, 0.50, 0.2000, 0.25, 0.50, 0.0, 0.0, Not available, 340635, 0.0, 0.0, , , , , 
2021-01-07, 0.25, 0.1938, 0.50, 0.2000, 0.25, 0.50, 0.0, 0.0, Not available, 339855, 0.0, 0.0, , , , , 
2021-01-06, 0.25, 0.1846, 0.50, 0.2000, 0.25, 0.50, 0.0, 0.0, Not available, 338963, 0.0, 0.0, , , , , 
2021-01-05, 0.25, 0.1425, 0.50, 0.2000, 0.25, 0.50, 0.0, 0.0, Not available, 344457, 0.0, 0.0, , , , , 
2021-01-04, 0.25, 0.0985, 0.50, 0.2000, 0.25, 0.50, 0.0, 0.0, Not available, 346655, 0.0, 0.0, , , , , 
2021-01-01, 0.25, Bank holiday, 0.50, Bank holiday, 0.25, 0.50, Bank holiday, Bank holiday, Bank holiday, Bank holiday, Bank holiday, Bank holiday, , , , , 
2020-12-31, 0.25, 0.1711, 0.50, 0.2000, 0.25, 0.50, 0.0, 0.0, Not available, 345664, 0.0, 0.0, , , , , 
2020-12-30, 0.25, 0.1820, 0.50, 0.2000, 0.25, 0.50, 0.0, 0.0, Not available, 344435, 0.0, 0.0, , , , , 
2020-12-29, 0.25, 0.1604, 0.50, 0.2000, 0.25, 0.50, 0.0, 0.0, Not available, 343713, 0.0, 0.0, , , , , 
2020-12-28, Bank holiday, Bank holiday, 0.50, Bank holiday, 0.25, 0.50, Bank holiday, Bank holiday, Bank holiday, Bank holiday, Bank holiday, Bank holiday, , , , , 
2020-12-25, 0.25, Bank holiday, 0.50, Bank holiday, 0.25, 0.50, Bank holiday, Bank holiday, Bank holiday, Bank holiday, Bank holiday, Bank holiday, , , , , 
2020-12-24, 0.25, 0.1752, 0.50, 0.2000, 0.25, 0.50, 0.0, 0.0, Not available, 345525, 0.0, 0.0, , , , , 
2020-12-23, 0.25, 0.1811, 0.50, 0.2000, 0.25, 0.50, 0.0, 0.0, Not available, 343468, 0.0, 0.0, , , , , 
2020-12-22, 0.25, 0.1804, 0.50, 0.2000, 0.25, 0.50, 0.0, 0.0, Not available, 347986, 0.0, 0.0, , , , , 
2020-12-21, 0.25, 0.1957, 0.50, 0.2000, 0.25, 0.50, 0.0, 0.0, Not available, 344577, 0.0, 0.0, , , , , 
2020-12-18, 0.25, 0.1955, 0.50, 0.2000, 0.25, 0.50, 0.0, 0.0, Not available, 343380, 0.0, 0.0, , , , , 
2020-12-17, 0.25, 0.1986, 0.50, 0.2000, 0.25, 0.50, 0.0, 0.0, Not available, 337326, 200.0, 0.0, , , , , 
2020-12-16, 0.25, 0.2071, 0.50, 0.2000, 0.25, 0.50, 0.0, 0.0, Not available, 327057, 0.0, 0.0, , , , , 
2020-12-15, 0.25, 0.1962, 0.50, 0.2000, 0.25, 0.50, 0.0, 0.0, Not available, 323520, 0.0, 0.0, , , , , 
2020-12-14, 0.25, 0.1872, 0.50, 0.2000, 0.25, 0.50, 0.0, 0.0, Not available, 325566, 0.0, 0.0, , , , , 
2020-12-11, 0.25, 0.2103, 0.50, 0.2000, 0.25, 0.50, 0.0, 0.0, Not available, 321583, 0.0, 0.0, , , , , 
2020-12-10, 0.25, 0.2142, 0.50, 0.2100, 0.25, 0.50, 0.0, 0.0, Not available, 319111, 0.0, 0.0, , , , , 
2020-12-09, 0.25, 0.2200, 0.50, 0.2100, 0.25, 0.50, 0.0, 0.0, Not available, 323582, 0.0, 0.0, , , , , 
2020-12-08, 0.25, 0.2123, 0.50, 0.2100, 0.25, 0.50, 0.0, 0.0, Not available, 325023, 0.0, 0.0, , , , , 
2020-12-07, 0.25, 0.2184, 0.50, 0.2000, 0.25, 0.50, 0.0, 0.0, Not available, 323721, 0.0, 0.0, , , , , 
2020-12-04, 0.25, 0.2082, 0.50, 0.2100, 0.25, 0.50, 0.0, 0.0, Not available, 325691, 0.0, 0.0, , , , , 
2020-12-03, 0.25, 0.2196, 0.50, 0.2000, 0.25, 0.50, 0.0, 0.0, Not available, 326345, 25.0, 0.0, , , , , 
2020-12-02, 0.25, 0.2227, 0.50, 0.2200, 0.25, 0.50, 0.0, 0.0, Not available, 326336, 0.0, 0.0, , , , , 
2020-12-01, 0.25, 0.2291, 0.50, 0.2100, 0.25, 0.50, 0.0, 0.0, Not available, 331657, 0.0, 0.0, , , , , 
2020-11-30, 0.25, 0.2271, 0.50, 0.2300, 0.25, 0.50, 0.0, 0.0, Not available, 327227, 0.0, 0.0, , , , , 
2020-11-27, 0.25, 0.2277, 0.50, 0.2200, 0.25, 0.50, 0.0, 0.0, Not available, 328318, 0.0, 0.0, , , , , 
2020-11-26, 0.25, 0.2262, 0.50, 0.2100, 0.25, 0.50, 0.0, 0.0, Not available, 326533, 0.0, 0.0, , , , , 
2020-11-25, 0.25, 0.2308, 0.50, 0.2200, 0.25, 0.50, 0.0, 0.0, Not available, 322198, 0.0, 0.0, , , , , 
2020-11-24, 0.25, 0.2359, 0.50, 0.2300, 0.25, 0.50, 0.0, 0.0, Not available, 321454, 0.0, 0.0, , , , , 
2020-11-23, 0.25, 0.2324, 0.50, 0.2000, 0.25, 0.50, 0.0, 0.0, Not available, 318915, 0.0, 0.0, , , , , 
2020-11-20, 0.25, 0.2341, 0.50, 0.2200, 0.25, 0.50, 0.0, 0.0, Not available, 317248, 0.0, 0.0, , , , , 
2020-11-19, 0.25, 0.2336, 0.50, 0.2100, 0.25, 0.50, 0.0, 0.0, Not available, 314673, 350.0, 0.0, , , , , 
2020-11-18, 0.25, 0.2327, 0.50, 0.2200, 0.25, 0.50, 0.0, 0.0, Not available, 303667, 0.0, 0.0, , , , , 
2020-11-17, 0.25, 0.2274, 0.50, 0.2100, 0.25, 0.50, 0.0, 0.0, Not available, 302946, 0.0, 0.0, , , , , 
2020-11-16, 0.25, 0.2279, 0.50, 0.2000, 0.25, 0.50, 0.0, 0.0, Not available, 302734, 0.0, 0.0, , , , , 
2020-11-13, 0.25, 0.2217, 0.50, 0.2000, 0.25, 0.50, 0.0, 0.0, Not available, 302404, 0.0, 0.0, , , , , 
2020-11-12, 0.25, 0.2280, 0.50, 0.1800, 0.25, 0.50, 0.0, 0.0, Not available, 298919, 0.0, 0.0, , , , , 
2020-11-11, 0.25, Bank holiday, 0.50, Bank holiday, 0.25, 0.50, Bank holiday, Bank holiday, Bank holiday, Bank holiday, Bank holiday, Bank holiday, , , , , 
2020-11-10, 0.25, 0.1974, 0.50, 0.1900, 0.25, 0.50, 0.0, 0.0, Not available, 303027, 0.0, 0.0, , , , , 
2020-11-09, 0.25, 0.2137, 0.50, 0.2000, 0.25, 0.50, 0.0, 0.0, Not available, 301600, 0.0, 0.0, , , , , 
2020-11-06, 0.25, 0.2179, 0.50, 0.2000, 0.25, 0.50, 0.0, 0.0, Not available, 292373, 0.0, 0.0, , , , , 
2020-11-05, 0.25, 0.2253, 0.50, 0.2200, 0.25, 0.50, 0.0, 0.0, Not available, 291185, 0.0, 0.0, , , , , 
2020-11-04, 0.25, 0.2255, 0.50, 0.2100, 0.25, 0.50, 0.0, 0.0, Not available, 297247, 0.0, 0.0, , , , , 
2020-11-03, 0.25, 0.2158, 0.50, 0.2000, 0.25, 0.50, 0.0, 0.0, Not available, 305486, 0.0, 0.0, , , , , 
2020-11-02, 0.25, 0.2111, 0.50, 0.2000, 0.25, 0.50, 0.0, 0.0, Not available, 306735, 0.0, 0.0, , , , , 
2020-10-30, 0.25, 0.2257, 0.50, 0.2200, 0.25, 0.50, 0.0, 0.0, Not available, 303454, 0.0, 0.0, , , , , 
2020-10-29, 0.25, 0.2320, 0.50, 0.2300, 0.25, 0.50, 0.0, 0.0, Not available, 301402, 0.0, 0.0, , , , , 
2020-10-28, 0.25, 0.2365, 0.50, 0.2300, 0.25, 0.50, 0.0, 0.0, Not available, 298988, 0.0, 0.0, , , , , 
2020-10-27, 0.25, 0.2352, 0.50, 0.2200, 0.25, 0.50, 0.0, 0.0, Not available, 296003, 0.0, 0.0, , , , , 
2020-10-26, 0.25, 0.2313, 0.50, 0.2200, 0.25, 0.50, 0.0, 0.0, Not available, 295471, 0.0, 0.0, , , , , 
2020-10-23, 0.25, 0.2334, 0.50, 0.2100, 0.25, 0.50, 0.0, 0.0, Not available, 299531, 0.0, 0.0, , , , , 
2020-10-22, 0.25, 0.2327, 0.50, 0.2200, 0.25, 0.50, 0.0, 0.0, Not available, 301501, 0.0, 0.0, , , , , 
2020-10-21, 0.25, 0.2308, 0.50, 0.2200, 0.25, 0.50, 0.0, 0.0, Not available, 297754, 0.0, 0.0, , , , , 
2020-10-20, 0.25, 0.2317, 0.50, 0.2300, 0.25, 0.50, 0.0, 0.0, Not available, 299466, 0.0, 0.0, , , , , 
2020-10-19, 0.25, 0.2321, 0.50, 0.2500, 0.25, 0.50, 0.0, 0.0, Not available, 292107, 0.0, 0.0, , , , , 
2020-10-16, 0.25, 0.2277, 0.50, 0.2200, 0.25, 0.50, 0.0, 0.0, Not available, 294353, 0.0, 0.0, , , , , 
2020-10-15, 0.25, 0.2364, 0.50, 0.2500, 0.25, 0.50, 0.0, 0.0, Not available, 295468, 0.0, 0.0, , , , , 
2020-10-14, 0.25, 0.2218, 0.50, 0.2100, 0.25, 0.50, 0.0, 0.0, Not available, 297576, 0.0, 0.0, , , , , 
2020-10-13, 0.25, 0.2340, 0.50, 0.2200, 0.25, 0.50, 0.0, 0.0, Not available, 296112, 0.0, 0.0, , , , , 
2020-10-12, 0.25, Bank holiday, 0.50, Bank holiday, 0.25, 0.50, Bank holiday, Bank holiday, Bank holiday, Bank holiday, Bank holiday, Bank holiday, , , , , 
2020-10-09, 0.25, 0.2340, 0.50, 0.2100, 0.25, 0.50, 0.0, 0.0, Not available, 301380, 0.0, 0.0, , , , , 
2020-10-08, 0.25, 0.2294, 0.50, 0.2000, 0.25, 0.50, 0.0, 0.0, Not available, 303479, 0.0, 0.0, , , , , 
2020-10-07, 0.25, 0.2251, 0.50, 0.2500, 0.25, 0.50, 0.0, 0.0, Not available, 310717, 0.0, 0.0, , , , , 
2020-10-06, 0.25, 0.2361, 0.50, 0.2500, 0.25, 0.50, 0.0, 0.0, Not available, 310261, 0.0, 0.0, , , , , 
2020-10-05, 0.25, 0.2326, 0.50, 0.2300, 0.25, 0.50, 0.0, 0.0, Not available, 309154, 0.0, 0.0, , , , , 
2020-10-02, 0.25, 0.2376, 0.50, 0.2500, 0.25, 0.50, 0.0, 0.0, Not available, 322423, 0.0, 0.0, , , , , 
2020-10-01, 0.25, 0.2325, 0.50, 0.2200, 0.25, 0.50, 0.0, 0.0, Not available, 329687, 0.0, 0.0, , , , , 
2020-09-30, 0.25, 0.2000, 0.50, 0.2100, 0.25, 0.50, 0.0, 0.0, Not available, 337195, 0.0, 0.0, , , , , 
2020-09-29, 0.25, 0.2352, 0.50, 0.2300, 0.25, 0.50, 0.0, 0.0, Not available, 325497, 0.0, 0.0, , , , , 
2020-09-28, 0.25, 0.2230, 0.50, 0.2200, 0.25, 0.50, 0.0, 0.0, Not available, 325025, 0.0, 0.0, , , , , 
2020-09-25, 0.25, 0.2171, 0.50, 0.2500, 0.25, 0.50, 0.0, 0.0, Not available, 324687, 0.0, 0.0, , , , , 
2020-09-24, 0.25, 0.2170, 0.50, 0.2500, 0.25, 0.50, 0.0, 0.0, Not available, 327192, 0.0, 0.0, , , , , 
2020-09-23, 0.25, 0.2337, 0.50, 0.2500, 0.25, 0.50, 0.0, 0.0, Not available, 333521, 0.0, 0.0, , , , , 
2020-09-22, 0.25, 0.2177, 0.50, 0.2300, 0.25, 0.50, 0.0, 0.0, Not available, 332672, 0.0, 0.0, , , , , 
2020-09-21, 0.25, 0.2231, 0.50, 0.2300, 0.25, 0.50, 0.0, 0.0, Not available, 331985, 0.0, 0.0, , , , , 
2020-09-18, 0.25, 0.2316, 0.50, 0.2300, 0.25, 0.50, 0.0, 0.0, Not available, 333354, 0.0, 0.0, , , , , 
2020-09-17, 0.25, 0.2266, 0.50, 0.2300, 0.25, 0.50, 0.0, 0.0, Not available, 325981, 265.0, 0.0, , , , , 
2020-09-16, 0.25, 0.2284, 0.50, 0.2500, 0.25, 0.50, 0.0, 0.0, Not available, 324926, 0.0, 0.0, , , , , 
2020-09-15, 0.25, 0.2216, 0.50, 0.2500, 0.25, 0.50, 0.0, 0.0, Not available, 320007, 0.0, 0.0, , , , , 
2020-09-14, 0.25, 0.2307, 0.50, 0.2300, 0.25, 0.50, 0.0, 0.0, Not available, 321569, 0.0, 0.0, , , , , 
2020-09-11, 0.25, 0.2312, 0.50, 0.2300, 0.25, 0.50, 0.0, 0.0, Not available, 324243, 0.0, 0.0, , , , , 
2020-09-10, 0.25, 0.2371, 0.50, 0.2300, 0.25, 0.50, 0.0, 0.0, Not available, 324177, 0.0, 0.0, , , , , 
2020-09-09, 0.25, 0.2348, 0.50, 0.2300, 0.25, 0.50, 0.0, 0.0, Not available, 322149, 0.0, 0.0, , , , , 
2020-09-08, 0.25, 0.2335, 0.50, 0.2300, 0.25, 0.50, 0.0, 0.0, Not available, 319873, 0.0, 0.0, , , , , 
2020-09-07, 0.25, Bank holiday, 0.50, Bank holiday, 0.25, 0.50, Bank holiday, Bank holiday, Bank holiday, Bank holiday, Bank holiday, Bank holiday, , , , , 
2020-09-04, 0.25, 0.2371, 0.50, 0.2500, 0.25, 0.50, 0.0, 0.0, Not available, 321327, 0.0, 0.0, , , , , 
2020-09-03, 0.25, 0.2335, 0.50, 0.2300, 0.25, 0.50, 0.0, 0.0, Not available, 318729, 120.0, 0.0, , , , , 
2020-09-02, 0.25, 0.2379, 0.50, 0.2500, 0.25, 0.50, 0.0, 0.0, Not available, 320542, 0.0, 0.0, , , , , 
2020-09-01, 0.25, 0.2380, 0.50, 0.2400, 0.25, 0.50, 0.0, 0.0, Not available, 321208, 0.0, 0.0, , , , , 
2020-08-31, 0.25, 0.2360, 0.50, 0.2500, 0.25, 0.50, 0.0, 0.0, Not available, 307540, 0.0, 0.0, , , , , 
2020-08-28, 0.25, 0.2359, 0.50, 0.2500, 0.25, 0.50, 0.0, 0.0, Not available, 312628, 0.0, 0.0, , , , , 
2020-08-27, 0.25, 0.2360, 0.50, 0.2500, 0.25, 0.50, 0.0, 0.0, Not available, 315107, 50.0, 0.0, , , , , 
2020-08-26, 0.25, 0.2317, 0.50, 0.2300, 0.25, 0.50, 0.0, 0.0, Not available, 304777, 0.0, 0.0, , , , , 
2020-08-25, 0.25, 0.2331, 0.50, 0.2300, 0.25, 0.50, 0.0, 0.0, Not available, 304634, 0.0, 0.0, , , , , 
2020-08-24, 0.25, 0.2400, 0.50, 0.2300, 0.25, 0.50, 0.0, 0.0, Not available, 303208, 0.0, 0.0, , , , , 
2020-08-21, 0.25, 0.2313, 0.50, 0.2300, 0.25, 0.50, 0.0, 0.0, Not available, 306841, 0.0, 0.0, , , , , 
2020-08-20, 0.25, 0.2370, 0.50, 0.2300, 0.25, 0.50, 0.0, 0.0, Not available, 308206, 105.0, 0.0, , , , , 
2020-08-19, 0.25, 0.2339, 0.50, 0.2500, 0.25, 0.50, 0.0, 0.0, Not available, 297433, 0.0, 0.0, , , , , 
2020-08-18, 0.25, 0.2398, 0.50, 0.2300, 0.25, 0.50, 0.0, 0.0, Not available, 292839, 0.0, 0.0, , , , , 
2020-08-17, 0.25, 0.2369, 0.50, 0.2300, 0.25, 0.50, 0.0, 0.0, Not available, 291354, 0.0, 0.0, , , , , 
2020-08-14, 0.25, 0.2394, 0.50, 0.2300, 0.25, 0.50, 0.0, 0.0, Not available, 293071, 0.0, 0.0, , , , , 
2020-08-13, 0.25, 0.2416, 0.50, 0.2300, 0.25, 0.50, 0.0, 0.0, Not available, 296049, 0.0, 0.0, , , , , 
2020-08-12, 0.25, 0.2310, 0.50, 0.2300, 0.25, 0.50, 0.0, 0.0, Not available, 290068, 0.0, 0.0, , , , , 
2020-08-11, 0.25, 0.2412, 0.50, 0.2300, 0.25, 0.50, 0.0, 0.0, Not available, 289253, 0.0, 0.0, , , , , 
2020-08-10, 0.25, 0.2426, 0.50, 0.2500, 0.25, 0.50, 0.0, 0.0, Not available, 286168, 0.0, 0.0, , , , , 
2020-08-07, 0.25, 0.2412, 0.50, 0.2300, 0.25, 0.50, 0.0, 0.0, Not available, 291527, 0.0, 0.0, , , , , 
2020-08-06, 0.25, 0.2478, 0.50, 0.2500, 0.25, 0.50, 0.0, 0.0, Not available, 293359, 110.0, 0.0, , , , , 
2020-08-05, 0.25, 0.2469, 0.50, 0.2300, 0.25, 0.50, 0.0, 0.0, Not available, 283142, 0.0, 0.0, , , , , 
2020-08-04, 0.25, 0.2454, 0.50, 0.2300, 0.25, 0.50, 0.0, 0.0, Not available, 284745, 0.0, 0.0, , , , , 
2020-08-03, 0.25, Bank holiday, 0.50, Bank holiday, 0.25, 0.50, Bank holiday, Bank holiday, Not available, 288487, Bank holiday, Bank holiday, , , , , 
2020-07-31, 0.25, 0.2427, 0.50, 0.2500, 0.25, 0.50, 0.0, 0.0, Not available, 281972, 0.0, 0.0, , , , , 
2020-07-30, 0.25, 0.2369, 0.50, 0.2300, 0.25, 0.50, 0.0, 0.0, Not available, 281553, 0.0, 0.0, , , , , 
2020-07-29, 0.25, 0.2352, 0.50, 0.2300, 0.25, 0.50, 0.0, 0.0, Not available, 272339, 0.0, 0.0, , , , , 
2020-07-28, 0.25, 0.2349, 0.50, 0.2500, 0.25, 0.50, 0.0, 0.0, Not available, 267308, 0.0, 0.0, , , , , 
2020-07-27, 0.25, 0.2427, 0.50, 0.2500, 0.25, 0.50, 0.0, 0.0, Not available, 265607, 0.0, 0.0, , , , , 
2020-07-24, 0.25, 0.2425, 0.50, 0.2500, 0.25, 0.50, 0.0, 0.0, Not available, 268340, 0.0, 0.0, , , , , 
2020-07-23, 0.25, 0.2444, 0.50, 0.2500, 0.25, 0.50, 0.0, 0.0, Not available, 270882, 40.0, 0.0, , , , , 
2020-07-22, 0.25, 0.2446, 0.50, 0.2500, 0.25, 0.50, 0.0, 0.0, Not available, 259530, 0.0, 0.0, , , , , 
2020-07-21, 0.25, 0.2447, 0.50, 0.2500, 0.25, 0.50, 0.0, 0.0, Not available, 259143, 0.0, 0.0, , , , , 
2020-07-20, 0.25, 0.2451, 0.50, 0.2500, 0.25, 0.50, 0.0, 0.0, Not available, 255141, 0.0, 0.0, , , , , 
2020-07-17, 0.25, 0.2444, 0.50, 0.2500, 0.25, 0.50, 0.0, 0.0, Not available, 252035, 0.0, 0.0, , , , , 
2020-07-16, 0.25, 0.2455, 0.50, 0.2500, 0.25, 0.50, 0.0, 0.0, Not available, 250559, 0.0, 0.0, , , , , 
2020-07-15, 0.25, 0.2452, 0.50, 0.2500, 0.25, 0.50, 0.0, 0.0, Not available, 248759, 0.0, 0.0, , , , , 
2020-07-14, 0.25, 0.2485, 0.50, 0.2500, 0.25, 0.50, 0.0, 0.0, Not available, 249091, 0.0, 0.0, , , , , 
2020-07-13, 0.25, 0.2390, 0.50, 0.2300, 0.25, 0.50, 0.0, 0.0, Not available, 246528, 0.0, 0.0, , , , , 
2020-07-10, 0.25, 0.2448, 0.50, 0.2500, 0.25, 0.50, 0.0, 0.0, Not available, 249413, 0.0, 0.0, , , , , 
2020-07-09, 0.25, 0.2496, 0.50, 0.2500, 0.25, 0.50, 0.0, 0.0, Not available, 251424, 0.0, 0.0, , , , , 
2020-07-08, 0.25, 0.2445, 0.50, 0.2500, 0.25, 0.50, 0.0, 0.0, Not available, 243167, 0.0, 0.0, , , , , 
2020-07-07, 0.25, 0.2443, 0.50, 0.2500, 0.25, 0.50, 0.0, 0.0, Not available, 240812, 0.0, 0.0, , , , , 
2020-07-06, 0.25, 0.2448, 0.50, 0.2200, 0.25, 0.50, 0.0, 0.0, Not available, 238431, 0.0, 0.0, , , , , 
2020-07-03, 0.25, 0.2408, 0.50, 0.2200, 0.25, 0.50, 0.0, 0.0, Not available, 251858, 0.0, 0.0, , , , , 
2020-07-02, 0.25, 0.2418, 0.50, 0.2500, 0.25, 0.50, 0.0, 0.0, Not available, 251547, 0.0, 0.0, , , , , 
2020-07-01, 0.25, Bank holiday, 0.50, Bank holiday, 0.25, 0.50, Bank holiday, Bank holiday, Bank holiday, Bank holiday, Bank holiday, Bank holiday, , , , , 
2020-06-30, 0.25, 0.2428, 0.50, 0.2500, 0.25, 0.50, 0.0, 0.0, Not available, 269228, 0.0, 0.0, , , , , 
2020-06-29, 0.25, 0.2431, 0.50, 0.2500, 0.25, 0.50, 0.0, 0.0, Not available, 271310, 0.0, 0.0, , , , , 
2020-06-26, 0.25, 0.2393, 0.50, 0.2500, 0.25, 0.50, 0.0, 0.0, Not available, 276093, 0.0, 0.0, , , , , 
2020-06-25, 0.25, 0.2432, 0.50, 0.2500, 0.25, 0.50, 0.0, 0.0, Not available, 267670, 0.0, 0.0, , , , , 
2020-06-24, 0.25, 0.2402, 0.50, 0.2500, 0.25, 0.50, 0.0, 0.0, Not available, 266891, 0.0, 0.0, , , , , 
2020-06-23, 0.25, 0.2381, 0.50, 0.2500, 0.25, 0.50, 0.0, 0.0, Not available, 265743, 0.0, 0.0, , , , , 
2020-06-22, 0.25, 0.2344, 0.50, 0.2500, 0.25, 0.50, 0.0, 0.0, Not available, 255842, 0.0, 0.0, , , , , 
2020-06-19, 0.25, 0.2286, 0.50, 0.2500, 0.25, 0.50, 0.0, 0.0, Not available, 260279, 0.0, 0.0, , , , , 
2020-06-18, 0.25, 0.2303, 0.50, 0.2300, 0.25, 0.50, 0.0, 0.0, Not available, 257691, 0.0, 0.0, , , , , 
2020-06-17, 0.25, 0.2343, 0.50, 0.2400, 0.25, 0.50, 0.0, 0.0, Not available, 261176, 0.0, 0.0, , , , , 
2020-06-16, 0.25, 0.2271, 0.50, 0.2300, 0.25, 0.50, 0.0, 0.0, Not available, 259329, 0.0, 0.0, , , , , 
2020-06-15, 0.25, 0.2363, 0.50, 0.2200, 0.25, 0.50, 0.0, 0.0, Not available, 254408, 50.0, 0.0, , , , , 
2020-06-12, 0.25, 0.2388, 0.50, 0.2400, 0.25, 0.50, 0.0, 0.0, Not available, 256709, 0.0, 0.0, , , , , 
2020-06-11, 0.25, 0.2393, 0.50, 0.2218, 0.25, 0.50, 0.0, 0.0, Not available, 254833, 0.0, 0.0, , , , , 
2020-06-10, 0.25, 0.2382, 0.50, 0.2289, 0.25, 0.50, 0.0, 0.0, Not available, 249213, 0.0, 0.0, , , , , 
2020-06-09, 0.25, 0.2407, 0.50, 0.2212, 0.25, 0.50, 0.0, 0.0, Not available, 243472, 0.0, 0.0, , , , , 
2020-06-08, 0.25, 0.2396, 0.50, 0.2132, 0.25, 0.50, 0.0, 0.0, Not available, 239137, 3100.0, 0.0, , , , , 
2020-06-05, 0.25, 0.2424, 0.50, 0.2213, 0.25, 0.50, 0.0, 0.0, Not available, 235412, 0.0, 0.0, , , , , 
2020-06-04, 0.25, 0.2428, 0.50, 0.2212, 0.25, 0.50, 0.0, 0.0, Not available, 235898, 1510.0, 0.0, , , , , 
2020-06-03, 0.25, 0.2437, 0.50, 0.2207, 0.25, 0.50, 0.0, 0.0, Not available, 244106, 0.0, 0.0, , , , , 
2020-06-02, 0.25, 0.2435, 0.50, 0.2231, 0.25, 0.50, 0.0, 0.0, Not available, 246050, 0.0, 0.0, , , , , 
2020-06-01, 0.25, 0.2420, 0.50, 0.2254, 0.25, 0.50, 0.0, 0.0, Not available, 243212, 5750.0, 0.0, , , , , 
2020-05-29, 0.25, 0.2460, 0.50, 0.2408, 0.25, 0.50, 0.0, 0.0, Not available, 224085, 0.0, 0.0, , , , , 
2020-05-28, 0.25, 0.2358, 0.50, 0.2558, 0.25, 0.50, 0.0, 0.0, Not available, 223462, 20.0, 0.0, , , , , 
2020-05-27, 0.25, 0.2386, 0.50, 0.2437, 0.25, 0.50, 0.0, 0.0, Not available, 213615, 0.0, 0.0, , , , , 
2020-05-26, 0.25, 0.2393, 0.50, 0.2426, 0.25, 0.50, 0.0, 0.0, Not available, 204993, 0.0, 0.0, , , , , 
2020-05-25, 0.25, 0.2402, 0.50, 0.2291, 0.25, 0.50, 0.0, 0.0, Not available, 202809, 3065.0, 0.0, , , , , 
2020-05-22, 0.25, 0.2383, 0.50, 0.2290, 0.25, 0.50, 0.0, 0.0, Not available, 203424, 0.0, 0.0, , , , , 
2020-05-21, 0.25, 0.2323, 0.50, 0.1911, 0.25, 0.50, 0.0, 0.0, Not available, 205356, 430.0, 0.0, , , , , 
2020-05-20, 0.25, 0.2295, 0.50, 0.2027, 0.25, 0.50, 0.0, 0.0, Not available, 216170, 0.0, 0.0, , , , , 
2020-05-19, 0.25, 0.2219, 0.50, 0.2007, 0.25, 0.50, 0.0, 0.0, Not available, 209501, 5310.0, 0.0, , , , , 
2020-05-18, 0.25, Bank holiday, 0.50, Bank holiday, 0.25, 0.50, Bank holiday, Bank holiday, Bank holiday, Bank holiday, Bank holiday, Bank holiday, , , , , 
2020-05-15, 0.25, 0.2233, 0.50, 0.2201, 0.25, 0.50, 0.0, 0.0, Not available, 196978, 0.0, 0.0, , , , , 
2020-05-14, 0.25, 0.2233, 0.50, 0.2011, 0.25, 0.50, 0.0, 0.0, Not available, 200528, 1500.0, 0.0, , , , , 
2020-05-13, 0.25, 0.2259, 0.50, 0.1874, 0.25, 0.50, 0.0, 0.0, Not available, 202116, 0.0, 0.0, , , , , 
2020-05-12, 0.25, 0.2258, 0.50, 0.2047, 0.25, 0.50, 0.0, 0.0, Not available, 197377, 0.0, 0.0, , , , , 
2020-05-11, 0.25, 0.2212, 0.50, 0.2047, 0.25, 0.50, 0.0, 0.0, Not available, 194408, 1570.0, 0.0, , , , , 
2020-05-08, 0.25, 0.2179, 0.50, 0.2037, 0.25, 0.50, 0.0, 0.0, Not available, 191246, 0.0, 0.0, , , , , 
2020-05-07, 0.25, 0.2193, 0.50, 0.2158, 0.25, 0.50, 0.0, 0.0, Not available, 193267, 5505.0, 0.0, , , , , 
2020-05-06, 0.25, 0.2108, 0.50, 0.2028, 0.25, 0.50, 0.0, 0.0, Not available, 209028, 0.0, 0.0, , , , , 
2020-05-05, 0.25, 0.2316, 0.50, 0.2017, 0.25, 0.50, 0.0, 0.0, Not available, 207789, 0.0, 0.0, , , , , 
2020-05-04, 0.25, 0.2390, 0.50, 0.1979, 0.25, 0.50, 0.0, 0.0, Not available, 207434, 1860.0, 0.0, , , , , 
2020-05-01, 0.25, 0.2328, 0.50, 0.1961, 0.25, 0.50, 0.0, 0.0, Not available, 208742, 0.0, 0.0, , , , , 
2020-04-30, 0.25, 0.2332, 0.50, 0.2018, 0.25, 0.50, 0.0, 0.0, Not available, 198671, 6180.0, 0.0, , , , , 
2020-04-29, 0.25, 0.2228, 0.50, 0.1909, 0.25, 0.50, 0.0, 0.0, Not available, 210264, 0.0, 0.0, , , , , 
2020-04-28, 0.25, 0.2281, 0.50, 0.1939, 0.25, 0.50, 0.0, 0.0, Not available, 203197, 0.0, 0.0, , , , , 
2020-04-27, 0.25, 0.2378, 0.50, 0.1912, 0.25, 0.50, 0.0, 0.0, Not available, 193982, 6520.0, 0.0, , , , , 
2020-04-24, 0.25, 0.2438, 0.50, 0.1894, 0.25, 0.50, 0.0, 0.0, Not available, 187348, 0.0, 0.0, , , , , 
2020-04-23, 0.25, 0.2183, 0.50, 0.1705, 0.25, 0.50, 0.0, 0.0, Not available, 190840, 7765.0, 0.0, , , , , 
2020-04-22, 0.25, 0.2020, 0.50, 0.2017, 0.25, 0.50, 0.0, 0.0, Not available, 197251, 0.0, 0.0, , , , , 
2020-04-21, 0.25, 0.2253, 0.50, 0.1930, 0.25, 0.50, 0.0, 0.0, Not available, 193020, 0.0, 0.0, , , , , 
2020-04-20, 0.25, 0.2253, 0.50, 0.1931, 0.25, 0.50, 0.0, 0.0, Not available, 186863, 12000.0, 0.0, , , , , 
2020-04-17, 0.25, 0.2249, 0.50, 0.2046, 0.25, 0.50, 0.0, 0.0, Not available, 176109, 0.0, 0.0, , , , , 
2020-04-16, 0.25, 0.2309, 0.50, 0.2015, 0.25, 0.50, 0.0, 0.0, Not available, 172745, 12000.0, 0.0, , , , , 
2020-04-15, 0.25, 0.2234, 0.50, 0.2200, 0.25, 0.50, 0.0, 0.0, Not available, 169280, 0.0, 0.0, , , , , 
2020-04-14, 0.25, 0.2336, 0.50, 0.1377, 0.25, 0.50, 0.0, 0.0, Not available, 159403, 14530.0, 0.0, , , , , 
2020-04-13, 0.25, 0.2464, 0.50, 0.1371, 0.25, 0.50, 0.0, 0.0, Not available, 147996, 0.0, 0.0, , , , , 
2020-04-10, 0.25, Bank holiday, 0.50, Bank holiday, 0.25, 0.50, Bank holiday, Bank holiday, Bank holiday, Bank holiday, Bank holiday, Bank holiday, , , , , 
2020-04-09, 0.25, 0.2411, 0.50, 0.1519, 0.25, 0.50, 0.0, 0.0, Not available, 147285, 23240.0, 0.0, , , , , 
2020-04-08, 0.25, 0.2464, 0.50, 0.1392, 0.25, 0.50, 0.0, 0.0, Not available, 134138, 0.0, 0.0, , , , , 
2020-04-07, 0.25, 0.2490, 0.50, 0.1656, 0.25, 0.50, 0.0, 0.0, Not available, 124369, 0.0, 0.0, , , , , 
2020-04-06, 0.25, 0.2479, 0.50, 0.1707, 0.25, 0.50, 0.0, 0.0, Not available, 122866, 24000.0, 0.0, , , , , 
2020-04-03, 0.25, 0.2488, 0.50, 0.1799, 0.25, 0.50, 0.0, 0.0, Not available, 101952, 0.0, 0.0, , , , , 
2020-04-02, 0.25, 0.2456, 0.50, 0.1955, 0.25, 0.50, 0.0, 0.0, Not available, 107464, 22000.0, 0.0, , , , , 
2020-04-01, 0.25, 0.2471, 0.50, 0.2001, 0.25, 0.50, 0.0, 0.0, Not available, 85373, 0.0, 0.0, , , , , 
2020-03-31, 0.25, 0.2439, 0.50, 0.1910, 0.25, 0.50, 0.0, 0.0, Not available, 61125, 0.0, 0.0, , , , , 
2020-03-30, 0.25, 0.2475, 0.50, 0.2113, 0.25, 0.50, 0.0, 0.0, Not available, 49481, 24000.0, 0.0, , , , , 
2020-03-27, 0.25, 0.3098, 0.50, 0.1516, 0.25, 0.50, 0.0, 0.0, Not available, 27249, 0.0, 0.0, , , , , 
2020-03-26, 0.75, 0.7449, 1.00, 0.7309, 0.75, 1.00, 0.0, 0.0, Not available, 29093, 12000.0, 0.0, , , , , 
2020-03-25, 0.75, 0.7456, 1.00, 0.7583, 0.75, 1.00, 0.0, 0.0, Not available, 20619, 0.0, 0.0, , , , , 
2020-03-24, 0.75, 0.7500, 1.00, 0.7591, 0.75, 1.00, 0.0, 0.0, Not available, 4519, 0.0, 0.0, , , , , 
2020-03-23, 0.75, 0.7095, 1.00, 0.7761, 0.75, 1.00, 2000.0, 0.0, Not available, 6533, 0.0, 0.0, , , , , 
2020-03-20, 0.75, 0.7441, 1.00, 0.7838, 0.50, 1.00, 1500.0, 0.0, 2000, 1771, 11000.0, 0.0, , , , , 
2020-03-19, 0.75, 0.7468, 1.00, 0.7811, 0.50, 1.00, 1500.0, 0.0, 2000, 2000, 7000.0, 0.0, , , , , 
2020-03-18, 0.75, 0.7506, 1.00, 0.7862, 0.50, 1.00, 2950.0, 0.0, 1000, 1979, 0.0, 0.0, , , , , 
2020-03-17, 0.75, 0.7510, 1.00, 0.7803, 0.50, 1.00, 4500.0, 0.0, 1000, 1931, 0.0, 0.0, , , , , 
2020-03-16, 0.75, 0.7463, 1.00, 0.7654, 0.50, 1.00, 3000.0, 0.0, 250, 250, 0.0, 0.0, , , , , 
2020-03-13, 1.25, 1.2464, 1.50, 1.2508, 1.00, 1.50, 0.0, 0.0, 250, 357, 0.0, 0.0, , , , , 
2020-03-12, 1.25, 1.2446, 1.50, 1.2487, 1.00, 1.50, 0.0, 0.0, 250, 250, 6420.0, 0.0, , , , , 
2020-03-11, 1.25, 1.2496, 1.50, 1.2476, 1.00, 1.50, 0.0, 0.0, 250, 250, 0.0, 0.0, , , , , 
2020-03-10, 1.25, 1.2496, 1.50, 1.2474, 1.00, 1.50, 0.0, 0.0, 250, 250, 0.0, 0.0, , , , , 
2020-03-09, 1.25, 1.2471, 1.50, 1.2497, 1.00, 1.50, 0.0, 0.0, 250, 250, 0.0, 0.0, , , , , 
2020-03-06, 1.25, 1.2497, 1.50, 1.2473, 1.00, 1.50, 0.0, 0.0, 250, 248, 0.0, 0.0, , , , , 
2020-03-05, 1.25, 1.2500, 1.50, 1.2498, 1.00, 1.50, 0.0, 0.0, 250, 250, 0.0, 0.0, , , , , 
2020-03-04, 1.25, 1.2500, 1.50, 1.2487, 1.00, 1.50, 0.0, 0.0, 250, 250, 0.0, 0.0, , , , , 
2020-03-03, 1.75, 1.7491, 2.00, 1.7489, 1.50, 2.00, 0.0, 0.0, 250, 250, 0.0, 0.0, , , , , 
2020-03-02, 1.75, 1.7483, 2.00, 1.7494, 1.50, 2.00, 0.0, 0.0, 250, 250, 0.0, 0.0, , , , , 
2020-02-28, 1.75, 1.7489, 2.00, 1.7517, 1.50, 2.00, 0.0, 0.0, 250, 250, 0.0, 0.0, , , , , 
2020-02-27, 1.75, 1.7491, 2.00, 1.7398, 1.50, 2.00, 0.0, 0.0, 250, 495, 4670.0, 0.0, , , , , 
2020-02-26, 1.75, 1.7492, 2.00, 1.7445, 1.50, 2.00, 0.0, 0.0, 250, 250, 0.0, 0.0, , , , , 
2020-02-25, 1.75, 1.7484, 2.00, 1.7499, 1.50, 2.00, 0.0, 0.0, 250, 250, 0.0, 0.0, , , , , 
2020-02-24, 1.75, 1.7480, 2.00, 1.7478, 1.50, 2.00, 0.0, 0.0, 250, 250, 0.0, 0.0, , , , , 
2020-02-21, 1.75, 1.7484, 2.00, 1.7458, 1.50, 2.00, 0.0, 0.0, 250, 250, 0.0, 0.0, , , , , 
2020-02-20, 1.75, 1.7484, 2.00, 1.7472, 1.50, 2.00, 0.0, 0.0, 250, 250, 0.0, 0.0, , , , , 
2020-02-19, 1.75, 1.7488, 2.00, 1.7476, 1.50, 2.00, 0.0, 0.0, 250, 250, 0.0, 0.0, , , , , 
2020-02-18, 1.75, 1.7488, 2.00, 1.7486, 1.50, 2.00, 0.0, 0.0, 250, 250, 0.0, 0.0, , , , , 
2020-02-17, 1.75, Bank holiday, 2.00, Bank holiday, 1.50, 2.00, Bank holiday, Bank holiday, 250, 250, Bank holiday, Bank holiday, , , , , 
2020-02-14, 1.75, 1.7497, 2.00, 1.7480, 1.50, 2.00, 0.0, 0.0, 250, 250, 0.0, 0.0, , , , , 
2020-02-13, 1.75, 1.7489, 2.00, 1.7467, 1.50, 2.00, 0.0, 0.0, 250, 250, 6500.0, 0.0, , , , , 
2020-02-12, 1.75, 1.7491, 2.00, 1.7448, 1.50, 2.00, 0.0, 0.0, 250, 250, 0.0, 0.0, , , , , 
2020-02-11, 1.75, 1.7481, 2.00, 1.7476, 1.50, 2.00, 0.0, 0.0, 250, 250, 0.0, 0.0, , , , , 
2020-02-10, 1.75, 1.7486, 2.00, 1.7456, 1.50, 2.00, 0.0, 0.0, 250, 250, 0.0, 0.0, , , , , 
2020-02-07, 1.75, 1.7487, 2.00, 1.7476, 1.50, 2.00, 0.0, 0.0, 250, 250, 0.0, 0.0, , , , , 
2020-02-06, 1.75, 1.7487, 2.00, 1.7409, 1.50, 2.00, 0.0, 0.0, 250, 250, 0.0, 0.0, , , , , 
2020-02-05, 1.75, 1.7472, 2.00, 1.7506, 1.50, 2.00, 0.0, 0.0, 250, 250, 0.0, 0.0, , , , , 
2020-02-04, 1.75, 1.7467, 2.00, 1.7503, 1.50, 2.00, 0.0, 0.0, 250, 250, 0.0, 0.0, , , , , 
2020-02-03, 1.75, 1.7484, 2.00, 1.7606, 1.50, 2.00, 0.0, 0.0, 250, 251, 0.0, 0.0, , , , , 
2020-01-31, 1.75, 1.7491, 2.00, 1.7555, 1.50, 2.00, 0.0, 0.0, 250, 250, 0.0, 0.0, , , , , 
2020-01-30, 1.75, 1.7494, 2.00, 1.7462, 1.50, 2.00, 0.0, 0.0, 250, 250, 3700.0, 0.0, , , , , 
2020-01-29, 1.75, 1.7485, 2.00, 1.7434, 1.50, 2.00, 0.0, 0.0, 250, 250, 0.0, 0.0, , , , , 
2020-01-28, 1.75, 1.7492, 2.00, 1.7474, 1.50, 2.00, 0.0, 0.0, 250, 250, 0.0, 0.0, , , , , 
2020-01-27, 1.75, 1.7481, 2.00, 1.7471, 1.50, 2.00, 0.0, 0.0, 250, 250, 0.0, 0.0, , , , , 
2020-01-24, 1.75, 1.7491, 2.00, 1.7473, 1.50, 2.00, 0.0, 0.0, 250, 250, 0.0, 0.0, , , , , 
2020-01-23, 1.75, 1.7479, 2.00, 1.7467, 1.50, 2.00, 0.0, 0.0, 250, 250, 0.0, 0.0, , , , , 
2020-01-22, 1.75, 1.7483, 2.00, 1.7441, 1.50, 2.00, 0.0, 0.0, 250, 250, 0.0, 0.0, , , , , 
2020-01-21, 1.75, 1.7487, 2.00, 1.7462, 1.50, 2.00, 0.0, 0.0, 250, 250, 0.0, 0.0, , , , , 
2020-01-20, 1.75, 1.7491, 2.00, 1.7438, 1.50, 2.00, 0.0, 0.0, 250, 250, 0.0, 0.0, , , , , 
2020-01-17, 1.75, 1.7466, 2.00, 1.7436, 1.50, 2.00, 0.0, 0.0, 250, 250, 0.0, 0.0, , , , , 
2020-01-16, 1.75, 1.7482, 2.00, 1.7409, 1.50, 2.00, 0.0, 0.0, 250, 250, 5600.0, 0.0, , , , , 
2020-01-15, 1.75, 1.7483, 2.00, 1.7259, 1.50, 2.00, 0.0, 0.0, 250, 250, 0.0, 0.0, , , , , 
2020-01-14, 1.75, 1.7500, 2.00, 1.7432, 1.50, 2.00, 0.0, 0.0, 250, 250, 0.0, 0.0, , , , , 
2020-01-13, 1.75, 1.7489, 2.00, 1.7438, 1.50, 2.00, 0.0, 0.0, 250, 250, 0.0, 0.0, , , , , 
2020-01-10, 1.75, 1.7477, 2.00, 1.7450, 1.50, 2.00, 0.0, 0.0, 250, 250, 0.0, 0.0, , , , , 
2020-01-09, 1.75, 1.7483, 2.00, 1.7475, 1.50, 2.00, 0.0, 0.0, 250, 250, 0.0, 0.0, , , , , 
2020-01-08, 1.75, 1.7469, 2.00, 1.7419, 1.50, 2.00, 0.0, 0.0, 250, 250, 0.0, 0.0, , , , , 
2020-01-07, 1.75, 1.7493, 2.00, 1.7441, 1.50, 2.00, 0.0, 0.0, 250, 250, 0.0, 0.0, , , , , 
2020-01-06, 1.75, 1.7491, 2.00, 1.7453, 1.50, 2.00, 0.0, 0.0, 250, 250, 0.0, 0.0, , , , , 
2020-01-03, 1.75, 1.7491, 2.00, 1.7645, 1.50, 2.00, 0.0, 0.0, 250, 250, 4025.0, 0.0, , , , , 
2020-01-02, 1.75, 1.7491, 2.00, 1.7745, 1.50, 2.00, 0.0, 0.0, 250, 250, 0.0, 0.0, , , , , 
2020-01-01, 1.75, Bank holiday, 2.00, Bank holiday, 1.50, 2.00, Bank holiday, Bank holiday, Bank holiday, Bank holiday, Bank holiday, Bank holiday, , , , , 
2019-12-31, 1.75, 1.7513, 2.00, 1.7813, 1.50, 2.00, 0.0, 0.0, 250, 250, 0.0, 0.0, , , , , 
2019-12-30, 1.75, 1.7475, 2.00, 1.7416, 1.50, 2.00, 0.0, 0.0, 250, 250, 0.0, 0.0, , , , , 
2019-12-27, 1.75, 1.7460, 2.00, 1.7482, 1.50, 2.00, 0.0, 0.0, 250, 250, 0.0, 0.0, , , , , 
2019-12-26, 1.75, Bank holiday, 2.00, Bank holiday, 1.50, 2.00, Bank holiday, Bank holiday, Bank holiday, Bank holiday, Bank holiday, Bank holiday, , , , , 
2019-12-25, 1.75, Bank holiday, 2.00, Bank holiday, 1.50, 2.00, Bank holiday, Bank holiday, Bank holiday, Bank holiday, Bank holiday, Bank holiday, , , , , 
2019-12-24, 1.75, 1.7480, 2.00, 1.7486, 1.50, 2.00, 0.0, 0.0, 250, 250, 0.0, 0.0, , , , , 
2019-12-23, 1.75, 1.7445, 2.00, 1.7310, 1.50, 2.00, 0.0, 0.0, 250, 250, 0.0, 0.0, , , , , 
2019-12-20, 1.75, 1.7490, 2.00, 1.7458, 1.50, 2.00, 0.0, 0.0, 250, 250, 0.0, 0.0, , , , , 
2019-12-19, 1.75, 1.7478, 2.00, 1.7504, 1.50, 2.00, 0.0, 0.0, 250, 250, 5500.0, 0.0, , , , , 
2019-12-18, 1.75, 1.7473, 2.00, 1.7552, 1.50, 2.00, 0.0, 0.0, 250, 250, 0.0, 0.0, , , , , 
2019-12-17, 1.75, 1.7481, 2.00, 1.7573, 1.50, 2.00, 0.0, 0.0, 250, 250, 0.0, 0.0, , , , , 
2019-12-16, 1.75, 1.7482, 2.00, 1.7550, 1.50, 2.00, 0.0, 0.0, 250, 250, 0.0, 0.0, , , , , 
2019-12-13, 1.75, 1.7497, 2.00, 1.7523, 1.50, 2.00, 0.0, 0.0, 250, 250, 0.0, 0.0, , , , , 
2019-12-12, 1.75, 1.7490, 2.00, 1.7467, 1.50, 2.00, 0.0, 0.0, 250, 250, 2400.0, 0.0, , , , , 
2019-12-11, 1.75, 1.7469, 2.00, 1.7473, 1.50, 2.00, 0.0, 0.0, 250, 250, 0.0, 0.0, , , , , 
2019-12-10, 1.75, 1.7494, 2.00, 1.7424, 1.50, 2.00, 0.0, 0.0, 250, 250, 0.0, 0.0, , , , , 
2019-12-09, 1.75, 1.7491, 2.00, 1.7456, 1.50, 2.00, 0.0, 0.0, 250, 250, 0.0, 0.0, , , , , 
2019-12-06, 1.75, 1.7486, 2.00, 1.7473, 1.50, 2.00, 0.0, 0.0, 250, 250, 4050.0, 0.0, , , , , 
2019-12-05, 1.75, 1.7479, 2.00, 1.7484, 1.50, 2.00, 0.0, 0.0, 250, 250, 0.0, 0.0, , , , , 
2019-12-04, 1.75, 1.7474, 2.00, 1.7474, 1.50, 2.00, 0.0, 0.0, 250, 250, 0.0, 0.0, , , , , 
2019-12-03, 1.75, 1.7484, 2.00, 1.7498, 1.50, 2.00, 0.0, 0.0, 250, 250, 0.0, 0.0, , , , , 
2019-12-02, 1.75, 1.7469, 2.00, 1.7519, 1.50, 2.00, 0.0, 0.0, 250, 250, 0.0, 0.0, , , , , 
2019-11-29, 1.75, 1.7490, 2.00, 1.7466, 1.50, 2.00, 0.0, 0.0, 250, 250, 0.0, 0.0, , , , , 
2019-11-28, 1.75, 1.7477, 2.00, 1.7500, 1.50, 2.00, 0.0, 0.0, 250, 250, 0.0, 0.0, , , , , 
2019-11-27, 1.75, 1.7479, 2.00, 1.7488, 1.50, 2.00, 0.0, 0.0, 250, 250, 0.0, 0.0, , , , , 
2019-11-26, 1.75, 1.7494, 2.00, 1.7467, 1.50, 2.00, 0.0, 0.0, 250, 250, 0.0, 0.0, , , , , 
2019-11-25, 1.75, 1.7479, 2.00, 1.7362, 1.50, 2.00, 0.0, 0.0, 250, 250, 0.0, 0.0, , , , , 
2019-11-22, 1.75, 1.7490, 2.00, 1.7411, 1.50, 2.00, 0.0, 0.0, 250, 250, 0.0, 0.0, , , , , 
2019-11-21, 1.75, 1.7486, 2.00, 1.7394, 1.50, 2.00, 0.0, 0.0, 250, 250, 5300.0, 0.0, , , , , 
2019-11-20, 1.75, 1.7489, 2.00, 1.7311, 1.50, 2.00, 0.0, 0.0, 250, 250, 0.0, 0.0, , , , , 
2019-11-19, 1.75, 1.7480, 2.00, 1.7411, 1.50, 2.00, 0.0, 0.0, 250, 250, 0.0, 0.0, , , , , 
2019-11-18, 1.75, 1.7492, 2.00, 1.7450, 1.50, 2.00, 0.0, 0.0, 250, 250, 0.0, 0.0, , , , , 
2019-11-15, 1.75, 1.7473, 2.00, 1.7498, 1.50, 2.00, 0.0, 0.0, 250, 250, 0.0, 0.0, , , , , 
2019-11-14, 1.75, 1.7497, 2.00, 1.7465, 1.50, 2.00, 0.0, 0.0, 250, 250, 0.0, 0.0, , , , , 
2019-11-13, 1.75, 1.7493, 2.00, 1.7394, 1.50, 2.00, 0.0, 0.0, 250, 250, 0.0, 0.0, , , , , 
2019-11-12, 1.75, 1.7491, 2.00, 1.7448, 1.50, 2.00, 0.0, 0.0, 250, 254, 0.0, 0.0, , , , , 
2019-11-11, 1.75, Bank holiday, 2.00, Bank holiday, 1.50, 2.00, Bank holiday, Bank holiday, Bank holiday, Bank holiday, Bank holiday, Bank holiday, , , , , 
2019-11-08, 1.75, 1.7489, 2.00, 1.7460, 1.50, 2.00, 0.0, 0.0, 250, 250, 0.0, 0.0, , , , , 
2019-11-07, 1.75, 1.7485, 2.00, 1.7303, 1.50, 2.00, 0.0, 0.0, 250, 250, 3900.0, 0.0, , , , , 
2019-11-06, 1.75, 1.7471, 2.00, 1.7371, 1.50, 2.00, 0.0, 0.0, 250, 250, 0.0, 0.0, , , , , 
2019-11-05, 1.75, 1.7471, 2.00, 1.7500, 1.50, 2.00, 0.0, 0.0, 250, 250, 0.0, 0.0, , , , , 
2019-11-04, 1.75, 1.7483, 2.00, 1.7651, 1.50, 2.00, 0.0, 0.0, 250, 250, 0.0, 0.0, , , , , 
2019-11-01, 1.75, 1.7483, 2.00, 1.7668, 1.50, 2.00, 1500.0, 0.0, 250, 691, 0.0, 0.0, , , , , 
2019-10-31, 1.75, 1.7500, 2.00, 1.7619, 1.50, 2.00, 0.0, 0.0, 250, 250, 0.0, 0.0, , , , , 
2019-10-30, 1.75, 1.7496, 2.00, 1.7414, 1.50, 2.00, 0.0, 0.0, 250, 250, 0.0, 0.0, , , , , 
2019-10-29, 1.75, 1.7367, 2.00, 1.7482, 1.50, 2.00, 0.0, 0.0, 250, 250, 0.0, 0.0, , , , , 
2019-10-28, 1.75, 1.7487, 2.00, 1.7579, 1.50, 2.00, 0.0, 0.0, 250, 250, 0.0, 0.0, , , , , 
2019-10-25, 1.75, 1.7492, 2.00, 1.7553, 1.50, 2.00, 0.0, 0.0, 250, 250, 0.0, 0.0, , , , , 
2019-10-24, 1.75, 1.7480, 2.00, 1.7443, 1.50, 2.00, 0.0, 0.0, 250, 250, 5000.0, 0.0, , , , , 
2019-10-23, 1.75, 1.7486, 2.00, 1.7447, 1.50, 2.00, 0.0, 0.0, 250, 250, 0.0, 0.0, , , , , 
2019-10-22, 1.75, 1.7481, 2.00, 1.7438, 1.50, 2.00, 0.0, 0.0, 250, 250, 0.0, 0.0, , , , , 
2019-10-21, 1.75, 1.7476, 2.00, 1.7468, 1.50, 2.00, 0.0, 0.0, 250, 250, 0.0, 0.0, , , , , 
2019-10-18, 1.75, 1.7475, 2.00, 1.7442, 1.50, 2.00, 0.0, 0.0, 250, 250, 0.0, 0.0, , , , , 
2019-10-17, 1.75, 1.7484, 2.00, 1.7366, 1.50, 2.00, 0.0, 0.0, 250, 250, 0.0, 0.0, , , , , 
2019-10-16, 1.75, 1.7482, 2.00, 1.7435, 1.50, 2.00, 0.0, 0.0, 250, 250, 0.0, 0.0, , , , , 
2019-10-15, 1.75, 1.7496, 2.00, 1.7572, 1.50, 2.00, 0.0, 0.0, 250, 249, 0.0, 0.0, , , , , 
2019-10-14, 1.75, Bank holiday, 2.00, Bank holiday, 1.50, 2.00, Bank holiday, Bank holiday, Bank holiday, Bank holiday, Bank holiday, Bank holiday, , , , , 
2019-10-11, 1.75, 1.7478, 2.00, 1.7507, 1.50, 2.00, 0.0, 0.0, 250, 250, 0.0, 0.0, , , , , 
2019-10-10, 1.75, 1.7487, 2.00, 1.7440, 1.50, 2.00, 0.0, 0.0, 250, 250, 3600.0, 0.0, , , , , 
2019-10-09, 1.75, 1.7495, 2.00, 1.7438, 1.50, 2.00, 0.0, 0.0, 250, 250, 0.0, 0.0, , , , , 
2019-10-08, 1.75, 1.7466, 2.00, 1.7466, 1.50, 2.00, 0.0, 0.0, 250, 250, 0.0, 0.0, , , , , 
2019-10-07, 1.75, 1.7478, 2.00, 1.7490, 1.50, 2.00, 0.0, 0.0, 250, 250, 0.0, 0.0, , , , , 
2019-10-04, 1.75, 1.7496, 2.00, 1.7494, 1.50, 2.00, 0.0, 0.0, 250, 250, 0.0, 0.0, , , , , 
2019-10-03, 1.75, 1.7496, 2.00, 1.7481, 1.50, 2.00, 0.0, 0.0, 250, 250, 0.0, 0.0, , , , , 
2019-10-02, 1.75, 1.7494, 2.00, 1.7543, 1.50, 2.00, 0.0, 0.0, 250, 250, 0.0, 0.0, , , , , 
2019-10-01, 1.75, 1.7478, 2.00, 1.7532, 1.50, 2.00, 0.0, 0.0, 250, 250, 0.0, 0.0, , , , , 
2019-09-30, 1.75, 1.7483, 2.00, 1.7475, 1.50, 2.00, 0.0, 0.0, 250, 250, 0.0, 0.0, , , , , 
2019-09-27, 1.75, 1.7463, 2.00, 1.7358, 1.50, 2.00, 0.0, 0.0, 250, 250, 0.0, 0.0, , , , , 
2019-09-26, 1.75, 1.7451, 2.00, 1.7404, 1.50, 2.00, 0.0, 0.0, 250, 250, 4900.0, 0.0, , , , , 
2019-09-25, 1.75, 1.7424, 2.00, 1.7233, 1.50, 2.00, 0.0, 0.0, 250, 250, 0.0, 0.0, , , , , 
2019-09-24, 1.75, 1.7466, 2.00, 1.7439, 1.50, 2.00, 0.0, 0.0, 250, 488, 0.0, 0.0, , , , , 
2019-09-23, 1.75, 1.7416, 2.00, 1.7272, 1.50, 2.00, 0.0, 0.0, 250, 250, 0.0, 0.0, , , , , 
2019-09-20, 1.75, 1.7479, 2.00, 1.7437, 1.50, 2.00, 0.0, 0.0, 250, 250, 0.0, 0.0, , , , , 
2019-09-19, 1.75, 1.7438, 2.00, 1.7480, 1.50, 2.00, 0.0, 0.0, 250, 250, 0.0, 0.0, , , , , 
2019-09-18, 1.75, 1.7489, 2.00, 1.7482, 1.50, 2.00, 0.0, 0.0, 250, 250, 0.0, 0.0, , , , , 
2019-09-17, 1.75, 1.7440, 2.00, 1.7520, 1.50, 2.00, 0.0, 0.0, 250, 250, 0.0, 0.0, , , , , 
2019-09-16, 1.75, 1.7470, 2.00, 1.7634, 1.50, 2.00, 1250.0, 0.0, 250, 566, 0.0, 0.0, , , , , 
2019-09-13, 1.75, 1.7495, 2.00, 1.7452, 1.50, 2.00, 0.0, 0.0, 250, 250, 0.0, 0.0, , , , , 
2019-09-12, 1.75, 1.7461, 2.00, 1.7492, 1.50, 2.00, 0.0, 0.0, 250, 250, 3500.0, 0.0, , , , , 
2019-09-11, 1.75, 1.7500, 2.00, 1.7473, 1.50, 2.00, 0.0, 0.0, 250, 250, 0.0, 0.0, , , , , 
2019-09-10, 1.75, 1.7472, 2.00, 1.7485, 1.50, 2.00, 0.0, 0.0, 250, 250, 0.0, 0.0, , , , , 
2019-09-09, 1.75, 1.7465, 2.00, 1.7491, 1.50, 2.00, 0.0, 0.0, 250, 250, 0.0, 0.0, , , , , 
2019-09-06, 1.75, 1.7469, 2.00, 1.7531, 1.50, 2.00, 0.0, 0.0, 250, 250, 0.0, 0.0, , , , , 
2019-09-05, 1.75, 1.7482, 2.00, 1.7547, 1.50, 2.00, 0.0, 0.0, 250, 250, 0.0, 0.0, , , , , 
2019-09-04, 1.75, 1.7476, 2.00, 1.7547, 1.50, 2.00, 0.0, 0.0, 250, 250, 0.0, 0.0, , , , , 
2019-09-03, 1.75, 1.7477, 2.00, 1.7691, 1.50, 2.00, 0.0, 0.0, 250, 250, 0.0, 0.0, , , , , 
2019-09-02, 1.75, Bank holiday, 2.00, Bank holiday, 1.50, 2.00, Bank holiday, Bank holiday, Bank holiday, Bank holiday, Bank holiday, Bank holiday, , , , , 
2019-08-30, 1.75, 1.7457, 2.00, 1.7495, 1.50, 2.00, 0.0, 0.0, 250, 250, 0.0, 0.0, , , , , 
2019-08-29, 1.75, 1.7490, 2.00, 1.7500, 1.50, 2.00, 0.0, 0.0, 250, 250, 5000.0, 0.0, , , , , 
2019-08-28, 1.75, 1.7467, 2.00, 1.7500, 1.50, 2.00, 0.0, 0.0, 250, 250, 0.0, 0.0, , , , , 
2019-08-27, 1.75, 1.7483, 2.00, 1.7420, 1.50, 2.00, 0.0, 0.0, 250, 250, 0.0, 0.0, , , , , 
2019-08-26, 1.75, 1.7477, 2.00, 1.7431, 1.50, 2.00, 0.0, 0.0, 250, 285, 0.0, 0.0, , , , , 
2019-08-23, 1.75, 1.7484, 2.00, 1.7480, 1.50, 2.00, 0.0, 0.0, 250, 249, 0.0, 0.0, , , , , 
2019-08-22, 1.75, 1.7488, 2.00, 1.7448, 1.50, 2.00, 0.0, 0.0, 250, 250, 0.0, 0.0, , , , , 
2019-08-21, 1.75, 1.7476, 2.00, 1.7471, 1.50, 2.00, 0.0, 0.0, 250, 250, 0.0, 0.0, , , , , 
2019-08-20, 1.75, 1.7466, 2.00, 1.7427, 1.50, 2.00, 0.0, 0.0, 250, 250, 0.0, 0.0, , , , , 
2019-08-19, 1.75, 1.7464, 2.00, 1.7416, 1.50, 2.00, 0.0, 0.0, 250, 250, 0.0, 0.0, , , , , 
2019-08-16, 1.75, 1.7475, 2.00, 1.7498, 1.50, 2.00, 0.0, 0.0, 250, 250, 0.0, 0.0, , , , , 
2019-08-15, 1.75, 1.7485, 2.00, 1.7473, 1.50, 2.00, 0.0, 0.0, 250, 250, 3100.0, 0.0, , , , , 
2019-08-14, 1.75, 1.7500, 2.00, 1.7573, 1.50, 2.00, 0.0, 0.0, 250, 250, 0.0, 0.0, , , , , 
2019-08-13, 1.75, 1.7471, 2.00, 1.7457, 1.50, 2.00, 0.0, 0.0, 250, 250, 0.0, 0.0, , , , , 
2019-08-12, 1.75, 1.7467, 2.00, 1.7566, 1.50, 2.00, 0.0, 0.0, 250, 250, 0.0, 0.0, , , , , 
2019-08-09, 1.75, 1.7490, 2.00, 1.7624, 1.50, 2.00, 0.0, 0.0, 250, 250, 0.0, 0.0, , , , , 
2019-08-08, 1.75, 1.7479, 2.00, 1.7720, 1.50, 2.00, 0.0, 0.0, 250, 250, 0.0, 0.0, , , , , 
2019-08-07, 1.75, 1.7479, 2.00, 1.7500, 1.50, 2.00, 0.0, 0.0, 250, 250, 0.0, 0.0, , , , , 
2019-08-06, 1.75, 1.7473, 2.00, 1.7522, 1.50, 2.00, 0.0, 0.0, 250, 250, 0.0, 0.0, , , , , 
2019-08-05, 1.75, Bank holiday, 2.00, Bank holiday, 1.50, 2.00, Bank holiday, Bank holiday, 250, -16, Bank holiday, Bank holiday, , , , , 
2019-08-02, 1.75, 1.7483, 2.00, 1.7817, 1.50, 2.00, 0.0, 0.0, 250, 250, 0.0, 0.0, , , , , 
2019-08-01, 1.75, 1.7486, 2.00, 1.7864, 1.50, 2.00, 1000.0, 0.0, 250, 306, 4300.0, 0.0, , , , , 
2019-07-31, 1.75, 1.7543, 2.00, 1.7953, 1.50, 2.00, 0.0, 0.0, 250, 250, 0.0, 0.0, , , , , 
2019-07-30, 1.75, 1.7458, 2.00, 1.7696, 1.50, 2.00, 0.0, 0.0, 250, 250, 0.0, 0.0, , , , , 
2019-07-29, 1.75, 1.7457, 2.00, 1.7750, 1.50, 2.00, 700.0, 0.0, 250, 414, 0.0, 0.0, , , , , 
2019-07-26, 1.75, 1.7456, 2.00, 1.7763, 1.50, 2.00, 0.0, 0.0, 250, 250, 0.0, 0.0, , , , , 
2019-07-25, 1.75, 1.7458, 2.00, 1.7522, 1.50, 2.00, 0.0, 0.0, 250, 250, 0.0, 0.0, , , , , 
2019-07-24, 1.75, 1.7453, 2.00, 1.7523, 1.50, 2.00, 0.0, 0.0, 250, 250, 0.0, 179.0, , , , , 
2019-07-23, 1.75, 1.7472, 2.00, 1.7515, 1.50, 2.00, 0.0, 0.0, 250, 250, 0.0, 358.0, , , , , 
2019-07-22, 1.75, 1.7477, 2.00, 1.7317, 1.50, 2.00, 0.0, 0.0, 250, 250, 0.0, 0.0, , , , , 
2019-07-19, 1.75, 1.7482, 2.00, 1.7492, 1.50, 2.00, 0.0, 0.0, 250, 250, 0.0, 0.0, , , , , 
2019-07-18, 1.75, 1.7475, 2.00, 1.7444, 1.50, 2.00, 0.0, 0.0, 250, 250, 2900.0, 0.0, , , , , 
2019-07-17, 1.75, 1.7475, 2.00, 1.7463, 1.50, 2.00, 0.0, 0.0, 250, 250, 0.0, 0.0, , , , , 
2019-07-16, 1.75, 1.7490, 2.00, 1.7450, 1.50, 2.00, 0.0, 0.0, 250, 250, 0.0, 0.0, , , , , 
2019-07-15, 1.75, 1.7440, 2.00, 1.7256, 1.50, 2.00, 0.0, 0.0, 250, 250, 0.0, 0.0, , , , , 
2019-07-12, 1.75, 1.7445, 2.00, 1.7486, 1.50, 2.00, 0.0, 0.0, 250, 250, 0.0, 0.0, , , , , 
2019-07-11, 1.75, 1.7437, 2.00, 1.7363, 1.50, 2.00, 0.0, 0.0, 250, 250, 0.0, 0.0, , , , , 
2019-07-10, 1.75, 1.7449, 2.00, 1.7207, 1.50, 2.00, 0.0, 0.0, 250, 250, 0.0, 0.0, , , , , 
2019-07-09, 1.75, 1.7454, 2.00, 1.7363, 1.50, 2.00, 0.0, 0.0, 250, 60, 0.0, 0.0, , , , , 
2019-07-08, 1.75, 1.7441, 2.00, 1.7474, 1.50, 2.00, 0.0, 0.0, 250, 250, 0.0, 0.0, , , , , 
2019-07-05, 1.75, 1.7469, 2.00, 1.7289, 1.50, 2.00, 0.0, 0.0, 250, 250, 0.0, 0.0, , , , , 
2019-07-04, 1.75, 1.7486, 2.00, 1.7466, 1.50, 2.00, 0.0, 0.0, 250, 250, 4300.0, 0.0, , , , , 
2019-07-03, 1.75, 1.7468, 2.00, 1.7535, 1.50, 2.00, 0.0, 0.0, 250, 250, 0.0, 0.0, , , , , 
2019-07-02, 1.75, 1.7461, 2.00, 1.7598, 1.50, 2.00, 0.0, 0.0, 250, 250, 0.0, 0.0, , , , , 
2019-07-01, 1.75, Bank holiday, 2.00, Bank holiday, 1.50, 2.00, Bank holiday, Bank holiday, Bank holiday, Bank holiday, Bank holiday, Bank holiday, , , , , 
2019-06-28, 1.75, 1.7346, 2.00, 1.6917, 1.50, 2.00, 0.0, 0.0, 250, 250, 0.0, 0.0, , , , , 
2019-06-27, 1.75, 1.7401, 2.00, 1.7217, 1.50, 2.00, 0.0, 0.0, 250, 250, 0.0, 0.0, , , , , 
2019-06-26, 1.75, 1.7349, 2.00, 1.7272, 1.50, 2.00, 0.0, 0.0, 250, 250, 0.0, 0.0, , , , , 
2019-06-25, 1.75, 1.7363, 2.00, 1.7286, 1.50, 2.00, 0.0, 0.0, 250, 250, 0.0, 0.0, , , , , 
2019-06-24, 1.75, 1.7462, 2.00, 1.7449, 1.50, 2.00, 0.0, 0.0, 250, 250, 0.0, 0.0, , , , , 
2019-06-21, 1.75, 1.7462, 2.00, 1.7418, 1.50, 2.00, 0.0, 0.0, 250, 250, 0.0, 0.0, , , , , 
2019-06-20, 1.75, 1.7445, 2.00, 1.7236, 1.50, 2.00, 0.0, 0.0, 250, 250, 3200.0, 0.0, , , , , 
2019-06-19, 1.75, 1.7412, 2.00, 1.7194, 1.50, 2.00, 0.0, 0.0, 250, 250, 0.0, 0.0, , , , , 
2019-06-18, 1.75, 1.7387, 2.00, 1.7177, 1.50, 2.00, 0.0, 0.0, 250, 250, 0.0, 0.0, , , , , 
2019-06-17, 1.75, 1.7429, 2.00, 1.7365, 1.50, 2.00, 0.0, 0.0, 250, 250, 0.0, 0.0, , , , , 
2019-06-14, 1.75, 1.7468, 2.00, 1.7366, 1.50, 2.00, 0.0, 0.0, 250, 250, 0.0, 0.0, , , , , 
2019-06-13, 1.75, 1.7471, 2.00, 1.6964, 1.50, 2.00, 0.0, 1500.0, 250, 12, 0.0, 0.0, , , , , 
2019-06-12, 1.75, 1.7403, 2.00, 1.6070, 1.50, 2.00, 0.0, 0.0, 250, 250, 0.0, 0.0, , , , , 
2019-06-11, 1.75, 1.7448, 2.00, 1.7218, 1.50, 2.00, 0.0, 0.0, 250, 250, 0.0, 0.0, , , , , 
2019-06-10, 1.75, 1.7385, 2.00, 1.7275, 1.50, 2.00, 0.0, 0.0, 250, 250, 0.0, 0.0, , , , , 
2019-06-07, 1.75, 1.7428, 2.00, 1.7217, 1.50, 2.00, 0.0, 0.0, 250, 250, 0.0, 0.0, , , , , 
2019-06-06, 1.75, 1.7394, 2.00, 1.7210, 1.50, 2.00, 0.0, 0.0, 250, 250, 4249.0, 0.0, , , , , 
2019-06-05, 1.75, 1.7488, 2.00, 1.7341, 1.50, 2.00, 0.0, 0.0, 250, 86, 0.0, 0.0, , , , , 
2019-06-04, 1.75, 1.7481, 2.00, 1.7555, 1.50, 2.00, 0.0, 0.0, 250, 250, 0.0, 0.0, , , , , 
2019-06-03, 1.75, 1.7497, 2.00, 1.7809, 1.50, 2.00, 0.0, 0.0, 250, 250, 0.0, 0.0, , , , , 
2019-05-31, 1.75, 1.7449, 2.00, 1.7753, 1.50, 2.00, 0.0, 0.0, 250, 250, 0.0, 0.0, , , , , 
2019-05-30, 1.75, 1.7456, 2.00, 1.7700, 1.50, 2.00, 0.0, 0.0, 250, 250, 0.0, 0.0, , , , , 
2019-05-29, 1.75, 1.7426, 2.00, 1.7316, 1.50, 2.00, 0.0, 0.0, 250, 250, 0.0, 0.0, , , , , 
2019-05-28, 1.75, 1.7437, 2.00, 1.7373, 1.50, 2.00, 0.0, 0.0, 250, 250, 0.0, 0.0, , , , , 
2019-05-27, 1.75, 1.7359, 2.00, 1.7353, 1.50, 2.00, 0.0, 0.0, 250, 250, 0.0, 0.0, , , , , 
2019-05-24, 1.75, 1.7485, 2.00, 1.7359, 1.50, 2.00, 0.0, 0.0, 250, 250, 0.0, 0.0, , , , , 
2019-05-23, 1.75, 1.7470, 2.00, 1.7310, 1.50, 2.00, 0.0, 0.0, 250, 250, 3200.0, 0.0, , , , , 
2019-05-22, 1.75, 1.7465, 2.00, 1.7226, 1.50, 2.00, 0.0, 0.0, 250, 250, 0.0, 0.0, , , , , 
2019-05-21, 1.75, 1.7471, 2.00, 1.7391, 1.50, 2.00, 0.0, 0.0, 250, 250, 0.0, 0.0, , , , , 
2019-05-20, 1.75, Bank holiday, 2.00, Bank holiday, 1.50, 2.00, Bank holiday, Bank holiday, Bank holiday, Bank holiday, Bank holiday, Bank holiday, , , , , 
2019-05-17, 1.75, 1.7456, 2.00, 1.7844, 1.50, 2.00, 0.0, 0.0, 250, 250, 0.0, 0.0, , , , , 
2019-05-16, 1.75, 1.7477, 2.00, 1.7459, 1.50, 2.00, 0.0, 0.0, 250, 250, 0.0, 0.0, , , , , 
2019-05-15, 1.75, 1.7476, 2.00, 1.7414, 1.50, 2.00, 0.0, 0.0, 250, 250, 0.0, 0.0, , , , , 
2019-05-14, 1.75, 1.7444, 2.00, 1.7405, 1.50, 2.00, 0.0, 0.0, 250, 250, 0.0, 0.0, , , , , 
2019-05-13, 1.75, 1.7450, 2.00, 1.7365, 1.50, 2.00, 0.0, 0.0, 250, 250, 0.0, 0.0, , , , , 
2019-05-10, 1.75, 1.7414, 2.00, 1.7422, 1.50, 2.00, 0.0, 0.0, 250, 250, 0.0, 0.0, , , , , 
2019-05-09, 1.75, 1.7432, 2.00, 1.7312, 1.50, 2.00, 0.0, 0.0, 250, 250, 4300.0, 0.0, , , , , 
2019-05-08, 1.75, 1.7432, 2.00, 1.7366, 1.50, 2.00, 0.0, 0.0, 250, 250, 0.0, 0.0, , , , , 
2019-05-07, 1.75, 1.7408, 2.00, 1.7391, 1.50, 2.00, 0.0, 0.0, 250, 250, 0.0, 0.0, , , , , 
2019-05-06, 1.75, 1.7476, 2.00, 1.7428, 1.50, 2.00, 0.0, 0.0, 250, 250, 0.0, 0.0, , , , , 
2019-05-03, 1.75, 1.7476, 2.00, 1.7547, 1.50, 2.00, 0.0, 0.0, 250, 250, 0.0, 0.0, , , , , 
2019-05-02, 1.75, 1.7494, 2.00, 1.7733, 1.50, 2.00, 0.0, 0.0, 250, 250, 0.0, 0.0, , , , , 
2019-05-01, 1.75, 1.7457, 2.00, 1.7789, 1.50, 2.00, 0.0, 0.0, 250, 250, 0.0, 0.0, , , , , 
2019-04-30, 1.75, 1.7507, 2.00, 1.7793, 1.50, 2.00, 0.0, 0.0, 250, 250, 0.0, 0.0, , , , , 
2019-04-29, 1.75, 1.7466, 2.00, 1.7491, 1.50, 2.00, 0.0, 0.0, 250, 250, 0.0, 0.0, , , , , 
2019-04-26, 1.75, 1.7473, 2.00, 1.7571, 1.50, 2.00, 0.0, 0.0, 250, 250, 2900.0, 0.0, , , , , 
2019-04-25, 1.75, 1.7472, 2.00, 1.7452, 1.50, 2.00, 0.0, 0.0, 250, -124, 0.0, 0.0, , , , , 
2019-04-24, 1.75, 1.7457, 2.00, 1.7369, 1.50, 2.00, 0.0, 0.0, 250, 250, 0.0, 0.0, , , , , 
2019-04-23, 1.75, 1.7453, 2.00, 1.7397, 1.50, 2.00, 0.0, 0.0, 250, 250, 0.0, 0.0, , , , , 
2019-04-22, 1.75, 1.7458, 2.00, 1.7628, 1.50, 2.00, 0.0, 0.0, 250, 250, 0.0, 0.0, , , , , 
2019-04-19, 1.75, Bank holiday, 2.00, Bank holiday, 1.50, 2.00, Bank holiday, Bank holiday, Bank holiday, Bank holiday, Bank holiday, Bank holiday, , , , , 
2019-04-18, 1.75, 1.7461, 2.00, 1.7510, 1.50, 2.00, 0.0, 0.0, 250, 250, 0.0, 0.0, , , , , 
2019-04-17, 1.75, 1.7420, 2.00, 1.7295, 1.50, 2.00, 0.0, 0.0, 250, 250, 0.0, 0.0, , , , , 
2019-04-16, 1.75, 1.7476, 2.00, 1.7426, 1.50, 2.00, 0.0, 0.0, 250, 250, 0.0, 0.0, , , , , 
2019-04-15, 1.75, 1.7458, 2.00, 1.7573, 1.50, 2.00, 0.0, 0.0, 250, 250, 0.0, 0.0, , , , , 
2019-04-12, 1.75, 1.7496, 2.00, 1.7550, 1.50, 2.00, 0.0, 0.0, 250, 250, 0.0, 0.0, , , , , 
2019-04-11, 1.75, 1.7477, 2.00, 1.7406, 1.50, 2.00, 0.0, 0.0, 250, 250, 4300.0, 0.0, , , , , 
2019-04-10, 1.75, 1.7468, 2.00, 1.7403, 1.50, 2.00, 0.0, 0.0, 250, 250, 0.0, 0.0, , , , , 
2019-04-09, 1.75, 1.7459, 2.00, 1.7374, 1.50, 2.00, 0.0, 0.0, 250, 250, 0.0, 0.0, , , , , 
2019-04-08, 1.75, 1.7486, 2.00, 1.7456, 1.50, 2.00, 0.0, 0.0, 250, 250, 0.0, 0.0, , , , , 
2019-04-05, 1.75, 1.7473, 2.00, 1.7436, 1.50, 2.00, 0.0, 0.0, 250, 250, 0.0, 0.0, , , , , 
2019-04-04, 1.75, 1.7472, 2.00, 1.7548, 1.50, 2.00, 0.0, 0.0, 250, 250, 0.0, 0.0, , , , , 
2019-04-03, 1.75, 1.7475, 2.00, 1.7481, 1.50, 2.00, 0.0, 0.0, 250, 250, 0.0, 0.0, , , , , 
2019-04-02, 1.75, 1.7485, 2.00, 1.7676, 1.50, 2.00, 0.0, 0.0, 250, 250, 0.0, 0.0, , , , , 
2019-04-01, 1.75, 1.7458, 2.00, 1.7859, 1.50, 2.00, 1500.0, 0.0, 250, 599, 0.0, 0.0, , , , , 
2019-03-29, 1.75, 1.7449, 2.00, 1.7456, 1.50, 2.00, 0.0, 0.0, 250, 250, 0.0, 0.0, , , , , 
2019-03-28, 1.75, 1.7467, 2.00, 1.7441, 1.50, 2.00, 0.0, 0.0, 250, 250, 2900.0, 0.0, , , , , 
2019-03-27, 1.75, 1.7459, 2.00, 1.7418, 1.50, 2.00, 0.0, 0.0, 250, 250, 0.0, 0.0, , , , , 
2019-03-26, 1.75, 1.7476, 2.00, 1.7500, 1.50, 2.00, 0.0, 0.0, 250, 250, 0.0, 0.0, , , , , 
2019-03-25, 1.75, 1.7471, 2.00, 1.7500, 1.50, 2.00, 0.0, 0.0, 250, 250, 0.0, 0.0, , , , , 
2019-03-22, 1.75, 1.7454, 2.00, 1.7513, 1.50, 2.00, 0.0, 0.0, 250, 250, 0.0, 0.0, , , , , 
2019-03-21, 1.75, 1.7462, 2.00, 1.7500, 1.50, 2.00, 0.0, 0.0, 250, 250, 0.0, 100.0, , , , , 
2019-03-20, 1.75, 1.7469, 2.00, 1.7473, 1.50, 2.00, 0.0, 0.0, 250, 250, 0.0, 0.0, , , , , 
2019-03-19, 1.75, 1.7452, 2.00, 1.7375, 1.50, 2.00, 0.0, 0.0, 250, 250, 0.0, 0.0, , , , , 
2019-03-18, 1.75, 1.7484, 2.00, 1.7516, 1.50, 2.00, 0.0, 0.0, 250, 250, 0.0, 0.0, , , , , 
2019-03-15, 1.75, 1.7460, 2.00, 1.7557, 1.50, 2.00, 0.0, 0.0, 250, 250, 0.0, 0.0, , , , , 
2019-03-14, 1.75, 1.7487, 2.00, 1.7344, 1.50, 2.00, 0.0, 0.0, 250, 250, 4300.0, 0.0, , , , , 
2019-03-13, 1.75, 1.7472, 2.00, 1.7279, 1.50, 2.00, 0.0, 0.0, 250, 250, 0.0, 0.0, , , , , 
2019-03-12, 1.75, 1.7471, 2.00, 1.7410, 1.50, 2.00, 0.0, 0.0, 250, 250, 0.0, 0.0, , , , , 
2019-03-11, 1.75, 1.7477, 2.00, 1.7271, 1.50, 2.00, 0.0, 0.0, 250, 250, 0.0, 0.0, , , , , 
2019-03-08, 1.75, 1.7462, 2.00, 1.7311, 1.50, 2.00, 0.0, 0.0, 250, 250, 0.0, 0.0, , , , , 
2019-03-07, 1.75, 1.7473, 2.00, 1.7243, 1.50, 2.00, 0.0, 0.0, 250, 250, 0.0, 0.0, , , , , 
2019-03-06, 1.75, 1.7484, 2.00, 1.7234, 1.50, 2.00, 0.0, 0.0, 250, 250, 0.0, 0.0, , , , , 
2019-03-05, 1.75, 1.7479, 2.00, 1.7160, 1.50, 2.00, 0.0, 0.0, 250, 250, 0.0, 0.0, , , , , 
2019-03-04, 1.75, 1.7483, 2.00, 1.7248, 1.50, 2.00, 0.0, 0.0, 250, 250, 0.0, 0.0, , , , , 
2019-03-01, 1.75, 1.7465, 2.00, 1.7415, 1.50, 2.00, 0.0, 0.0, 250, 250, 0.0, 0.0, , , , , 
2019-02-28, 1.75, 1.7482, 2.00, 1.7350, 1.50, 2.00, 0.0, 0.0, 250, 250, 2900.0, 0.0, , , , , 
2019-02-27, 1.75, 1.7485, 2.00, 1.7102, 1.50, 2.00, 0.0, 0.0, 250, 250, 0.0, 0.0, , , , , 
2019-02-26, 1.75, 1.7440, 2.00, 1.7300, 1.50, 2.00, 0.0, 0.0, 250, 250, 0.0, 0.0, , , , , 
2019-02-25, 1.75, 1.7458, 2.00, 1.7244, 1.50, 2.00, 0.0, 0.0, 250, 250, 0.0, 0.0, , , , , 
2019-02-22, 1.75, 1.7443, 2.00, 1.7254, 1.50, 2.00, 0.0, 0.0, 250, 250, 0.0, 0.0, , , , , 
2019-02-21, 1.75, 1.7475, 2.00, 1.7439, 1.50, 2.00, 0.0, 0.0, 250, 250, 0.0, 0.0, , , , , 
2019-02-20, 1.75, 1.7472, 2.00, 1.7068, 1.50, 2.00, 0.0, 0.0, 250, 250, 0.0, 0.0, , , , , 
2019-02-19, 1.75, 1.7472, 2.00, 1.7500, 1.50, 2.00, 0.0, 0.0, 250, 250, 0.0, 0.0, , , , , 
2019-02-18, 1.75, Bank holiday, 2.00, Bank holiday, 1.50, 2.00, Bank holiday, Bank holiday, 250, 250, Bank holiday, Bank holiday, , , , , 
2019-02-15, 1.75, 1.7489, 2.00, 1.7437, 1.50, 2.00, 0.0, 0.0, 250, -297, 0.0, 0.0, , , , , 
2019-02-14, 1.75, 1.7483, 2.00, 1.7300, 1.50, 2.00, 0.0, 0.0, 250, 250, 4300.0, 0.0, , , , , 
2019-02-13, 1.75, 1.7479, 2.00, 1.7500, 1.50, 2.00, 0.0, 0.0, 250, 250, 0.0, 0.0, , , , , 
2019-02-12, 1.75, 1.7464, 2.00, 1.7500, 1.50, 2.00, 0.0, 0.0, 250, 250, 0.0, 0.0, , , , , 
2019-02-11, 1.75, 1.7472, 2.00, 1.7500, 1.50, 2.00, 0.0, 0.0, 250, 250, 0.0, 0.0, , , , , 
2019-02-08, 1.75, 1.7487, 2.00, 1.7500, 1.50, 2.00, 0.0, 0.0, 250, 250, 0.0, 0.0, , , , , 
2019-02-07, 1.75, 1.7454, 2.00, 1.7500, 1.50, 2.00, 0.0, 0.0, 250, 250, 0.0, 0.0, , , , , 
2019-02-06, 1.75, 1.7478, 2.00, 1.7500, 1.50, 2.00, 0.0, 0.0, 250, 250, 0.0, 0.0, , , , , 
2019-02-05, 1.75, 1.7477, 2.00, 1.7475, 1.50, 2.00, 0.0, 0.0, 250, 250, 0.0, 0.0, , , , , 
2019-02-04, 1.75, 1.7478, 2.00, 1.7500, 1.50, 2.00, 0.0, 0.0, 250, 250, 0.0, 0.0, , , , , 
2019-02-01, 1.75, 1.7471, 2.00, 1.7448, 1.50, 2.00, 0.0, 0.0, 250, 250, 0.0, 0.0, , , , , 
2019-01-31, 1.75, 1.7469, 2.00, 1.7500, 1.50, 2.00, 0.0, 0.0, 250, 250, 2900.0, 0.0, , , , , 
2019-01-30, 1.75, 1.7472, 2.00, 1.7500, 1.50, 2.00, 0.0, 0.0, 250, 250, 0.0, 0.0, , , , , 
2019-01-29, 1.75, 1.7458, 2.00, 1.7362, 1.50, 2.00, 0.0, 0.0, 250, 250, 0.0, 0.0, , , , , 
2019-01-28, 1.75, 1.7474, 2.00, 1.7457, 1.50, 2.00, 0.0, 0.0, 250, 250, 0.0, 0.0, , , , , 
2019-01-25, 1.75, 1.7453, 2.00, 1.7514, 1.50, 2.00, 0.0, 0.0, 250, 250, 0.0, 0.0, , , , , 
2019-01-24, 1.75, 1.7473, 2.00, 1.7510, 1.50, 2.00, 0.0, 0.0, 250, 250, 0.0, 0.0, , , , , 
2019-01-23, 1.75, 1.7469, 2.00, 1.7180, 1.50, 2.00, 0.0, 0.0, 250, 250, 0.0, 0.0, , , , , 
2019-01-22, 1.75, 1.7493, 2.00, 1.7346, 1.50, 2.00, 0.0, 0.0, 250, 250, 0.0, 0.0, , , , , 
2019-01-21, 1.75, 1.7474, 2.00, 1.7340, 1.50, 2.00, 0.0, 0.0, 250, 250, 0.0, 0.0, , , , , 
2019-01-18, 1.75, 1.7467, 2.00, 1.7477, 1.50, 2.00, 0.0, 0.0, 250, 250, 0.0, 0.0, , , , , 
2019-01-17, 1.75, 1.7492, 2.00, 1.7474, 1.50, 2.00, 0.0, 0.0, 250, 250, 4300.0, 0.0, , , , , 
2019-01-16, 1.75, 1.7467, 2.00, 1.7491, 1.50, 2.00, 0.0, 0.0, 250, 250, 0.0, 0.0, , , , , 
2019-01-15, 1.75, 1.7468, 2.00, 1.7500, 1.50, 2.00, 0.0, 0.0, 250, 250, 0.0, 0.0, , , , , 
2019-01-14, 1.75, 1.7440, 2.00, 1.7434, 1.50, 2.00, 0.0, 0.0, 250, 250, 0.0, 0.0, , , , , 
2019-01-11, 1.75, 1.7494, 2.00, 1.7365, 1.50, 2.00, 0.0, 0.0, 250, 250, 0.0, 0.0, , , , , 
2019-01-10, 1.75, 1.7497, 2.00, 1.7329, 1.50, 2.00, 0.0, 0.0, 250, 250, 0.0, 0.0, , , , , 
2019-01-09, 1.75, 1.7479, 2.00, 1.7193, 1.50, 2.00, 0.0, 0.0, 250, 250, 0.0, 0.0, , , , , 
2019-01-08, 1.75, 1.7504, 2.00, 1.7306, 1.50, 2.00, 0.0, 0.0, 250, 250, 0.0, 0.0, , , , , 
2019-01-07, 1.75, 1.7507, 2.00, 1.7738, 1.50, 2.00, 0.0, 0.0, 250, 250, 0.0, 0.0, , , , , 
2019-01-04, 1.75, 1.7500, 2.00, 1.7983, 1.50, 2.00, 0.0, 0.0, 250, 250, 2900.0, 0.0, , , , , 
2019-01-03, 1.75, 1.7518, 2.00, 1.8000, 1.50, 2.00, 0.0, 0.0, 250, 250, 0.0, 0.0, , , , , 
2019-01-02, 1.75, 1.7529, 2.00, 1.7989, 1.50, 2.00, 1500.0, 0.0, 250, 250, 0.0, 0.0, , , , , 
2019-01-01, 1.75, Bank holiday, 2.00, Bank holiday, 1.50, 2.00, Bank holiday, Bank holiday, Bank holiday, Bank holiday, Bank holiday, Bank holiday, Bank holiday, Bank holiday, Bank holiday, Bank holiday, Bank holiday
2018-12-31, 1.75, 1.7619, 2.00, 1.8187, 1.50, 2.00, 0.0, 0.0, 250, 250, 0.0, 0.0, 2.25, 2.24, 2.22, 2.20, 2.21
2018-12-28, 1.75, 1.7509, 2.00, 1.7947, 1.50, 2.00, 1200.0, 0.0, 250, 1025, 0.0, 0.0, 2.25, 2.24, 2.24, 2.21, 2.21
2018-12-27, 1.75, 1.7508, 2.00, 1.7999, 1.50, 2.00, 1500.0, 0.0, 250, 1328, 0.0, 0.0, 2.23, 2.24, 2.19, 2.18, 2.20
2018-12-26, 1.75, Bank holiday, 2.00, Bank holiday, 1.50, 2.00, Bank holiday, Bank holiday, Bank holiday, Bank holiday, Bank holiday, Bank holiday, Bank holiday, Bank holiday, Bank holiday, Bank holiday, Bank holiday
2018-12-25, 1.75, Bank holiday, 2.00, Bank holiday, 1.50, 2.00, Bank holiday, Bank holiday, Bank holiday, Bank holiday, Bank holiday, Bank holiday, Bank holiday, Bank holiday, Bank holiday, Bank holiday, Bank holiday
2018-12-24, 1.75, 1.7554, 2.00, 1.7917, 1.50, 2.00, 1500.0, 0.0, 250, 816, 0.0, 0.0, 2.22, 2.24, 2.19, 2.18, 2.20
2018-12-21, 1.75, 1.7487, 2.00, 1.7732, 1.50, 2.00, 0.0, 0.0, 250, 261, 0.0, 0.0, 2.22, 2.24, 2.19, 2.18, 2.20
2018-12-20, 1.75, 1.7489, 2.00, 1.8049, 1.50, 2.00, 1318.0, 0.0, 250, 909, 3600.0, 0.0, 2.21, 2.23, 2.20, 2.19, 2.20
2018-12-19, 1.75, 1.7478, 2.00, 1.7895, 1.50, 2.00, 0.0, 0.0, 250, 250, 0.0, 0.0, 2.21, 2.23, 2.19, 2.19, 2.20
2018-12-18, 1.75, 1.7491, 2.00, 1.7863, 1.50, 2.00, 0.0, 0.0, 250, 250, 0.0, 0.0, 2.20, 2.23, 2.17, 2.18, 2.20
2018-12-17, 1.75, 1.7484, 2.00, 1.7789, 1.50, 2.00, 0.0, 0.0, 250, 250, 2200.0, 0.0, 2.20, 2.23, 2.17, 2.18, 2.20
2018-12-14, 1.75, 1.7530, 2.00, 1.7769, 1.50, 2.00, 0.0, 0.0, 250, 250, 0.0, 0.0, 2.18, 2.23, 2.15, 2.16, 2.20
2018-12-13, 1.75, 1.7481, 2.00, 1.7625, 1.50, 2.00, 0.0, 0.0, 250, 250, 0.0, 0.0, 2.16, 2.23, 2.14, 2.15, 2.20
2018-12-12, 1.75, 1.7480, 2.00, 1.7543, 1.50, 2.00, 0.0, 0.0, 250, 250, 0.0, 0.0, 2.16, 2.22, 2.13, 2.15, 2.19
2018-12-11, 1.75, 1.7495, 2.00, 1.7635, 1.50, 2.00, 0.0, 0.0, 250, 250, 0.0, 0.0, 2.15, 2.22, 2.12, 2.14, 2.19
2018-12-10, 1.75, 1.7484, 2.00, 1.7649, 1.50, 2.00, 0.0, 0.0, 250, 250, 0.0, 0.0, 2.13, 2.21, 2.11, 2.13, 2.18
2018-12-07, 1.75, 1.7477, 2.00, 1.7724, 1.50, 2.00, 0.0, 0.0, 250, 250, 2700.0, 0.0, 2.12, 2.20, 2.10, 2.12, 2.17
2018-12-06, 1.75, 1.7486, 2.00, 1.7666, 1.50, 2.00, 0.0, 0.0, 250, 250, 0.0, 0.0, 2.12, 2.20, 2.09, 2.10, 2.17
2018-12-05, 1.75, 1.7480, 2.00, 1.7744, 1.50, 2.00, 0.0, 0.0, 250, 250, 0.0, 0.0, 2.12, 2.20, 2.09, 2.11, 2.18
2018-12-04, 1.75, 1.7483, 2.00, 1.7532, 1.50, 2.00, 0.0, 0.0, 250, 250, 0.0, 0.0, 2.12, 2.21, 2.09, 2.11, 2.18
2018-12-03, 1.75, 1.7480, 2.00, 1.7561, 1.50, 2.00, 0.0, 0.0, 250, 250, 0.0, 0.0, 2.12, 2.21, 2.08, 2.10, 2.18
2018-11-30, 1.75, 1.7493, 2.00, 1.7631, 1.50, 2.00, 0.0, 0.0, 250, 250, 0.0, 0.0, 2.09, 2.20, 2.07, 2.09, 2.17
2018-11-29, 1.75, 1.7479, 2.00, 1.7814, 1.50, 2.00, 0.0, 0.0, 250, 250, 0.0, 0.0, 2.08, 2.20, 2.06, 2.09, 2.17
2018-11-28, 1.75, 1.7463, 2.00, 1.7935, 1.50, 2.00, 0.0, 0.0, 250, 250, 0.0, 0.0, 2.08, 2.19, 2.05, 2.09, 2.16
2018-11-27, 1.75, 1.7495, 2.00, 1.7684, 1.50, 2.00, 0.0, 0.0, 250, 250, 0.0, 0.0, 2.08, 2.18, 2.04, 2.08, 2.16
2018-11-26, 1.75, 1.7484, 2.00, 1.7589, 1.50, 2.00, 0.0, 0.0, 250, 250, 0.0, 0.0, 2.08, 2.18, 2.04, 2.08, 2.16
2018-11-23, 1.75, 1.7466, 2.00, 1.7565, 1.50, 2.00, 0.0, 0.0, 250, 250, 0.0, 0.0, 2.08, 2.18, 2.04, 2.08, 2.16
2018-11-22, 1.75, 1.7468, 2.00, 1.7429, 1.50, 2.00, 0.0, 0.0, 250, 250, 3700.0, 0.0, 2.07, 2.17, 2.03, 2.07, 2.15
2018-11-21, 1.75, 1.7466, 2.00, 1.7436, 1.50, 2.00, 0.0, 0.0, 250, 250, 0.0, 0.0, 2.07, 2.17, 2.03, 2.07, 2.15
2018-11-20, 1.75, 1.7467, 2.00, 1.7430, 1.50, 2.00, 0.0, 0.0, 250, 250, 0.0, 0.0, 2.06, 2.18, 2.02, 2.06, 2.14
2018-11-19, 1.75, 1.7461, 2.00, 1.7603, 1.50, 2.00, 0.0, 0.0, 250, 250, 0.0, 0.0, 2.06, 2.18, 2.02, 2.06, 2.14
2018-11-16, 1.75, 1.7461, 2.00, 1.7364, 1.50, 2.00, 0.0, 0.0, 250, 250, 0.0, 0.0, 2.06, 2.16, 2.00, 2.06, 2.11
2018-11-15, 1.75, 1.7457, 2.00, 1.7509, 1.50, 2.00, 0.0, 0.0, 250, 250, 0.0, 0.0, 2.05, 2.16, 2.00, 2.06, 2.11
2018-11-14, 1.75, 1.7478, 2.00, 1.7465, 1.50, 2.00, 0.0, 0.0, 250, 250, 0.0, 0.0, 2.05, 2.16, 2.00, 2.06, 2.11
2018-11-13, 1.75, 1.7455, 2.00, 1.7395, 1.50, 2.00, 0.0, 0.0, 250, 250, 0.0, 0.0, 2.03, 2.15, 2.00, 2.06, 2.11
2018-11-12, 1.75, Bank holiday, 2.00, Bank holiday, 1.50, 2.00, Bank holiday, Bank holiday, Bank holiday, Bank holiday, Bank holiday, Bank holiday, Bank holiday, Bank holiday, Bank holiday, Bank holiday, Bank holiday
2018-11-09, 1.75, 1.7481, 2.00, 1.7436, 1.50, 2.00, 0.0, 0.0, 250, 250, 0.0, 0.0, 2.03, 2.15, 2.00, 2.06, 2.11
2018-11-08, 1.75, 1.7452, 2.00, 1.7364, 1.50, 2.00, 0.0, 0.0, 250, 250, 2300.0, 0.0, 2.03, 2.15, 2.00, 2.06, 2.11
2018-11-07, 1.75, 1.7464, 2.00, 1.7238, 1.50, 2.00, 0.0, 0.0, 250, 250, 0.0, 0.0, 2.03, 2.15, 2.00, 2.06, 2.11
2018-11-06, 1.75, 1.7473, 2.00, 1.7509, 1.50, 2.00, 0.0, 0.0, 250, 250, 0.0, 0.0, 2.03, 2.15, 2.00, 2.06, 2.11
2018-11-05, 1.75, 1.7466, 2.00, 1.7547, 1.50, 2.00, 0.0, 0.0, 250, 250, 0.0, 0.0, 2.03, 2.15, 2.00, 2.06, 2.11
2018-11-02, 1.75, 1.7439, 2.00, 1.7370, 1.50, 2.00, 0.0, 0.0, 250, 250, 0.0, 0.0, 2.04, 2.15, 2.00, 2.06, 2.11
2018-11-01, 1.75, 1.7507, 2.00, 1.7648, 1.50, 2.00, 0.0, 0.0, 250, 250, 0.0, 0.0, 2.04, 2.15, 2.00, 2.06, 2.11
2018-10-31, 1.75, 1.7473, 2.00, 1.7621, 1.50, 2.00, 0.0, 0.0, 250, 250, 0.0, 0.0, 2.02, 2.14, 1.98, 2.04, 2.10
2018-10-30, 1.75, 1.7454, 2.00, 1.7336, 1.50, 2.00, 0.0, 0.0, 250, 250, 0.0, 0.0, 2.01, 2.13, 1.98, 2.02, 2.09
2018-10-29, 1.75, 1.7455, 2.00, 1.7363, 1.50, 2.00, 0.0, 0.0, 250, 250, 0.0, 0.0, 2.01, 2.13, 1.98, 2.02, 2.09
2018-10-26, 1.75, 1.7475, 2.00, 1.7526, 1.50, 2.00, 0.0, 0.0, 250, 250, 3600.0, 0.0, 2.01, 2.13, 1.96, 2.00, 2.09
2018-10-25, 1.75, 1.7527, 2.00, 1.7710, 1.50, 2.00, 0.0, 0.0, 250, 250, 0.0, 0.0, 1.99, 2.12, 1.96, 2.00, 2.09
2018-10-24, 1.75, 1.7493, 2.00, 1.7799, 1.50, 2.00, 0.0, 0.0, 250, 250, 0.0, 0.0, 1.99, 2.12, 1.95, 2.00, 2.09
2018-10-23, 1.50, 1.4983, 1.75, 1.5098, 1.25, 1.75, 0.0, 0.0, 250, 250, 0.0, 0.0, 1.99, 2.12, 1.94, 1.98, 2.08
2018-10-22, 1.50, 1.4980, 1.75, 1.5000, 1.25, 1.75, 0.0, 0.0, 250, 250, 0.0, 0.0, 1.96, 2.11, 1.90, 1.95, 2.04
2018-10-19, 1.50, 1.4980, 1.75, 1.5520, 1.25, 1.75, 0.0, 0.0, 250, 250, 0.0, 0.0, 1.94, 2.09, 1.89, 1.94, 2.03
2018-10-18, 1.50, 1.4971, 1.75, 1.5197, 1.25, 1.75, 0.0, 0.0, 250, 250, 0.0, 0.0, 1.91, 2.07, 1.87, 1.93, 2.02
2018-10-17, 1.50, 1.4993, 1.75, 1.5104, 1.25, 1.75, 0.0, 0.0, 250, 250, 0.0, 0.0, 1.89, 2.07, 1.86, 1.92, 2.02
2018-10-16, 1.50, 1.4963, 1.75, 1.5134, 1.25, 1.75, 0.0, 0.0, 250, 250, 0.0, 0.0, 1.89, 2.05, 1.86, 1.92, 2.02
2018-10-15, 1.50, 1.4984, 1.75, 1.4939, 1.25, 1.75, 0.0, 0.0, 250, 250, 0.0, 0.0, 1.88, 2.05, 1.84, 1.90, 1.99
2018-10-12, 1.50, 1.4973, 1.75, 1.5100, 1.25, 1.75, 0.0, 0.0, 250, 250, 0.0, 0.0, 1.86, 2.04, 1.82, 1.89, 1.98
2018-10-11, 1.50, 1.4987, 1.75, 1.5006, 1.25, 1.75, 0.0, 0.0, 250, 250, 2300.0, 0.0, 1.86, 2.04, 1.82, 1.89, 1.98
2018-10-10, 1.50, 1.4986, 1.75, 1.5000, 1.25, 1.75, 0.0, 0.0, 250, 269, 0.0, 0.0, 1.85, 2.03, 1.80, 1.87, 1.97
2018-10-09, 1.50, 1.4951, 1.75, 1.5000, 1.25, 1.75, 0.0, 0.0, 250, 250, 0.0, 0.0, 1.82, 2.01, 1.78, 1.86, 1.96
2018-10-08, 1.50, Bank holiday, 1.75, Bank holiday, 1.25, 1.75, Bank holiday, Bank holiday, Bank holiday, Bank holiday, Bank holiday, Bank holiday, Bank holiday, Bank holiday, Bank holiday, Bank holiday, Bank holiday
2018-10-05, 1.50, 1.4989, 1.75, 1.4800, 1.25, 1.75, 0.0, 0.0, 250, 250, 0.0, 0.0, 1.81, 2.00, 1.77, 1.85, 1.95
2018-10-04, 1.50, 1.4993, 1.75, 1.5000, 1.25, 1.75, 0.0, 0.0, 250, 250, 0.0, 0.0, 1.79, 1.99, 1.76, 1.84, 1.94
2018-10-03, 1.50, 1.4917, 1.75, 1.5000, 1.25, 1.75, 0.0, 0.0, 250, 250, 0.0, 0.0, 1.79, 1.98, 1.76, 1.84, 1.94
2018-10-02, 1.50, 1.4981, 1.75, 1.5000, 1.25, 1.75, 0.0, 0.0, 250, 250, 0.0, 0.0, 1.78, 1.97, 1.77, 1.84, 1.92
2018-10-01, 1.50, 1.4961, 1.75, 1.5334, 1.25, 1.75, 0.0, 0.0, 250, 250, 0.0, 0.0, 1.78, 1.96, 1.77, 1.82, 1.90
2018-09-28, 1.50, 1.4961, 1.75, 1.5322, 1.25, 1.75, 0.0, 0.0, 250, 250, 0.0, 0.0, 1.76, 1.94, 1.76, 1.81, 1.88
2018-09-27, 1.50, 1.4997, 1.75, 1.5101, 1.25, 1.75, 0.0, 0.0, 250, 250, 3600.0, 0.0, 1.76, 1.94, 1.76, 1.81, 1.88
2018-09-26, 1.50, 1.4980, 1.75, 1.4928, 1.25, 1.75, 0.0, 0.0, 250, 250, 0.0, 0.0, 1.75, 1.93, 1.76, 1.81, 1.88
2018-09-25, 1.50, 1.4992, 1.75, 1.4988, 1.25, 1.75, 0.0, 0.0, 250, 250, 0.0, 0.0, 1.75, 1.92, 1.76, 1.81, 1.88
2018-09-24, 1.50, 1.4984, 1.75, 1.4946, 1.25, 1.75, 0.0, 0.0, 250, 250, 0.0, 0.0, 1.75, 1.92, 1.76, 1.81, 1.88
2018-09-21, 1.50, 1.4977, 1.75, 1.4846, 1.25, 1.75, 0.0, 0.0, 250, 250, 0.0, 0.0, 1.74, 1.92, 1.76, 1.81, 1.88
2018-09-20, 1.50, 1.4965, 1.75, 1.5000, 1.25, 1.75, 0.0, 0.0, 250, 250, 0.0, 0.0, 1.77, 1.92, 1.76, 1.81, 1.88
2018-09-19, 1.50, 1.4958, 1.75, 1.4790, 1.25, 1.75, 0.0, 0.0, 250, 250, 0.0, 0.0, 1.76, 1.92, 1.76, 1.81, 1.88
2018-09-18, 1.50, 1.4985, 1.75, 1.5000, 1.25, 1.75, 0.0, 0.0, 250, 250, 0.0, 0.0, 1.76, 1.92, 1.76, 1.81, 1.88
2018-09-17, 1.50, 1.4956, 1.75, 1.4839, 1.25, 1.75, 0.0, 0.0, 250, 250, 0.0, 0.0, 1.76, 1.92, 1.76, 1.81, 1.88
2018-09-14, 1.50, 1.4976, 1.75, 1.5093, 1.25, 1.75, 0.0, 0.0, 250, 250, 0.0, 0.0, 1.76, 1.92, 1.76, 1.81, 1.88
2018-09-13, 1.50, 1.4950, 1.75, 1.4802, 1.25, 1.75, 0.0, 0.0, 250, 306, 2800.0, 0.0, 1.76, 1.92, 1.76, 1.81, 1.88
2018-09-12, 1.50, 1.4947, 1.75, 1.4784, 1.25, 1.75, 0.0, 0.0, 250, 250, 0.0, 0.0, 1.76, 1.92, 1.76, 1.81, 1.88
2018-09-11, 1.50, 1.4985, 1.75, 1.4954, 1.25, 1.75, 0.0, 0.0, 250, 250, 0.0, 0.0, 1.76, 1.92, 1.76, 1.81, 1.87
2018-09-10, 1.50, 1.4983, 1.75, 1.4986, 1.25, 1.75, 0.0, 0.0, 250, 250, 0.0, 0.0, 1.76, 1.92, 1.76, 1.81, 1.87
2018-09-07, 1.50, 1.4984, 1.75, 1.4962, 1.25, 1.75, 0.0, 0.0, 250, 250, 0.0, 0.0, 1.76, 1.92, 1.76, 1.81, 1.86
2018-09-06, 1.50, 1.4898, 1.75, 1.4977, 1.25, 1.75, 0.0, 0.0, 250, 250, 0.0, 0.0, 1.76, 1.92, 1.76, 1.81, 1.86
2018-09-05, 1.50, 1.4935, 1.75, 1.5082, 1.25, 1.75, 0.0, 0.0, 250, 250, 0.0, 0.0, 1.76, 1.92, 1.76, 1.81, 1.86
2018-09-04, 1.50, 1.4915, 1.75, 1.5113, 1.25, 1.75, 0.0, 0.0, 250, 250, 0.0, 0.0, 1.76, 1.92, 1.76, 1.81, 1.86
2018-09-03, 1.50, Bank holiday, 1.75, Bank holiday, 1.25, 1.75, Bank holiday, Bank holiday, Bank holiday, Bank holiday, Bank holiday, Bank holiday, Bank holiday, Bank holiday, Bank holiday, Bank holiday, Bank holiday
2018-08-31, 1.50, 1.4987, 1.75, 1.5000, 1.25, 1.75, 0.0, 0.0, 250, 250, 0.0, 0.0, 1.76, 1.92, 1.76, 1.81, 1.86
2018-08-30, 1.50, 1.4768, 1.75, 1.4775, 1.25, 1.75, 0.0, 0.0, 250, 250, 3800.0, 0.0, 1.77, 1.92, 1.76, 1.81, 1.86
2018-08-29, 1.50, 1.4798, 1.75, 1.4760, 1.25, 1.75, 0.0, 0.0, 250, 250, 0.0, 0.0, 1.77, 1.92, 1.76, 1.81, 1.86
2018-08-28, 1.50, 1.4992, 1.75, 1.4738, 1.25, 1.75, 0.0, 0.0, 250, 250, 0.0, 0.0, 1.77, 1.92, 1.76, 1.81, 1.86
2018-08-27, 1.50, 1.4984, 1.75, 1.4708, 1.25, 1.75, 0.0, 0.0, 250, 250, 0.0, 0.0, 1.78, 1.92, 1.76, 1.81, 1.86
2018-08-24, 1.50, 1.4990, 1.75, 1.4717, 1.25, 1.75, 0.0, 0.0, 250, 250, 0.0, 0.0, 1.78, 1.92, 1.76, 1.81, 1.86
2018-08-23, 1.50, 1.4981, 1.75, 1.4714, 1.25, 1.75, 0.0, 0.0, 250, 250, 0.0, 0.0, 1.77, 1.92, 1.76, 1.80, 1.86
2018-08-22, 1.50, 1.4953, 1.75, 1.4800, 1.25, 1.75, 0.0, 0.0, 250, 250, 0.0, 0.0, 1.78, 1.91, 1.76, 1.80, 1.86
2018-08-21, 1.50, 1.4947, 1.75, 1.4792, 1.25, 1.75, 0.0, 0.0, 250, 250, 0.0, 0.0, 1.77, 1.91, 1.75, 1.78, 1.85
2018-08-20, 1.50, 1.4981, 1.75, 1.4775, 1.25, 1.75, 0.0, 0.0, 250, 250, 0.0, 0.0, 1.77, 1.90, 1.75, 1.78, 1.85
2018-08-17, 1.50, 1.4984, 1.75, 1.4738, 1.25, 1.75, 0.0, 0.0, 250, 250, 0.0, 0.0, 1.76, 1.88, 1.73, 1.78, 1.83
2018-08-16, 1.50, 1.4982, 1.75, 1.4876, 1.25, 1.75, 0.0, 0.0, 250, 250, 2600.0, 0.0, 1.76, 1.88, 1.73, 1.78, 1.83
2018-08-15, 1.50, 1.4977, 1.75, 1.4804, 1.25, 1.75, 0.0, 0.0, 250, 250, 0.0, 0.0, 1.76, 1.89, 1.73, 1.78, 1.83
2018-08-14, 1.50, 1.4968, 1.75, 1.4736, 1.25, 1.75, 0.0, 0.0, 250, 250, 0.0, 0.0, 1.76, 1.89, 1.73, 1.78, 1.83
2018-08-13, 1.50, 1.4975, 1.75, 1.4670, 1.25, 1.75, 0.0, 0.0, 250, 250, 0.0, 0.0, 1.76, 1.89, 1.73, 1.78, 1.83
2018-08-10, 1.50, 1.4988, 1.75, 1.4744, 1.25, 1.75, 0.0, 0.0, 250, 250, 0.0, 0.0, 1.76, 1.89, 1.73, 1.78, 1.83
2018-08-09, 1.50, 1.4993, 1.75, 1.4500, 1.25, 1.75, 0.0, 1500.0, 250, 250, 0.0, 0.0, 1.75, 1.89, 1.73, 1.78, 1.83
2018-08-08, 1.50, 1.4917, 1.75, 1.4581, 1.25, 1.75, 0.0, 1500.0, 250, 250, 0.0, 0.0, 1.75, 1.89, 1.73, 1.78, 1.83
2018-08-07, 1.50, 1.4975, 1.75, 1.4593, 1.25, 1.75, 0.0, 0.0, 250, 250, 0.0, 0.0, 1.75, 1.89, 1.73, 1.78, 1.83
2018-08-06, 1.50, Bank holiday, 1.75, Bank holiday, 1.25, 1.75, Bank holiday, Bank holiday, 250, -492, Bank holiday, Bank holiday, Bank holiday, Bank holiday, Bank holiday, Bank holiday, Bank holiday
2018-08-03, 1.50, 1.4981, 1.75, 1.4884, 1.25, 1.75, 0.0, 0.0, 250, 129, 0.0, 0.0, 1.76, 1.88, 1.73, 1.78, 1.83
2018-08-02, 1.50, 1.4881, 1.75, 1.5070, 1.25, 1.75, 0.0, 0.0, 250, 250, 3400.0, 0.0, 1.77, 1.88, 1.74, 1.78, 1.83
2018-08-01, 1.50, 1.4989, 1.75, 1.5577, 1.25, 1.75, 1500.0, 0.0, 250, 250, 0.0, 0.0, 1.78, 1.88, 1.74, 1.78, 1.83
2018-07-31, 1.50, 1.4984, 1.75, 1.5467, 1.25, 1.75, 0.0, 0.0, 250, 250, 0.0, 0.0, 1.78, 1.88, 1.74, 1.78, 1.83
2018-07-30, 1.50, 1.5038, 1.75, 1.5220, 1.25, 1.75, 0.0, 0.0, 250, 250, 0.0, 0.0, 1.77, 1.88, 1.74, 1.78, 1.83
2018-07-27, 1.50, 1.5070, 1.75, 1.5408, 1.25, 1.75, 300.0, 0.0, 250, 250, 0.0, 0.0, 1.77, 1.88, 1.74, 1.78, 1.83
2018-07-26, 1.50, 1.5015, 1.75, 1.5353, 1.25, 1.75, 0.0, 0.0, 250, 250, 0.0, 0.0, 1.77, 1.88, 1.74, 1.78, 1.83
2018-07-25, 1.50, 1.4978, 1.75, 1.5031, 1.25, 1.75, 0.0, 0.0, 250, 250, 0.0, 0.0, 1.77, 1.88, 1.74, 1.78, 1.83
2018-07-24, 1.50, 1.4957, 1.75, 1.4927, 1.25, 1.75, 0.0, 0.0, 250, 250, 0.0, 0.0, 1.77, 1.88, 1.72, 1.77, 1.81
2018-07-23, 1.50, 1.4965, 1.75, 1.4844, 1.25, 1.75, 0.0, 0.0, 250, 250, 0.0, 0.0, 1.77, 1.88, 1.72, 1.77, 1.81
2018-07-20, 1.50, 1.4920, 1.75, 1.5110, 1.25, 1.75, 0.0, 0.0, 250, 250, 0.0, 0.0, 1.76, 1.88, 1.72, 1.77, 1.81
2018-07-19, 1.50, 1.4973, 1.75, 1.4706, 1.25, 1.75, 0.0, 0.0, 250, 250, 3300.0, 0.0, 1.76, 1.87, 1.72, 1.77, 1.81
2018-07-18, 1.50, 1.4756, 1.75, 1.4577, 1.25, 1.75, 0.0, 0.0, 250, 250, 0.0, 0.0, 1.76, 1.87, 1.72, 1.77, 1.81
2018-07-17, 1.50, 1.4823, 1.75, 1.4815, 1.25, 1.75, 0.0, 0.0, 250, 119, 0.0, 0.0, 1.76, 1.87, 1.72, 1.77, 1.81
2018-07-16, 1.50, 1.4966, 1.75, 1.4982, 1.25, 1.75, 0.0, 0.0, 250, 250, 0.0, 0.0, 1.76, 1.87, 1.72, 1.77, 1.81
2018-07-13, 1.50, 1.4980, 1.75, 1.4967, 1.25, 1.75, 0.0, 0.0, 250, 250, 0.0, 0.0, 1.76, 1.86, 1.72, 1.77, 1.81
2018-07-12, 1.50, 1.4967, 1.75, 1.4786, 1.25, 1.75, 0.0, 0.0, 250, 250, 0.0, 0.0, 1.77, 1.86, 1.72, 1.77, 1.81
2018-07-11, 1.50, 1.4957, 1.75, 1.4713, 1.25, 1.75, 0.0, 0.0, 250, 250, 0.0, 0.0, 1.77, 1.86, 1.72, 1.77, 1.81
2018-07-10, 1.25, 1.2474, 1.50, 1.2111, 1.00, 1.50, 0.0, 0.0, 250, 250, 0.0, 0.0, 1.74, 1.85, 1.70, 1.74, 1.81
2018-07-09, 1.25, 1.2480, 1.50, 1.2258, 1.00, 1.50, 0.0, 0.0, 250, 250, 0.0, 0.0, 1.71, 1.82, 1.66, 1.71, 1.79
2018-07-06, 1.25, 1.2473, 1.50, 1.2320, 1.00, 1.50, 0.0, 0.0, 250, 250, 0.0, 0.0, 1.66, 1.81, 1.64, 1.68, 1.77
2018-07-05, 1.25, 1.2455, 1.50, 1.2408, 1.00, 1.50, 0.0, 0.0, 250, 250, 3400.0, 0.0, 1.66, 1.80, 1.60, 1.63, 1.70
2018-07-04, 1.25, 1.2453, 1.50, 1.2473, 1.00, 1.50, 0.0, 0.0, 250, 250, 0.0, 0.0, 1.66, 1.76, 1.60, 1.63, 1.70
2018-07-03, 1.25, 1.2485, 1.50, 1.2613, 1.00, 1.50, 0.0, 0.0, 250, 250, 0.0, 0.0, 1.60, 1.73, 1.60, 1.63, 1.70
2018-07-02, 1.25, Bank holiday, 1.50, Bank holiday, 1.00, 1.50, Bank holiday, Bank holiday, Bank holiday, Bank holiday, Bank holiday, Bank holiday, Bank holiday, Bank holiday, Bank holiday, Bank holiday, Bank holiday
2018-06-29, 1.25, 1.2504, 1.50, 1.2784, 1.00, 1.50, 0.0, 0.0, 250, 250, 0.0, 0.0, 1.56, 1.70, 1.55, 1.56, 1.65
2018-06-28, 1.25, 1.2477, 1.50, 1.2235, 1.00, 1.50, 0.0, 0.0, 250, 250, 0.0, 0.0, 1.56, 1.69, 1.55, 1.56, 1.65
2018-06-27, 1.25, 1.2440, 1.50, 1.2638, 1.00, 1.50, 0.0, 0.0, 250, 250, 0.0, 0.0, 1.56, 1.69, 1.55, 1.56, 1.65
2018-06-26, 1.25, 1.2463, 1.50, 1.2539, 1.00, 1.50, 0.0, 0.0, 250, 250, 0.0, 0.0, 1.56, 1.69, 1.55, 1.56, 1.65
2018-06-25, 1.25, 1.2486, 1.50, 1.2683, 1.00, 1.50, 0.0, 0.0, 250, 250, 0.0, 0.0, 1.56, 1.68, 1.55, 1.56, 1.65
2018-06-22, 1.25, 1.2459, 1.50, 1.2563, 1.00, 1.50, 0.0, 0.0, 250, 309, 0.0, 0.0, 1.57, 1.69, 1.55, 1.56, 1.65
2018-06-21, 1.25, 1.2483, 1.50, 1.2637, 1.00, 1.50, 0.0, 0.0, 250, 260, 2300.0, 0.0, 1.58, 1.69, 1.55, 1.56, 1.65
2018-06-20, 1.25, 1.2466, 1.50, 1.2646, 1.00, 1.50, 0.0, 0.0, 250, 250, 0.0, 0.0, 1.57, 1.70, 1.55, 1.56, 1.65
2018-06-19, 1.25, 1.2486, 1.50, 1.2734, 1.00, 1.50, 0.0, 0.0, 250, 250, 0.0, 0.0, 1.58, 1.70, 1.55, 1.56, 1.65
2018-06-18, 1.25, 1.2476, 1.50, 1.2699, 1.00, 1.50, 0.0, 0.0, 250, 250, 0.0, 0.0, 1.58, 1.70, 1.55, 1.56, 1.65
2018-06-15, 1.25, 1.2512, 1.50, 1.2617, 1.00, 1.50, 0.0, 0.0, 250, 250, 0.0, 0.0, 1.58, 1.70, 1.55, 1.56, 1.65
2018-06-14, 1.25, 1.2478, 1.50, 1.2488, 1.00, 1.50, 0.0, 0.0, 250, 250, 0.0, 0.0, 1.57, 1.70, 1.55, 1.56, 1.65
2018-06-13, 1.25, 1.2466, 1.50, 1.2549, 1.00, 1.50, 0.0, 0.0, 250, 250, 0.0, 0.0, 1.58, 1.70, 1.55, 1.56, 1.65
2018-06-12, 1.25, 1.2516, 1.50, 1.2821, 1.00, 1.50, 900.0, 0.0, 250, 677, 0.0, 0.0, 1.58, 1.70, 1.55, 1.56, 1.65
2018-06-11, 1.25, 1.2452, 1.50, 1.2550, 1.00, 1.50, 0.0, 0.0, 250, 250, 0.0, 0.0, 1.58, 1.70, 1.55, 1.56, 1.65
2018-06-08, 1.25, 1.2381, 1.50, 1.2350, 1.00, 1.50, 0.0, 0.0, 250, 250, 0.0, 0.0, 1.57, 1.70, 1.55, 1.56, 1.65
2018-06-07, 1.25, 1.2477, 1.50, 1.2556, 1.00, 1.50, 0.0, 0.0, 250, 250, 3400.0, 0.0, 1.57, 1.70, 1.55, 1.56, 1.65
2018-06-06, 1.25, 1.2479, 1.50, 1.2551, 1.00, 1.50, 0.0, 0.0, 250, 250, 0.0, 0.0, 1.58, 1.70, 1.55, 1.56, 1.65
2018-06-05, 1.25, 1.2524, 1.50, 1.2772, 1.00, 1.50, 0.0, 0.0, 250, 250, 0.0, 0.0, 1.59, 1.70, 1.55, 1.56, 1.65
2018-06-04, 1.25, 1.2528, 1.50, 1.2783, 1.00, 1.50, 1500.0, 0.0, 250, 1243, 0.0, 0.0, 1.59, 1.70, 1.55, 1.56, 1.65
2018-06-01, 1.25, 1.2548, 1.50, 1.3045, 1.00, 1.50, 3000.0, 0.0, 250, 1646, 0.0, 0.0, 1.59, 1.70, 1.55, 1.56, 1.65
2018-05-31, 1.25, 1.2421, 1.50, 1.2638, 1.00, 1.50, 0.0, 0.0, 250, 250, 0.0, 0.0, 1.60, 1.70, 1.55, 1.56, 1.65
2018-05-30, 1.25, 1.2466, 1.50, 1.2700, 1.00, 1.50, 0.0, 0.0, 250, 250, 0.0, 0.0, 1.59, 1.69, 1.55, 1.56, 1.65
2018-05-29, 1.25, 1.2481, 1.50, 1.2517, 1.00, 1.50, 0.0, 0.0, 250, 250, 0.0, 0.0, 1.60, 1.69, 1.55, 1.56, 1.65
2018-05-28, 1.25, 1.2427, 1.50, 1.2431, 1.00, 1.50, 0.0, 0.0, 250, 250, 0.0, 0.0, 1.60, 1.69, 1.55, 1.56, 1.65
2018-05-25, 1.25, 1.2422, 1.50, 1.2440, 1.00, 1.50, 0.0, 0.0, 250, 250, 0.0, 0.0, 1.60, 1.68, 1.55, 1.56, 1.65
2018-05-24, 1.25, 1.2395, 1.50, 1.2339, 1.00, 1.50, 0.0, 0.0, 250, 250, 2700.0, 0.0, 1.60, 1.69, 1.55, 1.56, 1.65
2018-05-23, 1.25, 1.2415, 1.50, 1.2154, 1.00, 1.50, 0.0, 0.0, 250, 250, 0.0, 0.0, 1.60, 1.69, 1.58, 1.56, 1.65
2018-05-22, 1.25, 1.2467, 1.50, 1.2500, 1.00, 1.50, 0.0, 0.0, 250, 250, 0.0, 0.0, 1.59, 1.69, 1.55, 1.56, 1.65
2018-05-21, 1.25, Bank holiday, 1.50, Bank holiday, 1.00, 1.50, Bank holiday, Bank holiday, Bank holiday, Bank holiday, Bank holiday, Bank holiday, Bank holiday, Bank holiday, Bank holiday, Bank holiday, Bank holiday
2018-05-18, 1.25, 1.2461, 1.50, 1.2273, 1.00, 1.50, 0.0, 0.0, 250, 250, 0.0, 0.0, 1.59, 1.69, 1.55, 1.56, 1.65
2018-05-17, 1.25, 1.2446, 1.50, 1.2340, 1.00, 1.50, 0.0, 0.0, 250, 250, 0.0, 0.0, 1.59, 1.69, 1.55, 1.56, 1.65
2018-05-16, 1.25, 1.2460, 1.50, 1.2394, 1.00, 1.50, 0.0, 0.0, 250, 250, 0.0, 0.0, 1.58, 1.69, 1.55, 1.56, 1.65
2018-05-15, 1.25, 1.2457, 1.50, 1.2476, 1.00, 1.50, 0.0, 0.0, 250, 250, 0.0, 0.0, 1.58, 1.69, 1.55, 1.56, 1.65
2018-05-14, 1.25, 1.2475, 1.50, 1.2424, 1.00, 1.50, 0.0, 0.0, 250, 250, 0.0, 0.0, 1.59, 1.69, 1.55, 1.56, 1.65
2018-05-11, 1.25, 1.2445, 1.50, 1.2391, 1.00, 1.50, 0.0, 0.0, 250, 250, 0.0, 0.0, 1.58, 1.69, 1.55, 1.56, 1.65
2018-05-10, 1.25, 1.2471, 1.50, 1.2465, 1.00, 1.50, 0.0, 0.0, 250, 250, 3400.0, 0.0, 1.58, 1.69, 1.55, 1.56, 1.65
2018-05-09, 1.25, 1.2439, 1.50, 1.2466, 1.00, 1.50, 0.0, 0.0, 250, 250, 0.0, 0.0, 1.58, 1.69, 1.55, 1.56, 1.65
2018-05-08, 1.25, 1.2473, 1.50, 1.2496, 1.00, 1.50, 0.0, 0.0, 250, 250, 0.0, 0.0, 1.57, 1.69, 1.55, 1.56, 1.65
2018-05-07, 1.25, 1.2469, 1.50, 1.2562, 1.00, 1.50, 0.0, 0.0, 250, 250, 0.0, 0.0, 1.57, 1.69, 1.55, 1.56, 1.65
2018-05-04, 1.25, 1.2470, 1.50, 1.2463, 1.00, 1.50, 0.0, 0.0, 250, 250, 0.0, 0.0, 1.57, 1.69, 1.55, 1.56, 1.65
2018-05-03, 1.25, 1.2473, 1.50, 1.2476, 1.00, 1.50, 0.0, 0.0, 250, 250, 0.0, 0.0, 1.57, 1.69, 1.55, 1.56, 1.65
2018-05-02, 1.25, 1.2477, 1.50, 1.2575, 1.00, 1.50, 0.0, 0.0, 250, 250, 0.0, 0.0, 1.58, 1.69, 1.55, 1.56, 1.65
2018-05-01, 1.25, 1.2481, 1.50, 1.2696, 1.00, 1.50, 1500.0, 0.0, 250, 250, 0.0, 0.0, 1.59, 1.69, 1.55, 1.56, 1.65
2018-04-30, 1.25, 1.2467, 1.50, 1.2731, 1.00, 1.50, 0.0, 0.0, 250, 250, 0.0, 0.0, 1.59, 1.69, 1.55, 1.56, 1.65
2018-04-27, 1.25, 1.2483, 1.50, 1.2556, 1.00, 1.50, 0.0, 0.0, 250, 250, 0.0, 0.0, 1.57, 1.69, 1.55, 1.56, 1.65
2018-04-26, 1.25, 1.2491, 1.50, 1.2776, 1.00, 1.50, 1500.0, 0.0, 250, 594, 2300.0, 0.0, 1.57, 1.69, 1.55, 1.56, 1.65
2018-04-25, 1.25, 1.2483, 1.50, 1.2700, 1.00, 1.50, 0.0, 0.0, 250, 250, 0.0, 0.0, 1.57, 1.69, 1.55, 1.56, 1.65
2018-04-24, 1.25, 1.2480, 1.50, 1.2638, 1.00, 1.50, 0.0, 0.0, 250, 250, 0.0, 0.0, 1.57, 1.69, 1.55, 1.56, 1.65
2018-04-23, 1.25, 1.2456, 1.50, 1.2593, 1.00, 1.50, 0.0, 0.0, 250, 250, 0.0, 0.0, 1.57, 1.69, 1.55, 1.56, 1.65
2018-04-20, 1.25, 1.2461, 1.50, 1.2549, 1.00, 1.50, 0.0, 0.0, 250, 250, 0.0, 0.0, 1.58, 1.69, 1.55, 1.56, 1.65
2018-04-19, 1.25, 1.2422, 1.50, 1.2689, 1.00, 1.50, 0.0, 0.0, 250, 250, 0.0, 0.0, 1.57, 1.69, 1.55, 1.56, 1.65
2018-04-18, 1.25, 1.2464, 1.50, 1.2623, 1.00, 1.50, 0.0, 0.0, 250, 250, 0.0, 0.0, 1.58, 1.69, 1.55, 1.56, 1.65
2018-04-17, 1.25, 1.2464, 1.50, 1.2464, 1.00, 1.50, 0.0, 0.0, 250, 250, 0.0, 0.0, 1.59, 1.69, 1.55, 1.56, 1.65
2018-04-16, 1.25, 1.2481, 1.50, 1.2602, 1.00, 1.50, 0.0, 0.0, 250, 250, 0.0, 0.0, 1.58, 1.69, 1.54, 1.56, 1.64
2018-04-13, 1.25, 1.2444, 1.50, 1.2512, 1.00, 1.50, 0.0, 0.0, 250, 287, 0.0, 0.0, 1.58, 1.69, 1.54, 1.56, 1.64
2018-04-12, 1.25, 1.2361, 1.50, 1.2350, 1.00, 1.50, 0.0, 0.0, 250, 250, 3800.0, 0.0, 1.57, 1.68, 1.54, 1.56, 1.64
2018-04-11, 1.25, 1.2401, 1.50, 1.2217, 1.00, 1.50, 0.0, 0.0, 250, 250, 0.0, 0.0, 1.57, 1.68, 1.54, 1.56, 1.64
2018-04-10, 1.25, 1.2406, 1.50, 1.2437, 1.00, 1.50, 0.0, 0.0, 250, 250, 0.0, 0.0, 1.57, 1.68, 1.54, 1.56, 1.64
2018-04-09, 1.25, 1.2336, 1.50, 1.2075, 1.00, 1.50, 0.0, 0.0, 250, 505, 0.0, 0.0, 1.57, 1.68, 1.54, 1.56, 1.64
2018-04-06, 1.25, 1.2423, 1.50, 1.2056, 1.00, 1.50, 0.0, 0.0, 250, 250, 0.0, 0.0, 1.57, 1.68, 1.54, 1.56, 1.64
2018-04-05, 1.25, 1.2542, 1.50, 1.2838, 1.00, 1.50, 1500.0, 0.0, 250, 250, 0.0, 0.0, 1.58, 1.68, 1.52, 1.54, 1.61
2018-04-04, 1.25, 1.2462, 1.50, 1.2482, 1.00, 1.50, 0.0, 0.0, 250, 250, 0.0, 0.0, 1.58, 1.68, 1.52, 1.54, 1.61
2018-04-03, 1.25, 1.2519, 1.50, 1.2828, 1.00, 1.50, 1500.0, 0.0, 250, 1416, 0.0, 0.0, 1.58, 1.68, 1.52, 1.54, 1.61
2018-04-02, 1.25, 1.2500, 1.50, 1.3112, 1.00, 1.50, 2725.0, 0.0, 250, 4580, 0.0, 0.0, 1.57, 1.68, 1.52, 1.54, 1.61
2018-03-30, 1.25, Bank holiday, 1.50, Bank holiday, 1.00, 1.50, Bank holiday, Bank holiday, Bank holiday, Bank holiday, Bank holiday, Bank holiday, Bank holiday, Bank holiday, Bank holiday, Bank holiday, Bank holiday
2018-03-29, 1.25, 1.2468, 1.50, 1.2951, 1.00, 1.50, 0.0, 0.0, 250, 250, 2300.0, 0.0, 1.57, 1.68, 1.52, 1.54, 1.61
2018-03-28, 1.25, 1.2425, 1.50, 1.2785, 1.00, 1.50, 0.0, 0.0, 250, 250, 0.0, 0.0, 1.57, 1.68, 1.52, 1.54, 1.61
2018-03-27, 1.25, 1.2475, 1.50, 1.2937, 1.00, 1.50, 0.0, 0.0, 250, 250, 0.0, 0.0, 1.57, 1.68, 1.52, 1.54, 1.61
2018-03-26, 1.25, 1.2461, 1.50, 1.2684, 1.00, 1.50, 0.0, 0.0, 250, 250, 0.0, 0.0, 1.55, 1.67, 1.52, 1.54, 1.61
2018-03-23, 1.25, 1.2463, 1.50, 1.2305, 1.00, 1.50, 0.0, 0.0, 250, 250, 0.0, 0.0, 1.55, 1.67, 1.52, 1.54, 1.61
2018-03-22, 1.25, 1.2449, 1.50, 1.2155, 1.00, 1.50, 0.0, 0.0, 250, 250, 0.0, 0.0, 1.56, 1.67, 1.52, 1.54, 1.61
2018-03-21, 1.25, 1.2368, 1.50, 1.2119, 1.00, 1.50, 0.0, 0.0, 500, 500, 0.0, 0.0, 1.55, 1.67, 1.52, 1.54, 1.61
2018-03-20, 1.25, 1.2279, 1.50, 1.2500, 1.00, 1.50, 0.0, 0.0, 500, 500, 0.0, 0.0, 1.55, 1.66, 1.52, 1.54, 1.61
2018-03-19, 1.25, 1.2310, 1.50, 1.2133, 1.00, 1.50, 0.0, 0.0, 500, 500, 0.0, 0.0, 1.54, 1.66, 1.52, 1.54, 1.61
2018-03-16, 1.25, 1.2339, 1.50, 1.2176, 1.00, 1.50, 0.0, 0.0, 500, 500, 0.0, 0.0, 1.54, 1.66, 1.52, 1.54, 1.61
2018-03-15, 1.25, 1.2271, 1.50, 1.2091, 1.00, 1.50, 0.0, 750.0, 500, 500, 3400.0, 0.0, 1.55, 1.66, 1.50, 1.53, 1.60
2018-03-14, 1.25, 1.2437, 1.50, 1.2095, 1.00, 1.50, 0.0, 500.0, 500, 500, 0.0, 0.0, 1.55, 1.67, 1.50, 1.53, 1.60
2018-03-13, 1.25, 1.2291, 1.50, 1.2041, 1.00, 1.50, 0.0, 1500.0, 500, 366, 0.0, 0.0, 1.54, 1.66, 1.50, 1.53, 1.60
2018-03-12, 1.25, 1.2337, 1.50, 1.1694, 1.00, 1.50, 0.0, 0.0, 500, 500, 0.0, 0.0, 1.54, 1.66, 1.50, 1.53, 1.60
2018-03-09, 1.25, 1.2438, 1.50, 1.2335, 1.00, 1.50, 0.0, 0.0, 500, 500, 0.0, 0.0, 1.52, 1.66, 1.50, 1.53, 1.60
2018-03-08, 1.25, 1.2391, 1.50, 1.2223, 1.00, 1.50, 0.0, 0.0, 500, 500, 0.0, 0.0, 1.53, 1.66, 1.50, 1.53, 1.60
2018-03-07, 1.25, 1.2435, 1.50, 1.2300, 1.00, 1.50, 0.0, 0.0, 500, 500, 0.0, 0.0, 1.54, 1.65, 1.50, 1.53, 1.60
2018-03-06, 1.25, 1.2363, 1.50, 1.2104, 1.00, 1.50, 0.0, 0.0, 500, 500, 0.0, 0.0, 1.53, 1.65, 1.50, 1.53, 1.60
2018-03-05, 1.25, 1.2450, 1.50, 1.2333, 1.00, 1.50, 0.0, 0.0, 500, 500, 0.0, 0.0, 1.52, 1.64, 1.47, 1.50, 1.54
2018-03-02, 1.25, 1.2420, 1.50, 1.2500, 1.00, 1.50, 0.0, 0.0, 500, 500, 0.0, 0.0, 1.52, 1.64, 1.47, 1.50, 1.54
2018-03-01, 1.25, 1.2404, 1.50, 1.2520, 1.00, 1.50, 0.0, 0.0, 500, 500, 2800.0, 0.0, 1.51, 1.64, 1.47, 1.50, 1.54
2018-02-28, 1.25, 1.2382, 1.50, 1.2319, 1.00, 1.50, 0.0, 0.0, 500, 500, 0.0, 0.0, 1.51, 1.64, 1.47, 1.50, 1.54
2018-02-27, 1.25, 1.2438, 1.50, 1.2350, 1.00, 1.50, 0.0, 0.0, 500, 500, 0.0, 0.0, 1.51, 1.63, 1.47, 1.50, 1.54
2018-02-26, 1.25, 1.2373, 1.50, 1.2362, 1.00, 1.50, 0.0, 0.0, 500, 500, 0.0, 0.0, 1.50, 1.63, 1.47, 1.50, 1.54
2018-02-23, 1.25, 1.2366, 1.50, 1.2129, 1.00, 1.50, 0.0, 1500.0, 500, 500, 0.0, 0.0, 1.49, 1.61, 1.47, 1.50, 1.54
2018-02-22, 1.25, 1.2278, 1.50, 1.2187, 1.00, 1.50, 0.0, 900.0, 500, 500, 0.0, 0.0, 1.49, 1.61, 1.47, 1.50, 1.54
2018-02-21, 1.25, 1.2294, 1.50, 1.1876, 1.00, 1.50, 0.0, 0.0, 500, 500, 0.0, 0.0, 1.50, 1.62, 1.47, 1.50, 1.54
2018-02-20, 1.25, 1.2313, 1.50, 1.2055, 1.00, 1.50, 0.0, 0.0, 500, 500, 0.0, 0.0, 1.50, 1.62, 1.47, 1.50, 1.54
2018-02-19, 1.25, Bank holiday, 1.50, Bank holiday, 1.00, 1.50, Bank holiday, Bank holiday, 500, 500, Bank holiday, Bank holiday, Bank holiday, Bank holiday, Bank holiday, Bank holiday, Bank holiday
2018-02-16, 1.25, 1.2462, 1.50, 1.2463, 1.00, 1.50, 0.0, 0.0, 500, 500, 0.0, 0.0, 1.50, 1.62, 1.47, 1.50, 1.54
2018-02-15, 1.25, 1.2297, 1.50, 1.2300, 1.00, 1.50, 0.0, 0.0, 500, 500, 3800.0, 0.0, 1.49, 1.61, 1.45, 1.50, 1.54
2018-02-14, 1.25, 1.2351, 1.50, 1.2256, 1.00, 1.50, 0.0, 0.0, 500, 500, 0.0, 0.0, 1.49, 1.61, 1.45, 1.50, 1.54
2018-02-13, 1.25, 1.2459, 1.50, 1.2333, 1.00, 1.50, 0.0, 0.0, 500, 500, 0.0, 0.0, 1.49, 1.59, 1.45, 1.50, 1.54
2018-02-12, 1.25, 1.2341, 1.50, 1.2346, 1.00, 1.50, 0.0, 0.0, 500, 500, 0.0, 0.0, 1.49, 1.59, 1.45, 1.50, 1.54
2018-02-09, 1.25, 1.2437, 1.50, 1.2285, 1.00, 1.50, 0.0, 0.0, 500, 500, 0.0, 0.0, 1.49, 1.59, 1.45, 1.50, 1.54
2018-02-08, 1.25, 1.2346, 1.50, 1.2285, 1.00, 1.50, 0.0, 0.0, 500, 500, 0.0, 0.0, 1.49, 1.61, 1.46, 1.51, 1.56
2018-02-07, 1.25, 1.2324, 1.50, 1.2191, 1.00, 1.50, 0.0, 0.0, 500, 500, 0.0, 0.0, 1.48, 1.61, 1.46, 1.51, 1.56
2018-02-06, 1.25, 1.2339, 1.50, 1.2234, 1.00, 1.50, 0.0, 0.0, 500, 500, 0.0, 0.0, 1.49, 1.60, 1.46, 1.51, 1.56
2018-02-05, 1.25, 1.2426, 1.50, 1.2113, 1.00, 1.50, 0.0, 0.0, 500, 500, 0.0, 0.0, 1.50, 1.62, 1.47, 1.53, 1.57
2018-02-02, 1.25, 1.2491, 1.50, 1.2391, 1.00, 1.50, 0.0, 0.0, 500, 500, 0.0, 0.0, 1.51, 1.62, 1.47, 1.53, 1.57
2018-02-01, 1.25, 1.2493, 1.50, 1.2453, 1.00, 1.50, 1500.0, 0.0, 500, 1007, 2300.0, 0.0, 1.51, 1.62, 1.47, 1.53, 1.57
2018-01-31, 1.25, 1.2486, 1.50, 1.2424, 1.00, 1.50, 0.0, 0.0, 500, 500, 0.0, 0.0, 1.52, 1.62, 1.47, 1.53, 1.57
2018-01-30, 1.25, 1.2435, 1.50, 1.2346, 1.00, 1.50, 0.0, 0.0, 500, 500, 0.0, 0.0, 1.52, 1.62, 1.47, 1.53, 1.57
2018-01-29, 1.25, 1.2486, 1.50, 1.2390, 1.00, 1.50, 0.0, 0.0, 500, 500, 0.0, 0.0, 1.51, 1.61, 1.47, 1.53, 1.57
2018-01-26, 1.25, 1.2465, 1.50, 1.2375, 1.00, 1.50, 0.0, 0.0, 500, 500, 0.0, 0.0, 1.50, 1.61, 1.47, 1.52, 1.57
2018-01-25, 1.25, 1.2425, 1.50, 1.2343, 1.00, 1.50, 0.0, 0.0, 500, 500, 0.0, 0.0, 1.50, 1.60, 1.47, 1.52, 1.57
2018-01-24, 1.25, 1.2284, 1.50, 1.2155, 1.00, 1.50, 0.0, 1500.0, 500, 500, 0.0, 0.0, 1.50, 1.60, 1.47, 1.52, 1.57
2018-01-23, 1.25, 1.2415, 1.50, 1.2214, 1.00, 1.50, 0.0, 0.0, 500, 500, 0.0, 0.0, 1.50, 1.59, 1.47, 1.52, 1.57
2018-01-22, 1.25, 1.2122, 1.50, 1.2000, 1.00, 1.50, 0.0, 0.0, 500, 500, 0.0, 0.0, 1.51, 1.61, 1.47, 1.52, 1.57
2018-01-19, 1.25, 1.2484, 1.50, 1.2293, 1.00, 1.50, 0.0, 0.0, 500, 500, 4300.0, 0.0, 1.50, 1.61, 1.47, 1.52, 1.57
2018-01-18, 1.25, 1.2515, 1.50, 1.2436, 1.00, 1.50, 0.0, 0.0, 500, 500, 0.0, 0.0, 1.52, 1.61, 1.47, 1.52, 1.57
2018-01-17, 1.25, 1.2459, 1.50, 1.2464, 1.00, 1.50, 0.0, 0.0, 500, 500, 0.0, 0.0, 1.52, 1.62, 1.47, 1.52, 1.57
2018-01-16, 1.00, 0.9960, 1.25, 1.0003, 0.75, 1.25, 0.0, 0.0, 500, 500, 0.0, 0.0, 1.50, 1.60, 1.47, 1.52, 1.57
2018-01-15, 1.00, 0.9973, 1.25, 0.9876, 0.75, 1.25, 0.0, 0.0, 500, 500, 0.0, 0.0, 1.50, 1.60, 1.47, 1.52, 1.57
2018-01-12, 1.00, 0.9974, 1.25, 0.9973, 0.75, 1.25, 0.0, 0.0, 500, 500, 0.0, 0.0, 1.48, 1.59, 1.46, 1.51, 1.56
2018-01-11, 1.00, 0.9976, 1.25, 0.9961, 0.75, 1.25, 0.0, 0.0, 500, 500, 0.0, 0.0, 1.46, 1.56, 1.46, 1.51, 1.56
2018-01-10, 1.00, 0.9965, 1.25, 0.9791, 0.75, 1.25, 0.0, 0.0, 500, 500, 0.0, 0.0, 1.49, 1.59, 1.46, 1.51, 1.56
2018-01-09, 1.00, 0.9941, 1.25, 0.9608, 0.75, 1.25, 0.0, 1500.0, 500, 500, 0.0, 0.0, 1.48, 1.58, 1.46, 1.51, 1.56
2018-01-08, 1.00, 0.9964, 1.25, 0.9972, 0.75, 1.25, 0.0, 0.0, 500, 500, 0.0, 0.0, 1.47, 1.58, 1.44, 1.49, 1.54
2018-01-05, 1.00, 0.9946, 1.25, 0.9785, 0.75, 1.25, 0.0, 0.0, 500, 500, 0.0, 0.0, 1.48, 1.57, 1.44, 1.49, 1.54
2018-01-04, 1.00, 0.9898, 1.25, 0.9917, 0.75, 1.25, 0.0, 0.0, 500, 500, 2300.0, 0.0, 1.41, 1.51, 1.39, 1.42, 1.49
2018-01-03, 1.00, 0.9953, 1.25, 0.9764, 0.75, 1.25, 0.0, 0.0, 500, 500, 0.0, 0.0, 1.41, 1.51, 1.39, 1.42, 1.49
2018-01-02, 1.00, 0.9967, 1.25, 1.0106, 0.75, 1.25, 1390.0, 0.0, 500, 638, 0.0, 0.0, 1.41, 1.52, 1.36, 1.39, 1.45
2018-01-01, 1.00, Bank holiday, 1.25, Bank holiday, 0.75, 1.25, Bank holiday, Bank holiday, Bank holiday, Bank holiday, Bank holiday, Bank holiday, Bank holiday, Bank holiday, Bank holiday, Bank holiday, Bank holiday
2017-12-29, 1.00, 0.9975, 1.25, 1.0000, 0.75, 1.25, 0.0, 0.0, 500, 500, 0.0, 0.0, 1.37, 1.48, 1.33, 1.35, 1.42
2017-12-28, 1.00, 1.0022, 1.25, 1.0088, 0.75, 1.25, 0.0, 0.0, 500, 500, 0.0, 0.0, 1.37, 1.46, 1.33, 1.35, 1.42
2017-12-27, 1.00, 0.9978, 1.25, 1.0187, 0.75, 1.25, 0.0, 0.0, 500, 500, 0.0, 0.0, 1.36, 1.45, 1.33, 1.35, 1.42
2017-12-26, 1.00, Bank holiday, 1.25, Bank holiday, 0.75, 1.25, Bank holiday, Bank holiday, Bank holiday, Bank holiday, Bank holiday, Bank holiday, Bank holiday, Bank holiday, Bank holiday, Bank holiday, Bank holiday
2017-12-25, 1.00, Bank holiday, 1.25, Bank holiday, 0.75, 1.25, Bank holiday, Bank holiday, Bank holiday, Bank holiday, Bank holiday, Bank holiday, Bank holiday, Bank holiday, Bank holiday, Bank holiday, Bank holiday
2017-12-22, 1.00, 0.9970, 1.25, 1.0336, 0.75, 1.25, 0.0, 0.0, 500, 500, 0.0, 0.0, 1.35, 1.44, 1.33, 1.35, 1.42
2017-12-21, 1.00, 0.9963, 1.25, 1.0253, 0.75, 1.25, 0.0, 0.0, 500, 500, 3400.0, 0.0, 1.35, 1.45, 1.33, 1.35, 1.42
2017-12-20, 1.00, 0.9961, 1.25, 0.9859, 0.75, 1.25, 0.0, 0.0, 500, 500, 0.0, 0.0, 1.34, 1.43, 1.30, 1.33, 1.39
2017-12-19, 1.00, 0.9942, 1.25, 0.9905, 0.75, 1.25, 0.0, 0.0, 500, 500, 1600.0, 0.0, 1.34, 1.41, 1.30, 1.33, 1.39
2017-12-18, 1.00, 0.9955, 1.25, 1.0354, 0.75, 1.25, 0.0, 0.0, 500, 500, 0.0, 0.0, 1.33, 1.41, 1.25, 1.31, 1.36
2017-12-15, 1.00, 0.9957, 1.25, 1.0367, 0.75, 1.25, 0.0, 0.0, 500, 500, 0.0, 0.0, 1.29, 1.40, 1.25, 1.31, 1.36
2017-12-14, 1.00, 0.9979, 1.25, 0.9970, 0.75, 1.25, 0.0, 0.0, 500, 500, 0.0, 0.0, 1.29, 1.39, 1.25, 1.30, 1.35
2017-12-13, 1.00, 0.9967, 1.25, 0.9743, 0.75, 1.25, 0.0, 0.0, 500, 500, 0.0, 0.0, 1.29, 1.39, 1.25, 1.30, 1.35
2017-12-12, 1.00, 0.9954, 1.25, 0.9839, 0.75, 1.25, 0.0, 0.0, 500, 500, 0.0, 0.0, 1.29, 1.39, 1.25, 1.30, 1.35
2017-12-11, 1.00, 0.9971, 1.25, 0.9881, 0.75, 1.25, 0.0, 0.0, 500, 500, 0.0, 0.0, 1.29, 1.39, 1.25, 1.30, 1.35
2017-12-08, 1.00, 0.9957, 1.25, 0.9851, 0.75, 1.25, 0.0, 0.0, 500, 500, 2300.0, 0.0, 1.29, 1.39, 1.25, 1.30, 1.35
2017-12-07, 1.00, 0.9919, 1.25, 0.9542, 0.75, 1.25, 0.0, 0.0, 500, 500, 0.0, 0.0, 1.29, 1.39, 1.25, 1.30, 1.35
2017-12-06, 1.00, 0.9942, 1.25, 0.9665, 0.75, 1.25, 0.0, 0.0, 500, -29, 0.0, 0.0, 1.29, 1.39, 1.24, 1.29, 1.35
2017-12-05, 1.00, 0.9935, 1.25, 0.9692, 0.75, 1.25, 0.0, 0.0, 500, 390, 0.0, 0.0, 1.28, 1.39, 1.24, 1.29, 1.35
2017-12-04, 1.00, 0.9932, 1.25, 1.0040, 0.75, 1.25, 0.0, 0.0, 500, 500, 0.0, 0.0, 1.28, 1.39, 1.24, 1.29, 1.35
2017-12-01, 1.00, 0.9976, 1.25, 1.0212, 0.75, 1.25, 1500.0, 0.0, 500, 1717, 0.0, 0.0, 1.26, 1.38, 1.21, 1.24, 1.32
2017-11-30, 1.00, 0.9930, 1.25, 1.0075, 0.75, 1.25, 0.0, 0.0, 500, 500, 0.0, 0.0, 1.25, 1.36, 1.21, 1.24, 1.32
2017-11-29, 1.00, 0.9894, 1.25, 0.9700, 0.75, 1.25, 0.0, 0.0, 500, 500, 0.0, 0.0, 1.25, 1.36, 1.21, 1.24, 1.32
2017-11-28, 1.00, 0.9960, 1.25, 1.0000, 0.75, 1.25, 0.0, 0.0, 500, 500, 0.0, 0.0, 1.25, 1.36, 1.21, 1.24, 1.32
2017-11-27, 1.00, 0.9948, 1.25, 1.0000, 0.75, 1.25, 0.0, 0.0, 500, 500, 0.0, 0.0, 1.25, 1.35, 1.21, 1.24, 1.32
2017-11-24, 1.00, 0.9924, 1.25, 0.9716, 0.75, 1.25, 0.0, 0.0, 500, 500, 0.0, 0.0, 1.24, 1.35, 1.22, 1.26, 1.33
2017-11-23, 1.00, 0.9836, 1.25, 0.9838, 0.75, 1.25, 0.0, 0.0, 500, 500, 3400.0, 0.0, 1.25, 1.35, 1.22, 1.26, 1.33
2017-11-22, 1.00, 0.9955, 1.25, 0.9784, 0.75, 1.25, 0.0, 0.0, 500, 500, 0.0, 0.0, 1.25, 1.35, 1.22, 1.26, 1.33
2017-11-21, 1.00, 0.9886, 1.25, 0.9925, 0.75, 1.25, 0.0, 0.0, 500, 500, 0.0, 0.0, 1.24, 1.35, 1.22, 1.26, 1.33
2017-11-20, 1.00, 0.9945, 1.25, 1.0170, 0.75, 1.25, 0.0, 0.0, 500, 500, 0.0, 0.0, 1.24, 1.35, 1.22, 1.26, 1.33
2017-11-17, 1.00, 0.9895, 1.25, 0.9802, 0.75, 1.25, 0.0, 0.0, 500, 500, 0.0, 0.0, 1.24, 1.35, 1.22, 1.26, 1.33
2017-11-16, 1.00, 0.9907, 1.25, 0.9940, 0.75, 1.25, 0.0, 0.0, 500, 500, 0.0, 0.0, 1.24, 1.35, 1.22, 1.26, 1.33
2017-11-15, 1.00, 0.9847, 1.25, 0.9719, 0.75, 1.25, 0.0, 0.0, 500, 500, 0.0, 0.0, 1.24, 1.35, 1.22, 1.26, 1.33
2017-11-14, 1.00, 0.9880, 1.25, 0.9872, 0.75, 1.25, 0.0, 0.0, 500, 500, 0.0, 0.0, 1.24, 1.35, 1.22, 1.26, 1.33
2017-11-13, 1.00, Bank holiday, 1.25, Bank holiday, 0.75, 1.25, Bank holiday, Bank holiday, Bank holiday, Bank holiday, Bank holiday, Bank holiday, Bank holiday, Bank holiday, Bank holiday, Bank holiday, Bank holiday
2017-11-10, 1.00, 0.9889, 1.25, 0.9822, 0.75, 1.25, 0.0, 0.0, 500, 500, 0.0, 0.0, 1.24, 1.35, 1.22, 1.26, 1.33
2017-11-09, 1.00, 0.9948, 1.25, 0.9749, 0.75, 1.25, 0.0, 0.0, 500, 500, 2300.0, 0.0, 1.24, 1.35, 1.22, 1.26, 1.33
2017-11-08, 1.00, 0.9822, 1.25, 0.9854, 0.75, 1.25, 0.0, 0.0, 500, 500, 0.0, 0.0, 1.25, 1.35, 1.22, 1.26, 1.33
2017-11-07, 1.00, 0.9894, 1.25, 1.0000, 0.75, 1.25, 0.0, 0.0, 500, 500, 0.0, 0.0, 1.26, 1.35, 1.22, 1.26, 1.33
2017-11-06, 1.00, 0.9913, 1.25, 1.0000, 0.75, 1.25, 0.0, 0.0, 500, 500, 0.0, 0.0, 1.26, 1.35, 1.22, 1.26, 1.33
2017-11-03, 1.00, 0.9943, 1.25, 0.9880, 0.75, 1.25, 0.0, 0.0, 500, 500, 0.0, 0.0, 1.24, 1.35, 1.22, 1.26, 1.33
2017-11-02, 1.00, 1.0030, 1.25, 1.0221, 0.75, 1.25, 0.0, 0.0, 500, 500, 0.0, 0.0, 1.25, 1.35, 1.22, 1.26, 1.33
2017-11-01, 1.00, 0.9982, 1.25, 1.0067, 0.75, 1.25, 0.0, 0.0, 500, 500, 0.0, 0.0, 1.26, 1.36, 1.22, 1.26, 1.33
2017-10-31, 1.00, 0.9924, 1.25, 1.0000, 0.75, 1.25, 0.0, 0.0, 500, 500, 0.0, 0.0, 1.26, 1.36, 1.22, 1.26, 1.33
2017-10-30, 1.00, 0.9816, 1.25, 0.9800, 0.75, 1.25, 0.0, 0.0, 500, 500, 0.0, 0.0, 1.27, 1.37, 1.22, 1.26, 1.33
2017-10-27, 1.00, 0.9928, 1.25, 0.9808, 0.75, 1.25, 0.0, 0.0, 500, 500, 3400.0, 0.0, 1.26, 1.37, 1.22, 1.26, 1.33
2017-10-26, 1.00, 0.9934, 1.25, 0.9951, 0.75, 1.25, 0.0, 0.0, 500, 500, 0.0, 0.0, 1.26, 1.36, 1.22, 1.26, 1.33
2017-10-25, 1.00, 0.9972, 1.25, 0.9700, 0.75, 1.25, 0.0, 0.0, 500, 500, 0.0, 0.0, 1.25, 1.36, 1.22, 1.27, 1.33
2017-10-24, 1.00, 0.9940, 1.25, 0.9807, 0.75, 1.25, 0.0, 0.0, 500, 500, 0.0, 0.0, 1.27, 1.37, 1.24, 1.26, 1.36
2017-10-23, 1.00, 0.9963, 1.25, 0.9930, 0.75, 1.25, 0.0, 0.0, 500, 500, 0.0, 0.0, 1.27, 1.37, 1.24, 1.26, 1.36
2017-10-20, 1.00, 0.9954, 1.25, 0.9747, 0.75, 1.25, 0.0, 0.0, 500, 500, 0.0, 0.0, 1.28, 1.36, 1.24, 1.26, 1.35
2017-10-19, 1.00, 0.9949, 1.25, 1.0000, 0.75, 1.25, 0.0, 0.0, 500, 500, 0.0, 0.0, 1.27, 1.38, 1.24, 1.26, 1.35
2017-10-18, 1.00, 0.9940, 1.25, 0.9856, 0.75, 1.25, 0.0, 0.0, 500, 500, 0.0, 0.0, 1.27, 1.38, 1.24, 1.26, 1.35
2017-10-17, 1.00, 0.9956, 1.25, 0.9833, 0.75, 1.25, 0.0, 0.0, 500, 500, 0.0, 0.0, 1.25, 1.37, 1.24, 1.26, 1.35
2017-10-16, 1.00, 0.9922, 1.25, 0.9940, 0.75, 1.25, 0.0, 0.0, 500, 500, 0.0, 0.0, 1.26, 1.37, 1.24, 1.26, 1.35
2017-10-13, 1.00, 0.9957, 1.25, 0.9964, 0.75, 1.25, 0.0, 0.0, 500, 500, 0.0, 0.0, 1.25, 1.37, 1.20, 1.24, 1.31
2017-10-12, 1.00, 0.9941, 1.25, 0.9156, 0.75, 1.25, 0.0, 0.0, 500, 500, 2000.0, 0.0, 1.26, 1.37, 1.20, 1.24, 1.31
2017-10-11, 1.00, 0.9846, 1.25, 0.9690, 0.75, 1.25, 0.0, 0.0, 500, 500, 0.0, 0.0, 1.26, 1.37, 1.20, 1.24, 1.31
2017-10-10, 1.00, 0.9803, 1.25, 0.9577, 0.75, 1.25, 0.0, 1500.0, 500, 388, 0.0, 0.0, 1.24, 1.37, 1.20, 1.24, 1.31
2017-10-09, 1.00, Bank holiday, 1.25, Bank holiday, 0.75, 1.25, Bank holiday, Bank holiday, Bank holiday, Bank holiday, Bank holiday, Bank holiday, Bank holiday, Bank holiday, Bank holiday, Bank holiday, Bank holiday
2017-10-06, 1.00, 0.9940, 1.25, 1.0000, 0.75, 1.25, 0.0, 0.0, 500, 500, 0.0, 0.0, 1.24, 1.36, 1.20, 1.24, 1.31
2017-10-05, 1.00, 0.9961, 1.25, 0.9860, 0.75, 1.25, 0.0, 0.0, 500, 500, 0.0, 0.0, 1.23, 1.35, 1.20, 1.24, 1.31
2017-10-04, 1.00, 0.9961, 1.25, 0.9985, 0.75, 1.25, 0.0, 0.0, 500, 500, 0.0, 0.0, 1.23, 1.35, 1.20, 1.24, 1.31
2017-10-03, 1.00, 0.9958, 1.25, 1.0085, 0.75, 1.25, 0.0, 0.0, 500, 500, 0.0, 0.0, 1.23, 1.35, 1.20, 1.24, 1.31
2017-10-02, 1.00, 0.9974, 1.25, 1.0373, 0.75, 1.25, 0.0, 0.0, 500, 891, 0.0, 0.0, 1.23, 1.35, 1.20, 1.26, 1.31
2017-09-29, 1.00, 0.9693, 1.25, 0.9954, 0.75, 1.25, 0.0, 1300.0, 500, 500, 0.0, 0.0, 1.23, 1.35, 1.20, 1.26, 1.31
2017-09-28, 1.00, 0.9823, 1.25, 0.9819, 0.75, 1.25, 0.0, 0.0, 500, 500, 3000.0, 0.0, 1.24, 1.36, 1.21, 1.28, 1.32
2017-09-27, 1.00, 0.9923, 1.25, 0.9913, 0.75, 1.25, 0.0, 700.0, 500, 500, 0.0, 0.0, 1.23, 1.37, 1.22, 1.28, 1.33
2017-09-26, 1.00, 0.9869, 1.25, 0.9095, 0.75, 1.25, 0.0, 1500.0, 500, 500, 0.0, 0.0, 1.23, 1.37, 1.22, 1.28, 1.33
2017-09-25, 1.00, 0.9928, 1.25, 0.9568, 0.75, 1.25, 0.0, 0.0, 500, 500, 0.0, 0.0, 1.23, 1.37, 1.22, 1.28, 1.33
2017-09-22, 1.00, 0.9966, 1.25, 0.9929, 0.75, 1.25, 0.0, 0.0, 500, 500, 0.0, 0.0, 1.24, 1.38, 1.22, 1.28, 1.33
2017-09-21, 1.00, 0.9972, 1.25, 0.9947, 0.75, 1.25, 0.0, 0.0, 500, 500, 0.0, 0.0, 1.24, 1.39, 1.22, 1.28, 1.33
2017-09-20, 1.00, 0.9970, 1.25, 1.0000, 0.75, 1.25, 0.0, 0.0, 500, 500, 0.0, 0.0, 1.25, 1.39, 1.24, 1.30, 1.34
2017-09-19, 1.00, 0.9947, 1.25, 1.0000, 0.75, 1.25, 0.0, 0.0, 500, 500, 0.0, 0.0, 1.25, 1.38, 1.24, 1.30, 1.34
2017-09-18, 1.00, 0.9979, 1.25, 0.9978, 0.75, 1.25, 0.0, 0.0, 500, 500, 0.0, 120.0, 1.26, 1.40, 1.24, 1.30, 1.34
2017-09-15, 1.00, 0.9954, 1.25, 0.9995, 0.75, 1.25, 0.0, 0.0, 500, 500, 0.0, 0.0, 1.26, 1.40, 1.24, 1.30, 1.34
2017-09-14, 1.00, 0.9974, 1.25, 1.0028, 0.75, 1.25, 0.0, 0.0, 500, 500, 2000.0, 0.0, 1.26, 1.39, 1.24, 1.30, 1.34
2017-09-13, 1.00, 0.9964, 1.25, 0.9997, 0.75, 1.25, 0.0, 0.0, 500, 500, 0.0, 0.0, 1.26, 1.38, 1.24, 1.30, 1.34
2017-09-12, 1.00, 0.9992, 1.25, 1.0010, 0.75, 1.25, 0.0, 0.0, 500, 500, 0.0, 160.0, 1.28, 1.40, 1.24, 1.30, 1.34
2017-09-11, 1.00, 0.9971, 1.25, 1.0055, 0.75, 1.25, 0.0, 0.0, 500, 500, 0.0, 0.0, 1.27, 1.41, 1.24, 1.30, 1.34
2017-09-08, 1.00, 0.9991, 1.25, 1.0099, 0.75, 1.25, 0.0, 0.0, 500, 500, 0.0, 162.0, 1.28, 1.40, 1.24, 1.30, 1.34
2017-09-07, 1.00, 1.0008, 1.25, 1.0215, 0.75, 1.25, 0.0, 0.0, 500, 500, 0.0, 0.0, 1.30, 1.39, 1.24, 1.30, 1.34
2017-09-06, 1.00, 0.9983, 1.25, 1.0215, 0.75, 1.25, 0.0, 0.0, 500, 500, 0.0, 0.0, 1.29, 1.40, 1.24, 1.30, 1.34
2017-09-05, 0.75, 0.7543, 1.00, 0.7683, 0.50, 1.00, 1500.0, 0.0, 500, 889, 0.0, 0.0, 1.19, 1.29, 1.14, 1.18, 1.20
2017-09-04, 0.75, Bank holiday, 1.00, Bank holiday, 0.50, 1.00, Bank holiday, Bank holiday, Bank holiday, Bank holiday, Bank holiday, Bank holiday, Bank holiday, Bank holiday, Bank holiday, Bank holiday, Bank holiday
2017-09-01, 0.75, 0.7588, 1.00, 0.7903, 0.50, 1.00, 3000.0, 0.0, 500, 2228, 0.0, 131.0, 1.17, 1.27, 1.14, 1.18, 1.20
2017-08-31, 0.75, 0.7479, 1.00, 0.7549, 0.50, 1.00, 0.0, 0.0, 500, 469, 3000.0, 0.0, 1.17, 1.25, 1.14, 1.18, 1.20
2017-08-30, 0.75, 0.7481, 1.00, 0.7500, 0.50, 1.00, 0.0, 0.0, 500, 500, 0.0, 0.0, 1.17, 1.25, 1.14, 1.18, 1.20
2017-08-29, 0.75, 0.7469, 1.00, 0.7486, 0.50, 1.00, 0.0, 0.0, 500, 500, 0.0, 0.0, 1.17, 1.25, 1.14, 1.18, 1.20
2017-08-28, 0.75, 0.7469, 1.00, 0.7439, 0.50, 1.00, 0.0, 0.0, 500, 500, 0.0, 0.0, 1.17, 1.25, 1.14, 1.18, 1.20
2017-08-25, 0.75, 0.7473, 1.00, 0.7463, 0.50, 1.00, 0.0, 0.0, 500, 500, 0.0, 0.0, 1.17, 1.25, 1.14, 1.18, 1.20
2017-08-24, 0.75, 0.7474, 1.00, 0.7524, 0.50, 1.00, 0.0, 0.0, 500, 500, 0.0, 0.0, 1.17, 1.25, 1.14, 1.18, 1.20
2017-08-23, 0.75, 0.7463, 1.00, 0.7474, 0.50, 1.00, 0.0, 0.0, 500, 500, 0.0, 0.0, 1.17, 1.24, 1.14, 1.18, 1.20
2017-08-22, 0.75, 0.7449, 1.00, 0.7500, 0.50, 1.00, 0.0, 0.0, 500, 500, 0.0, 0.0, 1.17, 1.24, 1.14, 1.18, 1.20
2017-08-21, 0.75, 0.7455, 1.00, 0.7514, 0.50, 1.00, 0.0, 0.0, 500, 500, 0.0, 0.0, 1.17, 1.24, 1.14, 1.18, 1.20
2017-08-18, 0.75, 0.7483, 1.00, 0.7500, 0.50, 1.00, 0.0, 0.0, 500, 500, 0.0, 0.0, 1.17, 1.24, 1.14, 1.18, 1.20
2017-08-17, 0.75, 0.7504, 1.00, 0.7544, 0.50, 1.00, 0.0, 0.0, 500, 500, 2000.0, 0.0, 1.17, 1.24, 1.14, 1.18, 1.20
2017-08-16, 0.75, 0.7472, 1.00, 0.7508, 0.50, 1.00, 0.0, 0.0, 500, 500, 0.0, 0.0, 1.17, 1.24, 1.14, 1.18, 1.20
2017-08-15, 0.75, 0.7355, 1.00, 0.7413, 0.50, 1.00, 0.0, 0.0, 500, 500, 0.0, 0.0, 1.17, 1.24, 1.14, 1.18, 1.20
2017-08-14, 0.75, 0.7466, 1.00, 0.7458, 0.50, 1.00, 0.0, 0.0, 500, 500, 0.0, 0.0, 1.17, 1.24, 1.14, 1.18, 1.20
2017-08-11, 0.75, 0.7229, 1.00, 0.7523, 0.50, 1.00, 0.0, 0.0, 500, 500, 0.0, 0.0, 1.17, 1.24, 1.14, 1.18, 1.20
2017-08-10, 0.75, 0.7255, 1.00, 0.7395, 0.50, 1.00, 0.0, 0.0, 500, 500, 0.0, 0.0, 1.17, 1.24, 1.14, 1.18, 1.20
2017-08-09, 0.75, 0.7330, 1.00, 0.7359, 0.50, 1.00, 0.0, 0.0, 500, 500, 0.0, 0.0, 1.18, 1.24, 1.14, 1.18, 1.20
2017-08-08, 0.75, 0.7317, 1.00, 0.7107, 0.50, 1.00, 0.0, 0.0, 500, 500, 0.0, 0.0, 1.18, 1.24, 1.14, 1.18, 1.20
2017-08-07, 0.75, Bank holiday, 1.00, Bank holiday, 0.50, 1.00, Bank holiday, Bank holiday, 500, 500, Bank holiday, Bank holiday, Bank holiday, Bank holiday, Bank holiday, Bank holiday, Bank holiday
2017-08-04, 0.75, 0.7466, 1.00, 0.7325, 0.50, 1.00, 0.0, 0.0, 500, 500, 0.0, 0.0, 1.18, 1.24, 1.14, 1.18, 1.20
2017-08-03, 0.75, 0.7467, 1.00, 0.7290, 0.50, 1.00, 0.0, 0.0, 500, 500, 3000.0, 0.0, 1.17, 1.21, 1.14, 1.17, 1.19
2017-08-02, 0.75, 0.7463, 1.00, 0.7465, 0.50, 1.00, 0.0, 0.0, 500, 500, 0.0, 0.0, 1.17, 1.22, 1.12, 1.17, 1.19
2017-08-01, 0.75, 0.7475, 1.00, 0.7482, 0.50, 1.00, 0.0, 0.0, 500, 500, 0.0, 0.0, 1.17, 1.23, 1.13, 1.17, 1.19
2017-07-31, 0.75, 0.7444, 1.00, 0.7500, 0.50, 1.00, 0.0, 0.0, 500, 500, 0.0, 0.0, 1.16, 1.22, 1.13, 1.17, 1.19
2017-07-28, 0.75, 0.7468, 1.00, 0.7436, 0.50, 1.00, 0.0, 0.0, 500, 500, 0.0, 0.0, 1.14, 1.22, 1.11, 1.13, 1.17
2017-07-27, 0.75, 0.7417, 1.00, 0.7511, 0.50, 1.00, 0.0, 0.0, 500, 500, 0.0, 0.0, 1.13, 1.20, 1.11, 1.13, 1.17
2017-07-26, 0.75, 0.7427, 1.00, 0.7500, 0.50, 1.00, 0.0, 0.0, 500, 500, 0.0, 0.0, 1.13, 1.20, 1.09, 1.13, 1.17
2017-07-25, 0.75, 0.7413, 1.00, 0.7427, 0.50, 1.00, 0.0, 0.0, 500, 500, 0.0, 0.0, 1.13, 1.19, 1.09, 1.13, 1.17
2017-07-24, 0.75, 0.7440, 1.00, 0.7500, 0.50, 1.00, 0.0, 0.0, 500, 500, 0.0, 0.0, 1.12, 1.18, 1.09, 1.13, 1.17
2017-07-21, 0.75, 0.7383, 1.00, 0.7470, 0.50, 1.00, 0.0, 0.0, 500, 500, 0.0, 0.0, 1.11, 1.18, 1.08, 1.12, 1.16
2017-07-20, 0.75, 0.7469, 1.00, 0.7430, 0.50, 1.00, 0.0, 0.0, 500, 500, 2500.0, 0.0, 1.11, 1.17, 1.08, 1.12, 1.15
2017-07-19, 0.75, 0.7458, 1.00, 0.7394, 0.50, 1.00, 0.0, 0.0, 500, 500, 0.0, 0.0, 1.10, 1.17, 1.08, 1.12, 1.15
2017-07-18, 0.75, 0.7335, 1.00, 0.7429, 0.50, 1.00, 0.0, 0.0, 500, 500, 0.0, 0.0, 1.08, 1.16, 1.07, 1.11, 1.15
2017-07-17, 0.75, 0.7448, 1.00, 0.7471, 0.50, 1.00, 0.0, 0.0, 500, 500, 0.0, 0.0, 1.08, 1.16, 1.05, 1.09, 1.13
2017-07-14, 0.75, 0.7479, 1.00, 0.7471, 0.50, 1.00, 0.0, 0.0, 500, 500, 0.0, 0.0, 1.08, 1.16, 1.05, 1.09, 1.13
2017-07-13, 0.75, 0.7466, 1.00, 0.7529, 0.50, 1.00, 0.0, 0.0, 500, 500, 0.0, 0.0, 1.08, 1.16, 1.05, 1.09, 1.14
2017-07-12, 0.75, 0.7452, 1.00, 0.7372, 0.50, 1.00, 0.0, 0.0, 500, 500, 0.0, 0.0, 1.06, 1.15, 1.04, 1.05, 1.10
2017-07-11, 0.50, 0.4960, 0.75, 0.4988, 0.25, 0.75, 0.0, 0.0, 500, 500, 0.0, 0.0, 1.07, 1.15, 1.04, 1.06, 1.10
2017-07-10, 0.50, 0.4949, 0.75, 0.4979, 0.25, 0.75, 0.0, 0.0, 500, 500, 0.0, 0.0, 1.03, 1.15, 1.02, 1.05, 1.10
2017-07-07, 0.50, 0.4939, 0.75, 0.4935, 0.25, 0.75, 0.0, 0.0, 500, 500, 0.0, 0.0, 1.01, 1.12, 1.00, 1.03, 1.05
2017-07-06, 0.50, 0.4960, 0.75, 0.4983, 0.25, 0.75, 0.0, 0.0, 500, 500, 3000.0, 0.0, 1.00, 1.08, 0.99, 1.02, 1.04
2017-07-05, 0.50, 0.4962, 0.75, 0.5074, 0.25, 0.75, 0.0, 0.0, 500, 500, 0.0, 0.0, 0.98, 1.06, 0.94, 1.00, 1.01
2017-07-04, 0.50, 0.4988, 0.75, 0.5167, 0.25, 0.75, 0.0, 0.0, 500, 500, 0.0, 0.0, 0.96, 1.05, 0.93, 0.98, 1.01
2017-07-03, 0.50, Bank holiday, 0.75, Bank holiday, 0.25, 0.75, Bank holiday, Bank holiday, Bank holiday, Bank holiday, Bank holiday, Bank holiday, Bank holiday, Bank holiday, Bank holiday, Bank holiday, Bank holiday
2017-06-30, 0.50, 0.4970, 0.75, 0.5338, 0.25, 0.75, 0.0, 0.0, 500, 500, 0.0, 0.0, 0.93, 1.01, 0.88, 0.94, 0.98
2017-06-29, 0.50, 0.4974, 0.75, 0.5214, 0.25, 0.75, 1400.0, 0.0, 500, 1238, 0.0, 0.0, 0.90, 0.98, 0.87, 0.93, 0.96
2017-06-28, 0.50, 0.4951, 0.75, 0.5000, 0.25, 0.75, 0.0, 0.0, 500, 500, 0.0, 0.0, 0.89, 0.97, 0.84, 0.91, 0.96
2017-06-27, 0.50, 0.4964, 0.75, 0.5000, 0.25, 0.75, 0.0, 0.0, 500, 500, 0.0, 0.0, 0.82, 0.91, 0.79, 0.84, 0.88
2017-06-26, 0.50, 0.4941, 0.75, 0.4961, 0.25, 0.75, 0.0, 0.0, 500, 500, 0.0, 0.0, 0.82, 0.91, 0.79, 0.84, 0.88
2017-06-23, 0.50, 0.4923, 0.75, 0.4811, 0.25, 0.75, 0.0, 0.0, 500, 500, 0.0, 0.0, 0.79, 0.88, 0.75, 0.79, 0.84
2017-06-22, 0.50, 0.4959, 0.75, 0.4894, 0.25, 0.75, 0.0, 0.0, 500, 500, 2000.0, 0.0, 0.77, 0.87, 0.73, 0.76, 0.83
2017-06-21, 0.50, 0.4946, 0.75, 0.4983, 0.25, 0.75, 0.0, 0.0, 500, 500, 0.0, 0.0, 0.78, 0.85, 0.73, 0.76, 0.83
2017-06-20, 0.50, 0.4956, 0.75, 0.4982, 0.25, 0.75, 0.0, 0.0, 500, 500, 0.0, 0.0, 0.76, 0.85, 0.73, 0.76, 0.82
2017-06-19, 0.50, 0.4973, 0.75, 0.5000, 0.25, 0.75, 0.0, 0.0, 500, 500, 0.0, 0.0, 0.75, 0.82, 0.72, 0.77, 0.80
2017-06-16, 0.50, 0.4916, 0.75, 0.4851, 0.25, 0.75, 0.0, 0.0, 500, 500, 0.0, 0.0, 0.75, 0.82, 0.72, 0.76, 0.79
2017-06-15, 0.50, 0.4916, 0.75, 0.4871, 0.25, 0.75, 0.0, 0.0, 500, 500, 0.0, 0.0, 0.75, 0.82, 0.72, 0.76, 0.79
2017-06-14, 0.50, 0.4923, 0.75, 0.4800, 0.25, 0.75, 0.0, 0.0, 500, 500, 0.0, 0.0, 0.75, 0.82, 0.72, 0.76, 0.79
2017-06-13, 0.50, 0.4946, 0.75, 0.4702, 0.25, 0.75, 0.0, 0.0, 500, 500, 0.0, 0.0, 0.73, 0.82, 0.72, 0.76, 0.79
2017-06-12, 0.50, 0.4898, 0.75, 0.4750, 0.25, 0.75, 0.0, 0.0, 500, 500, 0.0, 0.0, 0.74, 0.81, 0.72, 0.76, 0.79
2017-06-09, 0.50, 0.4927, 0.75, 0.4757, 0.25, 0.75, 0.0, 0.0, 500, 500, 0.0, 0.0, 0.74, 0.81, 0.72, 0.76, 0.79
2017-06-08, 0.50, 0.4910, 0.75, 0.4782, 0.25, 0.75, 0.0, 0.0, 500, 500, 3000.0, 0.0, 0.74, 0.81, 0.72, 0.76, 0.79
2017-06-07, 0.50, 0.4898, 0.75, 0.4690, 0.25, 0.75, 0.0, 0.0, 500, 500, 0.0, 0.0, 0.74, 0.81, 0.72, 0.76, 0.79
2017-06-06, 0.50, 0.4900, 0.75, 0.4725, 0.25, 0.75, 0.0, 0.0, 500, 500, 0.0, 0.0, 0.74, 0.81, 0.72, 0.76, 0.79
2017-06-05, 0.50, 0.4956, 0.75, 0.4942, 0.25, 0.75, 0.0, 0.0, 500, 500, 0.0, 0.0, 0.75, 0.81, 0.74, 0.76, 0.78
2017-06-02, 0.50, 0.4969, 0.75, 0.5313, 0.25, 0.75, 1500.0, 0.0, 500, 1490, 0.0, 0.0, 0.75, 0.81, 0.74, 0.76, 0.78
2017-06-01, 0.50, 0.4987, 0.75, 0.5205, 0.25, 0.75, 1500.0, 0.0, 500, 847, 0.0, 0.0, 0.75, 0.81, 0.74, 0.76, 0.78
2017-05-31, 0.50, 0.4780, 0.75, 0.4910, 0.25, 0.75, 0.0, 0.0, 500, 500, 0.0, 0.0, 0.75, 0.81, 0.74, 0.76, 0.78
2017-05-30, 0.50, 0.4878, 0.75, 0.4919, 0.25, 0.75, 0.0, 0.0, 500, 500, 0.0, 0.0, 0.75, 0.81, 0.74, 0.76, 0.78
2017-05-29, 0.50, 0.4891, 0.75, 0.4800, 0.25, 0.75, 0.0, 0.0, 500, 500, 0.0, 0.0, 0.75, 0.81, 0.74, 0.76, 0.78
2017-05-26, 0.50, 0.4909, 0.75, 0.4813, 0.25, 0.75, 0.0, 0.0, 500, 500, 2000.0, 0.0, 0.75, 0.82, 0.74, 0.76, 0.78
2017-05-25, 0.50, 0.4926, 0.75, 0.4866, 0.25, 0.75, 0.0, 0.0, 500, 500, 0.0, 0.0, 0.75, 0.81, 0.74, 0.76, 0.78
2017-05-24, 0.50, 0.4904, 0.75, 0.4700, 0.25, 0.75, 0.0, 0.0, 500, 500, 0.0, 0.0, 0.75, 0.81, 0.74, 0.76, 0.78
2017-05-23, 0.50, 0.4907, 0.75, 0.5000, 0.25, 0.75, 0.0, 0.0, 500, 500, 0.0, 0.0, 0.76, 0.83, 0.74, 0.76, 0.78
2017-05-22, 0.50, Bank holiday, 0.75, Bank holiday, 0.25, 0.75, Bank holiday, Bank holiday, Bank holiday, Bank holiday, Bank holiday, Bank holiday, Bank holiday, Bank holiday, Bank holiday, Bank holiday, Bank holiday
2017-05-19, 0.50, 0.4903, 0.75, 0.4572, 0.25, 0.75, 0.0, 0.0, 500, 500, 0.0, 0.0, 0.76, 0.83, 0.74, 0.76, 0.78
2017-05-18, 0.50, 0.4896, 0.75, 0.4975, 0.25, 0.75, 0.0, 0.0, 500, 500, 0.0, 0.0, 0.75, 0.83, 0.74, 0.76, 0.78
2017-05-17, 0.50, 0.4921, 0.75, 0.5000, 0.25, 0.75, 0.0, 0.0, 500, 500, 0.0, 0.0, 0.75, 0.83, 0.75, 0.78, 0.80
2017-05-16, 0.50, 0.4815, 0.75, 0.4800, 0.25, 0.75, 0.0, 0.0, 500, 500, 0.0, 0.0, 0.75, 0.83, 0.75, 0.78, 0.80
2017-05-15, 0.50, 0.4934, 0.75, 0.4903, 0.25, 0.75, 0.0, 0.0, 500, 500, 0.0, 0.0, 0.75, 0.83, 0.75, 0.78, 0.80
2017-05-12, 0.50, 0.4966, 0.75, 0.4861, 0.25, 0.75, 0.0, 0.0, 500, 500, 0.0, 0.0, 0.75, 0.83, 0.75, 0.78, 0.80
2017-05-11, 0.50, 0.4859, 0.75, 0.5000, 0.25, 0.75, 0.0, 0.0, 500, 500, 3000.0, 0.0, 0.74, 0.83, 0.77, 0.80, 0.81
2017-05-10, 0.50, 0.4929, 0.75, 0.4848, 0.25, 0.75, 0.0, 0.0, 500, 500, 0.0, 0.0, 0.74, 0.83, 0.77, 0.80, 0.81
2017-05-09, 0.50, 0.4928, 0.75, 0.4869, 0.25, 0.75, 0.0, 0.0, 500, 500, 0.0, 0.0, 0.77, 0.83, 0.77, 0.80, 0.81
2017-05-08, 0.50, 0.4949, 0.75, 0.4887, 0.25, 0.75, 0.0, 0.0, 500, 500, 0.0, 0.0, 0.78, 0.83, 0.78, 0.80, 0.81
2017-05-05, 0.50, 0.4938, 0.75, 0.4910, 0.25, 0.75, 0.0, 0.0, 500, 500, 0.0, 0.0, 0.77, 0.84, 0.78, 0.80, 0.81
2017-05-04, 0.50, 0.4942, 0.75, 0.4826, 0.25, 0.75, 0.0, 0.0, 500, 500, 0.0, 0.0, 0.78, 0.84, 0.78, 0.80, 0.81
2017-05-03, 0.50, 0.4939, 0.75, 0.4930, 0.25, 0.75, 0.0, 0.0, 500, 500, 0.0, 0.0, 0.78, 0.84, 0.78, 0.81, 0.82
2017-05-02, 0.50, 0.4987, 0.75, 0.5089, 0.25, 0.75, 0.0, 0.0, 500, 500, 0.0, 0.0, 0.79, 0.84, 0.78, 0.81, 0.82
2017-05-01, 0.50, 0.5030, 0.75, 0.5228, 0.25, 0.75, 1500.0, 0.0, 500, 1318, 0.0, 0.0, 0.81, 0.86, 0.80, 0.82, 0.83
2017-04-28, 0.50, 0.4954, 0.75, 0.6076, 0.25, 0.75, 0.0, 0.0, 500, 500, 0.0, 0.0, 0.82, 0.87, 0.80, 0.82, 0.83
2017-04-27, 0.50, 0.4951, 0.75, 0.5064, 0.25, 0.75, 0.0, 0.0, 500, 500, 2000.0, 0.0, 0.82, 0.87, 0.80, 0.82, 0.83
2017-04-26, 0.50, 0.4964, 0.75, 0.4998, 0.25, 0.75, 0.0, 0.0, 500, 500, 0.0, 0.0, 0.83, 0.88, 0.81, 0.83, 0.84
2017-04-25, 0.50, 0.4971, 0.75, 0.5016, 0.25, 0.75, 0.0, 0.0, 500, 500, 0.0, 0.0, 0.83, 0.88, 0.81, 0.83, 0.84
2017-04-24, 0.50, 0.4986, 0.75, 0.5036, 0.25, 0.75, 0.0, 0.0, 500, 500, 0.0, 0.0, 0.83, 0.88, 0.81, 0.83, 0.84
2017-04-21, 0.50, 0.4951, 0.75, 0.4903, 0.25, 0.75, 0.0, 0.0, 500, 500, 0.0, 0.0, 0.83, 0.88, 0.81, 0.83, 0.84
2017-04-20, 0.50, 0.4896, 0.75, 0.4785, 0.25, 0.75, 0.0, 0.0, 500, 500, 0.0, 0.0, 0.83, 0.88, 0.81, 0.83, 0.84
2017-04-19, 0.50, 0.4896, 0.75, 0.4817, 0.25, 0.75, 0.0, 0.0, 500, 500, 0.0, 0.0, 0.84, 0.88, 0.81, 0.83, 0.84
2017-04-18, 0.50, 0.4965, 0.75, 0.4869, 0.25, 0.75, 0.0, 0.0, 500, 500, 0.0, 0.0, 0.84, 0.88, 0.82, 0.83, 0.84
2017-04-17, 0.50, 0.4897, 0.75, 0.4846, 0.25, 0.75, 0.0, 0.0, 500, 603, 3000.0, 0.0, 0.84, 0.88, 0.84, 0.84, 0.85
2017-04-14, 0.50, Bank holiday, 0.75, Bank holiday, 0.25, 0.75, Bank holiday, Bank holiday, Bank holiday, Bank holiday, Bank holiday, Bank holiday, Bank holiday, Bank holiday, Bank holiday, Bank holiday, Bank holiday
2017-04-13, 0.50, 0.4938, 0.75, 0.4978, 0.25, 0.75, 0.0, 0.0, 500, 500, 0.0, 0.0, 0.86, 0.88, 0.84, 0.84, 0.85
2017-04-12, 0.50, 0.4914, 0.75, 0.4846, 0.25, 0.75, 0.0, 0.0, 500, 500, 0.0, 0.0, 0.87, 0.88, 0.84, 0.84, 0.85
2017-04-11, 0.50, 0.4914, 0.75, 0.4842, 0.25, 0.75, 0.0, 0.0, 500, 500, 0.0, 0.0, 0.87, 0.88, 0.84, 0.84, 0.85
2017-04-10, 0.50, 0.5022, 0.75, 0.5072, 0.25, 0.75, 0.0, 0.0, 500, 469, 0.0, 0.0, 0.88, 0.88, 0.84, 0.84, 0.85
2017-04-07, 0.50, 0.4990, 0.75, 0.5152, 0.25, 0.75, 0.0, 0.0, 500, 500, 0.0, 0.0, 0.87, 0.88, 0.84, 0.84, 0.85
2017-04-06, 0.50, 0.5066, 0.75, 0.5187, 0.25, 0.75, 0.0, 0.0, 500, 500, 0.0, 0.0, 0.88, 0.88, 0.84, 0.84, 0.85
2017-04-05, 0.50, 0.5067, 0.75, 0.5183, 0.25, 0.75, 0.0, 0.0, 500, 500, 0.0, 0.0, 0.87, 0.88, 0.84, 0.84, 0.85
2017-04-04, 0.50, 0.5064, 0.75, 0.5354, 0.25, 0.75, 1190.0, 0.0, 500, 825, 0.0, 0.0, 0.87, 0.88, 0.84, 0.84, 0.85
2017-04-03, 0.50, 0.5134, 0.75, 0.5392, 0.25, 0.75, 0.0, 0.0, 500, 517, 0.0, 0.0, 0.87, 0.88, 0.81, 0.82, 0.83
2017-03-31, 0.50, 0.5087, 0.75, 0.5298, 0.25, 0.75, 0.0, 0.0, 500, 500, 0.0, 0.0, 0.85, 0.88, 0.79, 0.80, 0.83
2017-03-30, 0.50, 0.5061, 0.75, 0.5232, 0.25, 0.75, 0.0, 0.0, 500, 500, 2000.0, 0.0, 0.84, 0.88, 0.79, 0.80, 0.83
2017-03-29, 0.50, 0.5014, 0.75, 0.5269, 0.25, 0.75, 0.0, 0.0, 500, 500, 0.0, 0.0, 0.83, 0.88, 0.79, 0.80, 0.83
2017-03-28, 0.50, 0.4996, 0.75, 0.5069, 0.25, 0.75, 0.0, 0.0, 500, 500, 0.0, 0.0, 0.83, 0.88, 0.79, 0.80, 0.83
2017-03-27, 0.50, 0.5001, 0.75, 0.5075, 0.25, 0.75, 0.0, 0.0, 500, 500, 0.0, 0.0, 0.82, 0.88, 0.79, 0.80, 0.83
2017-03-24, 0.50, 0.5029, 0.75, 0.5163, 0.25, 0.75, 0.0, 0.0, 500, 500, 0.0, 0.0, 0.82, 0.88, 0.81, 0.82, 0.85
2017-03-23, 0.50, 0.4924, 0.75, 0.5060, 0.25, 0.75, 0.0, 0.0, 500, 500, 0.0, 0.0, 0.82, 0.88, 0.81, 0.82, 0.85
2017-03-22, 0.50, 0.4898, 0.75, 0.4839, 0.25, 0.75, 0.0, 0.0, 500, 500, 0.0, 0.0, 0.82, 0.88, 0.81, 0.82, 0.85
2017-03-21, 0.50, 0.4980, 0.75, 0.4987, 0.25, 0.75, 0.0, 0.0, 500, 500, 0.0, 0.0, 0.82, 0.88, 0.81, 0.82, 0.85
2017-03-20, 0.50, 0.4988, 0.75, 0.5000, 0.25, 0.75, 0.0, 0.0, 500, 500, 0.0, 0.0, 0.82, 0.88, 0.81, 0.82, 0.85
2017-03-17, 0.50, 0.4920, 0.75, 0.4627, 0.25, 0.75, 0.0, 0.0, 500, 500, 0.0, 0.0, 0.82, 0.88, 0.81, 0.82, 0.85
2017-03-16, 0.50, 0.4908, 0.75, 0.4773, 0.25, 0.75, 0.0, 0.0, 500, 500, 3000.0, 0.0, 0.82, 0.88, 0.81, 0.82, 0.85
2017-03-15, 0.50, 0.4862, 0.75, 0.4776, 0.25, 0.75, 0.0, 0.0, 500, 500, 0.0, 0.0, 0.82, 0.88, 0.81, 0.82, 0.85
2017-03-14, 0.50, 0.4951, 0.75, 0.4951, 0.25, 0.75, 0.0, 0.0, 500, 500, 0.0, 0.0, 0.82, 0.88, 0.81, 0.82, 0.85
2017-03-13, 0.50, 0.4832, 0.75, 0.4552, 0.25, 0.75, 0.0, 0.0, 500, 500, 0.0, 0.0, 0.82, 0.88, 0.81, 0.82, 0.85
2017-03-10, 0.50, 0.4865, 0.75, 0.4585, 0.25, 0.75, 0.0, 0.0, 500, 500, 0.0, 0.0, 0.82, 0.88, 0.81, 0.82, 0.85
2017-03-09, 0.50, 0.4950, 0.75, 0.5000, 0.25, 0.75, 0.0, 0.0, 500, 500, 0.0, 0.0, 0.82, 0.88, 0.81, 0.82, 0.85
2017-03-08, 0.50, 0.4957, 0.75, 0.4902, 0.25, 0.75, 0.0, 0.0, 500, 500, 0.0, 0.0, 0.83, 0.88, 0.81, 0.82, 0.85
2017-03-07, 0.50, 0.4927, 0.75, 0.5000, 0.25, 0.75, 0.0, 0.0, 500, 500, 0.0, 0.0, 0.83, 0.88, 0.81, 0.82, 0.85
2017-03-06, 0.50, 0.4920, 0.75, 0.4829, 0.25, 0.75, 0.0, 0.0, 500, 500, 0.0, 0.0, 0.84, 0.88, 0.81, 0.82, 0.85
2017-03-03, 0.50, 0.4884, 0.75, 0.4790, 0.25, 0.75, 0.0, 0.0, 500, 500, 2000.0, 0.0, 0.84, 0.88, 0.81, 0.82, 0.85
2017-03-02, 0.50, 0.4953, 0.75, 0.4987, 0.25, 0.75, 0.0, 0.0, 500, 500, 0.0, 0.0, 0.84, 0.88, 0.81, 0.82, 0.85
2017-03-01, 0.50, 0.4953, 0.75, 0.4985, 0.25, 0.75, 0.0, 0.0, 500, 500, 0.0, 0.0, 0.84, 0.88, 0.81, 0.82, 0.85
2017-02-28, 0.50, 0.4844, 0.75, 0.5003, 0.25, 0.75, 0.0, 0.0, 500, 500, 0.0, 0.0, 0.85, 0.88, 0.81, 0.82, 0.85
2017-02-27, 0.50, 0.4979, 0.75, 0.5027, 0.25, 0.75, 0.0, 0.0, 500, 500, 0.0, 0.0, 0.85, 0.89, 0.81, 0.82, 0.85
2017-02-24, 0.50, 0.4958, 0.75, 0.4965, 0.25, 0.75, 0.0, 0.0, 500, 500, 0.0, 0.0, 0.85, 0.89, 0.86, 0.87, 0.88
2017-02-23, 0.50, 0.4978, 0.75, 0.4944, 0.25, 0.75, 0.0, 0.0, 500, 500, 0.0, 0.0, 0.86, 0.89, 0.86, 0.87, 0.88
2017-02-22, 0.50, 0.4956, 0.75, 0.4910, 0.25, 0.75, 0.0, 0.0, 500, 500, 0.0, 0.0, 0.86, 0.89, 0.86, 0.87, 0.88
2017-02-21, 0.50, 0.4970, 0.75, 0.4910, 0.25, 0.75, 0.0, 0.0, 500, 500, 0.0, 0.0, 0.86, 0.89, 0.86, 0.87, 0.88
2017-02-20, 0.50, Bank holiday, 0.75, Bank holiday, 0.25, 0.75, Bank holiday, Bank holiday, 500, 500, Bank holiday, Bank holiday, Bank holiday, Bank holiday, Bank holiday, Bank holiday, Bank holiday
2017-02-17, 0.50, 0.4872, 0.75, 0.4899, 0.25, 0.75, 0.0, 0.0, 500, -558, 0.0, 0.0, 0.87, 0.89, 0.86, 0.87, 0.88
2017-02-16, 0.50, 0.4795, 0.75, 0.4824, 0.25, 0.75, 0.0, 0.0, 500, 500, 3000.0, 0.0, 0.87, 0.89, 0.86, 0.87, 0.88
2017-02-15, 0.50, 0.4899, 0.75, 0.4720, 0.25, 0.75, 0.0, 0.0, 500, 500, 0.0, 0.0, 0.87, 0.89, 0.86, 0.87, 0.88
2017-02-14, 0.50, 0.4977, 0.75, 0.4891, 0.25, 0.75, 0.0, 0.0, 500, 500, 0.0, 0.0, 0.88, 0.89, 0.86, 0.87, 0.88
2017-02-13, 0.50, 0.4956, 0.75, 0.4984, 0.25, 0.75, 0.0, 0.0, 500, 500, 0.0, 0.0, 0.88, 0.90, 0.86, 0.87, 0.88
2017-02-10, 0.50, 0.4937, 0.75, 0.4811, 0.25, 0.75, 0.0, 0.0, 500, 500, 0.0, 0.0, 0.87, 0.90, 0.86, 0.87, 0.88
2017-02-09, 0.50, 0.4914, 0.75, 0.4922, 0.25, 0.75, 0.0, 0.0, 500, 500, 0.0, 0.0, 0.87, 0.89, 0.86, 0.87, 0.88
2017-02-08, 0.50, 0.4907, 0.75, 0.4500, 0.25, 0.75, 0.0, 0.0, 500, 500, 0.0, 0.0, 0.88, 0.89, 0.86, 0.87, 0.88
2017-02-07, 0.50, 0.4923, 0.75, 0.4986, 0.25, 0.75, 0.0, 0.0, 500, 500, 0.0, 0.0, 0.89, 0.90, 0.86, 0.87, 0.88
2017-02-06, 0.50, 0.4842, 0.75, 0.4807, 0.25, 0.75, 0.0, 0.0, 500, 500, 0.0, 0.0, 0.89, 0.91, 0.86, 0.87, 0.88
2017-02-03, 0.50, 0.4803, 0.75, 0.4782, 0.25, 0.75, 0.0, 1300.0, 500, 500, 0.0, 0.0, 0.89, 0.91, 0.86, 0.87, 0.88
2017-02-02, 0.50, 0.4909, 0.75, 0.4936, 0.25, 0.75, 0.0, 0.0, 500, 500, 2000.0, 0.0, 0.89, 0.91, 0.86, 0.87, 0.88
2017-02-01, 0.50, 0.4954, 0.75, 0.5166, 0.25, 0.75, 0.0, 0.0, 500, 500, 0.0, 0.0, 0.89, 0.91, 0.86, 0.87, 0.88
2017-01-31, 0.50, 0.4932, 0.75, 0.4991, 0.25, 0.75, 0.0, 0.0, 500, 500, 0.0, 0.0, 0.90, 0.91, 0.86, 0.87, 0.88
2017-01-30, 0.50, 0.4784, 0.75, 0.4873, 0.25, 0.75, 0.0, 0.0, 500, 500, 0.0, 0.0, 0.89, 0.91, 0.86, 0.87, 0.88
2017-01-27, 0.50, 0.4936, 0.75, 0.4979, 0.25, 0.75, 0.0, 0.0, 500, 500, 0.0, 0.0, 0.89, 0.91, 0.86, 0.87, 0.88
2017-01-26, 0.50, 0.4939, 0.75, 0.4998, 0.25, 0.75, 0.0, 0.0, 500, 500, 0.0, 0.0, 0.89, 0.91, 0.86, 0.87, 0.88
2017-01-25, 0.50, 0.4910, 0.75, 0.4996, 0.25, 0.75, 0.0, 0.0, 500, 500, 0.0, 0.0, 0.89, 0.91, 0.86, 0.87, 0.88
2017-01-24, 0.50, 0.4842, 0.75, 0.5000, 0.25, 0.75, 0.0, 0.0, 500, 500, 0.0, 0.0, 0.90, 0.91, 0.86, 0.87, 0.88
2017-01-23, 0.50, 0.4845, 0.75, 0.4869, 0.25, 0.75, 0.0, 0.0, 500, 500, 0.0, 0.0, 0.90, 0.91, 0.86, 0.87, 0.88
2017-01-20, 0.50, 0.4900, 0.75, 0.4971, 0.25, 0.75, 0.0, 0.0, 500, 500, 3000.0, 0.0, 0.90, 0.91, 0.86, 0.87, 0.88
2017-01-19, 0.50, 0.4896, 0.75, 0.4850, 0.25, 0.75, 0.0, 0.0, 500, 500, 0.0, 0.0, 0.90, 0.91, 0.86, 0.87, 0.88
2017-01-18, 0.50, 0.4831, 0.75, 0.4978, 0.25, 0.75, 0.0, 0.0, 500, 500, 0.0, 0.0, 0.90, 0.91, 0.86, 0.87, 0.88
2017-01-17, 0.50, 0.4866, 0.75, 0.4980, 0.25, 0.75, 0.0, 0.0, 500, 500, 0.0, 0.0, 0.90, 0.91, 0.86, 0.87, 0.88
2017-01-16, 0.50, 0.4932, 0.75, 0.4992, 0.25, 0.75, 0.0, 0.0, 500, 500, 0.0, 0.0, 0.89, 0.91, 0.86, 0.87, 0.88
2017-01-13, 0.50, 0.4943, 0.75, 0.4949, 0.25, 0.75, 0.0, 0.0, 500, 500, 0.0, 0.0, 0.89, 0.91, 0.86, 0.87, 0.88
2017-01-12, 0.50, 0.4934, 0.75, 0.5000, 0.25, 0.75, 0.0, 0.0, 500, 500, 0.0, 0.0, 0.89, 0.91, 0.86, 0.87, 0.88
2017-01-11, 0.50, 0.4918, 0.75, 0.4866, 0.25, 0.75, 0.0, 0.0, 500, 500, 0.0, 0.0, 0.90, 0.90, 0.86, 0.87, 0.88
2017-01-10, 0.50, 0.4869, 0.75, 0.4977, 0.25, 0.75, 0.0, 1500.0, 500, 500, 0.0, 0.0, 0.90, 0.90, 0.86, 0.87, 0.88
2017-01-09, 0.50, 0.4948, 0.75, 0.4970, 0.25, 0.75, 0.0, 0.0, 500, 500, 0.0, 0.0, 0.89, 0.90, 0.85, 0.86, 0.87
2017-01-06, 0.50, 0.4981, 0.75, 0.5158, 0.25, 0.75, 0.0, 0.0, 500, 500, 0.0, 0.0, 0.89, 0.90, 0.85, 0.86, 0.87
2017-01-05, 0.50, 0.5007, 0.75, 0.5213, 0.25, 0.75, 0.0, 0.0, 500, 500, 2000.0, 0.0, 0.89, 0.90, 0.81, 0.82, 0.82
2017-01-04, 0.50, 0.5002, 0.75, 0.5284, 0.25, 0.75, 0.0, 0.0, 500, 402, 0.0, 0.0, 0.89, 0.90, 0.84, 0.84, 0.84
2017-01-03, 0.50, 0.4931, 0.75, 0.5424, 0.25, 0.75, 1500.0, 0.0, 500, 848, 0.0, 0.0, 0.88, 0.90, 0.84, 0.84, 0.84
2017-01-02, 0.50, Bank holiday, 0.75, Bank holiday, 0.25, 0.75, Bank holiday, Bank holiday, Bank holiday, Bank holiday, Bank holiday, Bank holiday, Bank holiday, Bank holiday, Bank holiday, Bank holiday, Bank holiday
2016-12-30, 0.50, 0.4914, 0.75, 0.4930, 0.25, 0.75, 0.0, 1500.0, 500, 500, 0.0, 0.0, 0.89, 0.89, 0.84, 0.84, 0.84
2016-12-29, 0.50, 0.4972, 0.75, 0.5133, 0.25, 0.75, 0.0, 0.0, 500, 500, 0.0, 0.0, 0.89, 0.89, 0.84, 0.84, 0.84
2016-12-28, 0.50, 0.4973, 0.75, 0.5111, 0.25, 0.75, 0.0, 0.0, 500, 500, 0.0, 0.0, 0.89, 0.89, 0.84, 0.84, 0.84
2016-12-27, 0.50, Bank holiday, 0.75, Bank holiday, 0.25, 0.75, Bank holiday, Bank holiday, Bank holiday, Bank holiday, Bank holiday, Bank holiday, Bank holiday, Bank holiday, Bank holiday, Bank holiday, Bank holiday
2016-12-26, 0.50, Bank holiday, 0.75, Bank holiday, 0.25, 0.75, Bank holiday, Bank holiday, Bank holiday, Bank holiday, Bank holiday, Bank holiday, Bank holiday, Bank holiday, Bank holiday, Bank holiday, Bank holiday
2016-12-23, 0.50, 0.4926, 0.75, 0.4960, 0.25, 0.75, 0.0, 0.0, 500, 500, 0.0, 0.0, 0.88, 0.88, 0.82, 0.82, 0.82
2016-12-22, 0.50, 0.4949, 0.75, 0.4902, 0.25, 0.75, 0.0, 0.0, 500, 500, 3000.0, 0.0, 0.87, 0.87, 0.82, 0.82, 0.82
2016-12-21, 0.50, 0.4949, 0.75, 0.5007, 0.25, 0.75, 0.0, 0.0, 500, 500, 0.0, 0.0, 0.87, 0.87, 0.82, 0.82, 0.82
2016-12-20, 0.50, 0.4948, 0.75, 0.5010, 0.25, 0.75, 0.0, 0.0, 500, 500, 0.0, 0.0, 0.87, 0.87, 0.82, 0.82, 0.82
2016-12-19, 0.50, 0.4938, 0.75, 0.4956, 0.25, 0.75, 0.0, 0.0, 500, 500, 1300.0, 0.0, 0.87, 0.87, 0.82, 0.82, 0.82
2016-12-16, 0.50, 0.4960, 0.75, 0.5000, 0.25, 0.75, 0.0, 0.0, 500, 500, 0.0, 0.0, 0.87, 0.87, 0.82, 0.82, 0.82
2016-12-15, 0.50, 0.5038, 0.75, 0.5330, 0.25, 0.75, 1500.0, 0.0, 500, 1327, 0.0, 0.0, 0.86, 0.86, 0.81, 0.82, 0.82
2016-12-14, 0.50, 0.4964, 0.75, 0.5029, 0.25, 0.75, 0.0, 0.0, 500, 500, 0.0, 0.0, 0.87, 0.86, 0.81, 0.82, 0.82
2016-12-13, 0.50, 0.4963, 0.75, 0.4910, 0.25, 0.75, 0.0, 0.0, 500, 500, 0.0, 0.0, 0.84, 0.86, 0.81, 0.82, 0.82
2016-12-12, 0.50, 0.4962, 0.75, 0.4851, 0.25, 0.75, 0.0, 0.0, 500, 500, 0.0, 0.0, 0.84, 0.85, 0.81, 0.82, 0.82
2016-12-09, 0.50, 0.4960, 0.75, 0.4925, 0.25, 0.75, 0.0, 0.0, 500, 500, 2000.0, 0.0, 0.82, 0.85, 0.81, 0.82, 0.82
2016-12-08, 0.50, 0.4964, 0.75, 0.5018, 0.25, 0.75, 0.0, 0.0, 500, 500, 0.0, 0.0, 0.82, 0.85, 0.81, 0.82, 0.82
2016-12-07, 0.50, 0.4964, 0.75, 0.5000, 0.25, 0.75, 0.0, 0.0, 500, 500, 0.0, 0.0, 0.82, 0.84, 0.81, 0.82, 0.82
2016-12-06, 0.50, 0.4964, 0.75, 0.5008, 0.25, 0.75, 0.0, 0.0, 500, 500, 0.0, 0.0, 0.82, 0.84, 0.81, 0.82, 0.82
2016-12-05, 0.50, 0.4955, 0.75, 0.5038, 0.25, 0.75, 0.0, 0.0, 500, 500, 0.0, 0.0, 0.81, 0.83, 0.81, 0.82, 0.82
2016-12-02, 0.50, 0.4767, 0.75, 0.4800, 0.25, 0.75, 0.0, 0.0, 500, 592, 0.0, 0.0, 0.81, 0.83, 0.81, 0.82, 0.82
2016-12-01, 0.50, 0.5055, 0.75, 0.5094, 0.25, 0.75, 1500.0, 0.0, 500, 913, 0.0, 63.0, 0.80, 0.83, 0.81, 0.82, 0.82
2016-11-30, 0.50, 0.4853, 0.75, 0.4507, 0.25, 0.75, 0.0, 0.0, 500, 489, 0.0, 0.0, 0.80, 0.83, 0.81, 0.82, 0.82
2016-11-29, 0.50, 0.4751, 0.75, 0.4709, 0.25, 0.75, 0.0, 0.0, 500, 500, 0.0, 0.0, 0.80, 0.83, 0.81, 0.82, 0.82
2016-11-28, 0.50, 0.4890, 0.75, 0.4918, 0.25, 0.75, 0.0, 0.0, 500, 500, 0.0, 0.0, 0.80, 0.83, 0.81, 0.82, 0.82
2016-11-25, 0.50, 0.4942, 0.75, 0.4841, 0.25, 0.75, 0.0, 0.0, 500, 500, 0.0, 0.0, 0.80, 0.83, 0.81, 0.82, 0.82
2016-11-24, 0.50, 0.4929, 0.75, 0.4966, 0.25, 0.75, 0.0, 0.0, 500, 500, 3000.0, 0.0, 0.80, 0.83, 0.81, 0.82, 0.82
2016-11-23, 0.50, 0.4896, 0.75, 0.4838, 0.25, 0.75, 0.0, 0.0, 500, 500, 0.0, 0.0, 0.80, 0.83, 0.81, 0.82, 0.82
2016-11-22, 0.50, 0.4936, 0.75, 0.4982, 0.25, 0.75, 0.0, 0.0, 500, 500, 0.0, 0.0, 0.80, 0.83, 0.81, 0.82, 0.82
2016-11-21, 0.50, 0.4946, 0.75, 0.4970, 0.25, 0.75, 0.0, 0.0, 500, 500, 0.0, 0.0, 0.80, 0.83, 0.81, 0.82, 0.82
2016-11-18, 0.50, 0.4925, 0.75, 0.4929, 0.25, 0.75, 0.0, 0.0, 500, 500, 0.0, 0.0, 0.81, 0.83, 0.81, 0.82, 0.82
2016-11-17, 0.50, 0.4862, 0.75, 0.4890, 0.25, 0.75, 0.0, 0.0, 500, 500, 0.0, 0.0, 0.81, 0.83, 0.81, 0.82, 0.82
2016-11-16, 0.50, 0.4881, 0.75, 0.4852, 0.25, 0.75, 0.0, 0.0, 500, 500, 0.0, 0.0, 0.81, 0.83, 0.81, 0.82, 0.82
2016-11-15, 0.50, 0.4940, 0.75, 0.4981, 0.25, 0.75, 0.0, 0.0, 500, 500, 0.0, 0.0, 0.80, 0.83, 0.81, 0.82, 0.82
2016-11-14, 0.50, 0.4886, 0.75, 0.4824, 0.25, 0.75, 0.0, 0.0, 500, 500, 0.0, 0.0, 0.80, 0.83, 0.81, 0.82, 0.82
2016-11-11, 0.50, Bank holiday, 0.75, Bank holiday, 0.25, 0.75, Bank holiday, Bank holiday, Bank holiday, Bank holiday, Bank holiday, Bank holiday, Bank holiday, Bank holiday, Bank holiday, Bank holiday, Bank holiday
2016-11-10, 0.50, 0.4764, 0.75, 0.4948, 0.25, 0.75, 0.0, 0.0, 500, 500, 2000.0, 0.0, 0.80, 0.83, 0.81, 0.82, 0.82
2016-11-09, 0.50, 0.4962, 0.75, 0.5041, 0.25, 0.75, 0.0, 0.0, 500, 500, 0.0, 0.0, 0.80, 0.83, 0.81, 0.82, 0.82
2016-11-08, 0.50, 0.4961, 0.75, 0.5051, 0.25, 0.75, 0.0, 0.0, 500, 500, 0.0, 0.0, 0.80, 0.83, 0.81, 0.82, 0.82
2016-11-07, 0.50, 0.4975, 0.75, 0.5079, 0.25, 0.75, 0.0, 0.0, 500, 500, 0.0, 0.0, 0.80, 0.83, 0.81, 0.82, 0.82
2016-11-04, 0.50, 0.4966, 0.75, 0.5076, 0.25, 0.75, 0.0, 0.0, 500, 500, 0.0, 0.0, 0.80, 0.83, 0.81, 0.82, 0.82
2016-11-03, 0.50, 0.4970, 0.75, 0.5045, 0.25, 0.75, 0.0, 0.0, 500, 500, 0.0, 0.0, 0.79, 0.83, 0.81, 0.82, 0.82
2016-11-02, 0.50, 0.5000, 0.75, 0.5171, 0.25, 0.75, 0.0, 0.0, 500, 387, 0.0, 0.0, 0.81, 0.84, 0.81, 0.82, 0.82
2016-11-01, 0.50, 0.4992, 0.75, 0.5266, 0.25, 0.75, 0.0, 0.0, 500, 500, 0.0, 0.0, 0.81, 0.84, 0.81, 0.82, 0.82
2016-10-31, 0.50, 0.4944, 0.75, 0.5217, 0.25, 0.75, 0.0, 0.0, 500, 500, 0.0, 0.0, 0.81, 0.84, 0.81, 0.82, 0.82
2016-10-28, 0.50, 0.4934, 0.75, 0.4816, 0.25, 0.75, 0.0, 0.0, 500, 500, 0.0, 0.0, 0.81, 0.84, 0.81, 0.82, 0.82
2016-10-27, 0.50, 0.4809, 0.75, 0.4890, 0.25, 0.75, 0.0, 0.0, 500, 500, 3000.0, 0.0, 0.81, 0.84, 0.81, 0.82, 0.82
2016-10-26, 0.50, 0.4667, 0.75, 0.4669, 0.25, 0.75, 0.0, 0.0, 500, 500, 0.0, 0.0, 0.81, 0.84, 0.81, 0.82, 0.82
2016-10-25, 0.50, 0.4925, 0.75, 0.4659, 0.25, 0.75, 0.0, 0.0, 500, 500, 0.0, 0.0, 0.81, 0.84, 0.81, 0.82, 0.82
2016-10-24, 0.50, 0.4870, 0.75, 0.4620, 0.25, 0.75, 0.0, 0.0, 500, 500, 0.0, 0.0, 0.81, 0.84, 0.81, 0.82, 0.82
2016-10-21, 0.50, 0.4948, 0.75, 0.4816, 0.25, 0.75, 0.0, 0.0, 500, 500, 0.0, 0.0, 0.81, 0.84, 0.81, 0.82, 0.82
2016-10-20, 0.50, 0.4874, 0.75, 0.4815, 0.25, 0.75, 0.0, 0.0, 500, 500, 0.0, 0.0, 0.81, 0.86, 0.81, 0.82, 0.82
2016-10-19, 0.50, 0.4959, 0.75, 0.4942, 0.25, 0.75, 0.0, 0.0, 500, 500, 0.0, 0.0, 0.82, 0.86, 0.81, 0.82, 0.82
2016-10-18, 0.50, 0.4812, 0.75, 0.5095, 0.25, 0.75, 0.0, 0.0, 500, 500, 0.0, 0.0, 0.83, 0.86, 0.81, 0.82, 0.82
2016-10-17, 0.50, 0.4962, 0.75, 0.5148, 0.25, 0.75, 0.0, 0.0, 500, 500, 0.0, 0.0, 0.83, 0.86, 0.81, 0.82, 0.82
2016-10-14, 0.50, 0.4922, 0.75, 0.4899, 0.25, 0.75, 0.0, 0.0, 500, 500, 0.0, 0.0, 0.82, 0.85, 0.81, 0.82, 0.82
2016-10-13, 0.50, 0.4931, 0.75, 0.4984, 0.25, 0.75, 0.0, 0.0, 500, 500, 2000.0, 0.0, 0.81, 0.85, 0.80, 0.80, 0.81
2016-10-12, 0.50, 0.4974, 0.75, 0.4897, 0.25, 0.75, 0.0, 0.0, 500, 500, 0.0, 0.0, 0.81, 0.85, 0.80, 0.80, 0.81
2016-10-11, 0.50, 0.5010, 0.75, 0.5047, 0.25, 0.75, 0.0, 0.0, 500, 500, 0.0, 0.0, 0.81, 0.83, 0.80, 0.80, 0.81
2016-10-10, 0.50, Bank holiday, 0.75, Bank holiday, 0.25, 0.75, 0.0, 0.0, Bank holiday, Bank holiday, 0.0, 0.0, Bank holiday, Bank holiday, Bank holiday, Bank holiday, Bank holiday
2016-10-07, 0.50, 0.5015, 0.75, 0.5094, 0.25, 0.75, 0.0, 0.0, 500, 500, 0.0, 0.0, 0.81, 0.83, 0.80, 0.80, 0.81
2016-10-06, 0.50, 0.5014, 0.75, 0.5220, 0.25, 0.75, 0.0, 0.0, 500, 500, 0.0, 0.0, 0.80, 0.83, 0.80, 0.80, 0.81
2016-10-05, 0.50, 0.5014, 0.75, 0.5095, 0.25, 0.75, 0.0, 0.0, 500, 500, 0.0, 0.0, 0.80, 0.82, 0.80, 0.80, 0.81
2016-10-04, 0.50, 0.5025, 0.75, 0.5181, 0.25, 0.75, 0.0, 0.0, 500, 500, 0.0, 0.0, 0.80, 0.82, 0.80, 0.80, 0.81
2016-10-03, 0.50, 0.4994, 0.75, 0.5172, 0.25, 0.75, 0.0, 0.0, 500, 500, 0.0, 0.0, 0.80, 0.82, 0.80, 0.80, 0.81
2016-09-30, 0.50, 0.5102, 0.75, 0.5400, 0.25, 0.75, 1500.0, 0.0, 500, 1887, 0.0, 225.0, 0.80, 0.82, 0.80, 0.80, 0.81
2016-09-29, 0.50, 0.5005, 0.75, 0.5228, 0.25, 0.75, 0.0, 0.0, 500, 500, 3000.0, 0.0, 0.80, 0.82, 0.80, 0.80, 0.81
2016-09-28, 0.50, 0.4979, 0.75, 0.5006, 0.25, 0.75, 0.0, 0.0, 500, 500, 0.0, 0.0, 0.80, 0.82, 0.80, 0.80, 0.81
2016-09-27, 0.50, 0.4962, 0.75, 0.5035, 0.25, 0.75, 0.0, 0.0, 500, 500, 0.0, 100.0, 0.80, 0.82, 0.80, 0.80, 0.81
2016-09-26, 0.50, 0.4971, 0.75, 0.4998, 0.25, 0.75, 0.0, 0.0, 500, 500, 0.0, 0.0, 0.80, 0.82, 0.80, 0.80, 0.81
2016-09-23, 0.50, 0.4968, 0.75, 0.5013, 0.25, 0.75, 0.0, 0.0, 500, 427, 0.0, 0.0, 0.79, 0.82, 0.80, 0.80, 0.81
2016-09-22, 0.50, 0.4967, 0.75, 0.5027, 0.25, 0.75, 0.0, 0.0, 500, 500, 0.0, 0.0, 0.80, 0.82, 0.80, 0.80, 0.81
2016-09-21, 0.50, 0.4968, 0.75, 0.4916, 0.25, 0.75, 0.0, 0.0, 500, 257, 0.0, 0.0, 0.81, 0.82, 0.80, 0.80, 0.81
2016-09-20, 0.50, 0.4968, 0.75, 0.5008, 0.25, 0.75, 0.0, 0.0, 500, 500, 0.0, 0.0, 0.81, 0.82, 0.80, 0.80, 0.81
2016-09-19, 0.50, 0.4932, 0.75, 0.4964, 0.25, 0.75, 0.0, 0.0, 500, 500, 0.0, 0.0, 0.81, 0.82, 0.80, 0.80, 0.81
2016-09-16, 0.50, 0.4967, 0.75, 0.4967, 0.25, 0.75, 0.0, 0.0, 500, 500, 0.0, 0.0, 0.81, 0.82, 0.80, 0.80, 0.81
2016-09-15, 0.50, 0.4985, 0.75, 0.4982, 0.25, 0.75, 0.0, 0.0, 500, 500, 2000.0, 0.0, 0.81, 0.82, 0.80, 0.80, 0.81
2016-09-14, 0.50, 0.4994, 0.75, 0.5082, 0.25, 0.75, 0.0, 0.0, 500, 500, 0.0, 55.0, 0.81, 0.81, 0.80, 0.80, 0.81
2016-09-13, 0.50, 0.4991, 0.75, 0.5099, 0.25, 0.75, 0.0, 0.0, 500, 429, 0.0, 0.0, 0.81, 0.81, 0.80, 0.80, 0.81
2016-09-12, 0.50, 0.4978, 0.75, 0.5081, 0.25, 0.75, 0.0, 0.0, 500, 500, 0.0, 0.0, 0.81, 0.81, 0.80, 0.80, 0.81
2016-09-09, 0.50, 0.5017, 0.75, 0.5124, 0.25, 0.75, 0.0, 0.0, 500, 500, 0.0, 0.0, 0.81, 0.81, 0.80, 0.80, 0.81
2016-09-08, 0.50, 0.5007, 0.75, 0.5075, 0.25, 0.75, 0.0, 0.0, 500, 500, 0.0, 0.0, 0.81, 0.81, 0.80, 0.80, 0.81
2016-09-07, 0.50, 0.4977, 0.75, 0.5003, 0.25, 0.75, 0.0, 0.0, 500, 465, 0.0, 67.0, 0.81, 0.81, 0.80, 0.80, 0.81
2016-09-06, 0.50, 0.4967, 0.75, 0.5019, 0.25, 0.75, 0.0, 0.0, 500, 500, 0.0, 333.0, 0.80, 0.81, 0.80, 0.80, 0.81
2016-09-05, 0.50, Bank holiday, 0.75, Bank holiday, 0.25, 0.75, Bank holiday, Bank holiday, Bank holiday, Bank holiday, Bank holiday, Bank holiday, Bank holiday, Bank holiday, Bank holiday, Bank holiday, Bank holiday
2016-09-02, 0.50, 0.5065, 0.75, 0.5125, 0.25, 0.75, 0.0, 0.0, 500, 500, 0.0, 0.0, 0.81, 0.83, 0.81, 0.81, 0.82
2016-09-01, 0.50, 0.5100, 0.75, 0.5126, 0.25, 0.75, 0.0, 0.0, 500, 499, 3000.0, 0.0, 0.80, 0.83, 0.81, 0.81, 0.82
2016-08-31, 0.50, 0.4875, 0.75, 0.4678, 0.25, 0.75, 0.0, 0.0, 500, 500, 0.0, 157.0, 0.81, 0.82, 0.81, 0.81, 0.82
2016-08-30, 0.50, 0.4963, 0.75, 0.4817, 0.25, 0.75, 0.0, 0.0, 500, 302, 0.0, 0.0, 0.83, 0.83, 0.81, 0.81, 0.82
2016-08-29, 0.50, 0.4892, 0.75, 0.4988, 0.25, 0.75, 0.0, 0.0, 500, 500, 0.0, 0.0, 0.83, 0.83, 0.81, 0.81, 0.82
2016-08-26, 0.50, 0.4939, 0.75, 0.4938, 0.25, 0.75, 0.0, 0.0, 500, 500, 0.0, 0.0, 0.82, 0.83, 0.81, 0.81, 0.82
2016-08-25, 0.50, 0.4937, 0.75, 0.4944, 0.25, 0.75, 0.0, 0.0, 500, 500, 0.0, 0.0, 0.82, 0.83, 0.81, 0.81, 0.82
2016-08-24, 0.50, 0.4908, 0.75, 0.4956, 0.25, 0.75, 0.0, 0.0, 500, 500, 0.0, 0.0, 0.82, 0.83, 0.81, 0.81, 0.82
2016-08-23, 0.50, 0.4982, 0.75, 0.5073, 0.25, 0.75, 0.0, 0.0, 500, 412, 0.0, 0.0, 0.82, 0.83, 0.81, 0.81, 0.82
2016-08-22, 0.50, 0.4988, 0.75, 0.5086, 0.25, 0.75, 0.0, 0.0, 500, 500, 0.0, 0.0, 0.82, 0.83, 0.82, 0.82, 0.82
2016-08-19, 0.50, 0.4999, 0.75, 0.5125, 0.25, 0.75, 0.0, 0.0, 500, 500, 0.0, 0.0, 0.82, 0.83, 0.82, 0.82, 0.82
2016-08-18, 0.50, 0.5011, 0.75, 0.5170, 0.25, 0.75, 0.0, 0.0, 500, 500, 2000.0, 0.0, 0.82, 0.83, 0.82, 0.82, 0.82
2016-08-17, 0.50, 0.5006, 0.75, 0.5082, 0.25, 0.75, 0.0, 0.0, 500, 427, 0.0, 0.0, 0.81, 0.83, 0.82, 0.82, 0.82
2016-08-16, 0.50, 0.5006, 0.75, 0.5108, 0.25, 0.75, 0.0, 0.0, 500, 375, 0.0, 0.0, 0.81, 0.83, 0.82, 0.82, 0.82
2016-08-15, 0.50, 0.5046, 0.75, 0.5155, 0.25, 0.75, 1500.0, 0.0, 500, 1426, 0.0, 0.0, 0.81, 0.83, 0.82, 0.82, 0.82
2016-08-12, 0.50, 0.4927, 0.75, 0.5033, 0.25, 0.75, 0.0, 0.0, 500, 500, 0.0, 0.0, 0.81, 0.83, 0.82, 0.82, 0.82
2016-08-11, 0.50, 0.4974, 0.75, 0.5059, 0.25, 0.75, 0.0, 0.0, 500, 500, 0.0, 0.0, 0.82, 0.83, 0.82, 0.82, 0.82
2016-08-10, 0.50, 0.5001, 0.75, 0.5100, 0.25, 0.75, 0.0, 0.0, 500, 206, 0.0, 0.0, 0.82, 0.83, 0.82, 0.82, 0.82
2016-08-09, 0.50, 0.5000, 0.75, 0.5086, 0.25, 0.75, 0.0, 0.0, 500, 500, 0.0, 0.0, 0.82, 0.83, 0.82, 0.82, 0.82
2016-08-08, 0.50, 0.5002, 0.75, 0.5101, 0.25, 0.75, 0.0, 0.0, 500, 500, 0.0, 0.0, 0.82, 0.83, 0.82, 0.82, 0.82
2016-08-05, 0.50, 0.4985, 0.75, 0.5011, 0.25, 0.75, 0.0, 0.0, 500, 82, 0.0, 0.0, 0.82, 0.82, 0.82, 0.82, 0.82
2016-08-04, 0.50, 0.5009, 0.75, 0.5082, 0.25, 0.75, 0.0, 0.0, 500, 534, 3000.0, 0.0, 0.82, 0.82, 0.82, 0.82, 0.82
2016-08-03, 0.50, 0.5122, 0.75, 0.5163, 0.25, 0.75, 1500.0, 0.0, 500, 828, 0.0, 0.0, 0.83, 0.82, 0.82, 0.82, 0.82
2016-08-02, 0.50, 0.5257, 0.75, 0.5455, 0.25, 0.75, 3000.0, 0.0, 500, 2222, 0.0, 0.0, 0.83, 0.83, 0.82, 0.82, 0.82
2016-08-01, 0.50, Bank holiday, 0.75, Bank holiday, 0.25, 0.75, Bank holiday, Bank holiday, 500, 2057, Bank holiday, Bank holiday, Bank holiday, Bank holiday, Bank holiday, Bank holiday, Bank holiday
2016-07-29, 0.50, 0.5239, 0.75, 0.5696, 0.25, 0.75, 2000.0, 0.0, 500, 1541, 0.0, 0.0, 0.84, 0.84, 0.82, 0.82, 0.82
2016-07-28, 0.50, 0.5133, 0.75, 0.5490, 0.25, 0.75, 1500.0, 0.0, 500, 1499, 0.0, 0.0, 0.83, 0.84, 0.82, 0.82, 0.82
2016-07-27, 0.50, 0.5060, 0.75, 0.5383, 0.25, 0.75, 1500.0, 0.0, 500, 1567, 0.0, 0.0, 0.83, 0.83, 0.81, 0.81, 0.81
2016-07-26, 0.50, 0.5190, 0.75, 0.5748, 0.25, 0.75, 2513.0, 0.0, 500, 1831, 0.0, 0.0, 0.82, 0.82, 0.81, 0.81, 0.81
2016-07-25, 0.50, 0.5088, 0.75, 0.5439, 0.25, 0.75, 1500.0, 0.0, 500, 786, 0.0, 0.0, 0.81, 0.82, 0.81, 0.81, 0.81
2016-07-22, 0.50, 0.5026, 0.75, 0.5518, 0.25, 0.75, 1500.0, 0.0, 500, 1187, 0.0, 0.0, 0.81, 0.82, 0.81, 0.81, 0.81
2016-07-21, 0.50, 0.5129, 0.75, 0.5415, 0.25, 0.75, 1500.0, 0.0, 500, 1316, 2000.0, 0.0, 0.81, 0.81, 0.81, 0.81, 0.81
2016-07-20, 0.50, 0.5028, 0.75, 0.5405, 0.25, 0.75, 1400.0, 0.0, 500, 893, 0.0, 0.0, 0.81, 0.81, 0.81, 0.81, 0.81
2016-07-19, 0.50, 0.5017, 0.75, 0.5246, 0.25, 0.75, 1500.0, 0.0, 500, 1332, 0.0, 0.0, 0.81, 0.81, 0.81, 0.81, 0.81
2016-07-18, 0.50, 0.5032, 0.75, 0.5423, 0.25, 0.75, 1500.0, 0.0, 500, 1239, 0.0, 0.0, 0.81, 0.81, 0.80, 0.80, 0.81
2016-07-15, 0.50, 0.5036, 0.75, 0.5274, 0.25, 0.75, 1500.0, 0.0, 500, 1254, 0.0, 0.0, 0.80, 0.81, 0.80, 0.80, 0.81
2016-07-14, 0.50, 0.5026, 0.75, 0.5256, 0.25, 0.75, 0.0, 0.0, 500, 500, 0.0, 0.0, 0.81, 0.81, 0.80, 0.80, 0.81
2016-07-13, 0.50, 0.5047, 0.75, 0.5249, 0.25, 0.75, 0.0, 0.0, 500, 500, 0.0, 0.0, 0.78, 0.81, 0.80, 0.80, 0.81
2016-07-12, 0.50, 0.5005, 0.75, 0.5270, 0.25, 0.75, 0.0, 0.0, 500, 500, 0.0, 0.0, 0.81, 0.80, 0.80, 0.80, 0.81
2016-07-11, 0.50, 0.5037, 0.75, 0.5294, 0.25, 0.75, 0.0, 0.0, 500, 500, 0.0, 0.0, 0.81, 0.80, 0.80, 0.80, 0.81
2016-07-08, 0.50, 0.5043, 0.75, 0.5204, 0.25, 0.75, 0.0, 0.0, 500, 500, 0.0, 0.0, 0.80, 0.80, 0.80, 0.80, 0.81
2016-07-07, 0.50, 0.5014, 0.75, 0.5159, 0.25, 0.75, 0.0, 0.0, 500, 268, 3000.0, 0.0, 0.80, 0.80, 0.80, 0.80, 0.81
2016-07-06, 0.50, 0.5098, 0.75, 0.5231, 0.25, 0.75, 0.0, 0.0, 500, 500, 0.0, 0.0, 0.80, 0.80, 0.80, 0.80, 0.81
2016-07-05, 0.50, 0.5105, 0.75, 0.5231, 0.25, 0.75, 1000.0, 0.0, 500, 500, 0.0, 0.0, 0.82, 0.81, 0.80, 0.80, 0.80
2016-07-04, 0.50, 0.5068, 0.75, 0.5334, 0.25, 0.75, 0.0, 0.0, 500, 500, 0.0, 0.0, 0.80, 0.80, 0.80, 0.80, 0.81
2016-07-01, 0.50, Bank holiday, 0.75, Bank holiday, 0.25, 0.75, Bank holiday, Bank holiday, Bank holiday, Bank holiday, Bank holiday, Bank holiday, Bank holiday, Bank holiday, Bank holiday, Bank holiday, Bank holiday
2016-06-30, 0.50, 0.5187, 0.75, 0.5454, 0.25, 0.75, 1500.0, 0.0, 500, 1646, 0.0, 0.0, 0.80, 0.80, 0.80, 0.80, 0.81
2016-06-29, 0.50, 0.5083, 0.75, 0.5167, 0.25, 0.75, 0.0, 0.0, 500, 500, 0.0, 0.0, 0.80, 0.80, 0.80, 0.80, 0.81